CREATE DATABASE  IF NOT EXISTS `tarjetas` /*!40100 DEFAULT CHARACTER SET utf8 COLLATE utf8_bin */ /*!80016 DEFAULT ENCRYPTION='N' */;
USE `tarjetas`;
-- MySQL dump 10.13  Distrib 8.0.27, for Win64 (x86_64)
--
-- Host: localhost    Database: tarjetas
-- ------------------------------------------------------
-- Server version	8.0.27

/*!40101 SET @OLD_CHARACTER_SET_CLIENT=@@CHARACTER_SET_CLIENT */;
/*!40101 SET @OLD_CHARACTER_SET_RESULTS=@@CHARACTER_SET_RESULTS */;
/*!40101 SET @OLD_COLLATION_CONNECTION=@@COLLATION_CONNECTION */;
/*!50503 SET NAMES utf8 */;
/*!40103 SET @OLD_TIME_ZONE=@@TIME_ZONE */;
/*!40103 SET TIME_ZONE='+00:00' */;
/*!40014 SET @OLD_UNIQUE_CHECKS=@@UNIQUE_CHECKS, UNIQUE_CHECKS=0 */;
/*!40014 SET @OLD_FOREIGN_KEY_CHECKS=@@FOREIGN_KEY_CHECKS, FOREIGN_KEY_CHECKS=0 */;
/*!40101 SET @OLD_SQL_MODE=@@SQL_MODE, SQL_MODE='NO_AUTO_VALUE_ON_ZERO' */;
/*!40111 SET @OLD_SQL_NOTES=@@SQL_NOTES, SQL_NOTES=0 */;

--
-- Table structure for table `documentos`
--

DROP TABLE IF EXISTS `documentos`;
/*!40101 SET @saved_cs_client     = @@character_set_client */;
/*!50503 SET character_set_client = utf8mb4 */;
CREATE TABLE `documentos` (
  `id` int NOT NULL AUTO_INCREMENT,
  `numero` varchar(45) COLLATE utf8_bin NOT NULL,
  `documento` longblob NOT NULL,
  PRIMARY KEY (`id`)
) ENGINE=InnoDB DEFAULT CHARSET=utf8mb3 COLLATE=utf8_bin;
/*!40101 SET character_set_client = @saved_cs_client */;

--
-- Dumping data for table `documentos`
--

LOCK TABLES `documentos` WRITE;
/*!40000 ALTER TABLE `documentos` DISABLE KEYS */;
/*!40000 ALTER TABLE `documentos` ENABLE KEYS */;
UNLOCK TABLES;

--
-- Table structure for table `estados`
--

DROP TABLE IF EXISTS `estados`;
/*!40101 SET @saved_cs_client     = @@character_set_client */;
/*!50503 SET character_set_client = utf8mb4 */;
CREATE TABLE `estados` (
  `id` int NOT NULL AUTO_INCREMENT,
  `nombre` varchar(45) COLLATE utf8_bin NOT NULL,
  PRIMARY KEY (`id`)
) ENGINE=InnoDB AUTO_INCREMENT=9 DEFAULT CHARSET=utf8mb3 COLLATE=utf8_bin;
/*!40101 SET character_set_client = @saved_cs_client */;

--
-- Dumping data for table `estados`
--

LOCK TABLES `estados` WRITE;
/*!40000 ALTER TABLE `estados` DISABLE KEYS */;
INSERT INTO `estados` VALUES (1,'Impresa'),(2,'En Distribución'),(3,'Devuelta'),(4,'En Sucursal'),(5,'Reenvío'),(6,'Enviada a Sucursal'),(7,'Entregada'),(8,'Destruida');
/*!40000 ALTER TABLE `estados` ENABLE KEYS */;
UNLOCK TABLES;

--
-- Table structure for table `motivos`
--

DROP TABLE IF EXISTS `motivos`;
/*!40101 SET @saved_cs_client     = @@character_set_client */;
/*!50503 SET character_set_client = utf8mb4 */;
CREATE TABLE `motivos` (
  `id` int NOT NULL AUTO_INCREMENT,
  `nombre` varchar(45) COLLATE utf8_bin NOT NULL,
  PRIMARY KEY (`id`)
) ENGINE=InnoDB AUTO_INCREMENT=12 DEFAULT CHARSET=utf8mb3 COLLATE=utf8_bin;
/*!40101 SET character_set_client = @saved_cs_client */;

--
-- Dumping data for table `motivos`
--

LOCK TABLES `motivos` WRITE;
/*!40000 ALTER TABLE `motivos` DISABLE KEYS */;
INSERT INTO `motivos` VALUES (1,'Faltan datos'),(2,'Zona no atendida'),(3,'No existe número'),(4,'No existe calle'),(5,'Se mudó'),(6,'Titular desconocido'),(7,'Se negó a recibirlo'),(8,'Tiene 3 visitas'),(9,'Está de vacaciones'),(10,'Falleció el titular'),(11,'Otros');
/*!40000 ALTER TABLE `motivos` ENABLE KEYS */;
UNLOCK TABLES;

--
-- Table structure for table `movimientos`
--

DROP TABLE IF EXISTS `movimientos`;
/*!40101 SET @saved_cs_client     = @@character_set_client */;
/*!50503 SET character_set_client = utf8mb4 */;
CREATE TABLE `movimientos` (
  `id` int NOT NULL AUTO_INCREMENT,
  `fecha` date NOT NULL,
  `tarjeta` int NOT NULL,
  `estado` int NOT NULL,
  `ubicacion` int DEFAULT NULL,
  `operador` int NOT NULL,
  `motivo` int DEFAULT NULL,
  `documento` varchar(50) COLLATE utf8_bin DEFAULT NULL,
  `pieza` int DEFAULT NULL,
  PRIMARY KEY (`id`),
  KEY `fk_tarjeta_idx` (`tarjeta`),
  KEY `fk_ubicacion_idx` (`ubicacion`),
  KEY `fk_operador_idx` (`operador`),
  KEY `fk_motivo_idx` (`motivo`),
  KEY `fk_documento_idx` (`documento`),
  CONSTRAINT `fk_motivo` FOREIGN KEY (`motivo`) REFERENCES `motivos` (`id`),
  CONSTRAINT `fk_operador` FOREIGN KEY (`operador`) REFERENCES `operadores` (`id`),
  CONSTRAINT `fk_ubicacion` FOREIGN KEY (`ubicacion`) REFERENCES `ubicaciones` (`id`)
) ENGINE=InnoDB AUTO_INCREMENT=2558 DEFAULT CHARSET=utf8mb3 COLLATE=utf8_bin;
/*!40101 SET character_set_client = @saved_cs_client */;

--
-- Dumping data for table `movimientos`
--

LOCK TABLES `movimientos` WRITE;
/*!40000 ALTER TABLE `movimientos` DISABLE KEYS */;
INSERT INTO `movimientos` VALUES (6,'2023-11-16',821659,1,NULL,11,NULL,NULL,NULL),(7,'2023-11-17',821660,1,NULL,11,NULL,NULL,NULL),(12,'2023-11-17',333333,1,NULL,11,NULL,NULL,NULL),(13,'2023-11-16',222222,1,NULL,11,NULL,NULL,NULL),(14,'2023-11-17',444444,1,NULL,11,NULL,NULL,NULL),(15,'2023-11-15',111111,1,NULL,11,NULL,NULL,NULL),(16,'2023-11-18',123456,1,NULL,11,NULL,NULL,NULL),(17,'2023-11-18',654321,1,NULL,11,NULL,NULL,NULL),(20,'2023-11-22',888888,1,NULL,11,NULL,NULL,NULL),(21,'2023-11-22',222222,2,29,11,NULL,NULL,NULL),(22,'2023-11-22',888888,2,29,11,NULL,NULL,NULL),(23,'2023-11-22',821659,2,30,11,NULL,NULL,NULL),(34,'2023-11-26',222222,7,NULL,11,NULL,NULL,NULL),(35,'2023-11-26',821659,3,NULL,11,8,NULL,NULL),(36,'2023-12-02',111111,4,19,11,NULL,NULL,NULL),(37,'2023-12-02',444444,4,19,11,NULL,NULL,NULL),(38,'2023-12-04',270206,1,NULL,11,NULL,NULL,NULL),(39,'2023-12-04',270207,1,NULL,11,NULL,NULL,NULL),(40,'2023-12-05',270206,2,30,11,NULL,NULL,NULL),(41,'2023-12-05',270207,2,30,11,NULL,NULL,NULL),(42,'2023-12-05',821660,2,33,11,NULL,NULL,NULL),(43,'2024-01-09',333333,2,31,11,NULL,'R00000001.pdf',NULL),(44,'2024-01-09',654321,2,31,11,NULL,'R00000001.pdf',NULL),(45,'2024-01-09',123456,2,32,11,NULL,'R00000001.pdf',NULL),(46,'2024-01-09',821659,8,17,11,NULL,NULL,NULL),(47,'2023-12-17',113336,1,NULL,11,NULL,NULL,NULL),(48,'2024-01-18',113336,2,29,11,NULL,'R00000002.pdf',NULL),(49,'2024-01-17',555555,1,NULL,11,NULL,NULL,NULL),(50,'2024-01-18',555555,2,30,11,NULL,'R00000003.pdf',NULL),(51,'2024-01-30',143203,1,NULL,11,NULL,NULL,NULL),(53,'2024-02-21',113336,3,29,11,1,'A0001.pdf',NULL),(54,'2024-02-21',888888,7,29,11,NULL,'A0001.pdf',NULL),(55,'2024-02-23',111111,5,17,11,NULL,NULL,NULL),(56,'2024-02-23',444444,6,24,11,NULL,NULL,NULL),(57,'2024-02-23',444444,4,24,11,NULL,NULL,NULL),(58,'2024-02-23',113336,6,18,11,NULL,NULL,NULL),(59,'2024-02-23',821660,7,33,11,NULL,'V0001.pdf',NULL),(60,'2024-02-23',333333,3,31,11,9,'C0001.pdf',NULL),(61,'2024-02-23',333333,6,20,11,NULL,NULL,NULL),(62,'2024-02-23',333333,4,20,11,NULL,NULL,NULL),(63,'2024-02-23',111111,2,29,11,NULL,'R00000004.pdf',NULL),(64,'2023-01-03',756914,1,NULL,72,NULL,NULL,1792996),(65,'2023-01-03',767920,1,NULL,72,NULL,NULL,1793002),(66,'2023-01-03',849639,1,NULL,72,NULL,NULL,1793010),(67,'2023-01-03',768746,1,NULL,72,NULL,NULL,1793017),(68,'2023-01-05',712204,1,NULL,72,NULL,NULL,1793033),(69,'2023-01-09',627406,1,NULL,72,NULL,NULL,1793067),(70,'2023-01-11',839729,1,NULL,72,NULL,NULL,1793214),(71,'2023-01-13',852967,1,NULL,72,NULL,NULL,1793241),(72,'2023-01-13',855692,1,NULL,72,NULL,NULL,1793242),(73,'2023-01-14',839309,1,NULL,72,NULL,NULL,1793266),(74,'2023-01-16',738564,1,NULL,70,NULL,NULL,1793274),(75,'2023-01-17',855904,1,NULL,70,NULL,NULL,1793293),(76,'2023-01-17',855888,1,NULL,70,NULL,NULL,1793302),(77,'2023-01-18',795649,1,NULL,70,NULL,NULL,1793311),(78,'2023-01-18',750565,1,NULL,70,NULL,NULL,1793315),(79,'2023-01-18',796246,1,NULL,70,NULL,NULL,1793316),(80,'2023-01-19',832468,1,NULL,70,NULL,NULL,1793354),(81,'2023-01-23',855934,1,NULL,72,NULL,NULL,1793387),(82,'2023-01-25',731162,1,NULL,72,NULL,NULL,1793396),(83,'2023-01-30',844991,1,NULL,70,NULL,NULL,1793455),(84,'2023-01-31',729670,1,NULL,70,NULL,NULL,1793476),(85,'2023-01-31',855965,1,NULL,70,NULL,NULL,1793480),(86,'2023-02-01',701886,1,NULL,70,NULL,NULL,1793488),(87,'2023-02-01',626794,1,NULL,70,NULL,NULL,1793491),(88,'2023-02-01',849213,1,NULL,70,NULL,NULL,1793493),(89,'2023-02-03',302658,1,NULL,72,NULL,NULL,1793509),(90,'2023-02-03',744980,1,NULL,72,NULL,NULL,1793519),(91,'2023-02-06',732857,1,NULL,72,NULL,NULL,1793543),(92,'2023-02-08',703175,1,NULL,72,NULL,NULL,1793568),(93,'2023-02-09',855996,1,NULL,72,NULL,NULL,1793609),(94,'2023-02-10',757941,1,NULL,70,NULL,NULL,1793634),(95,'2023-02-13',856020,1,NULL,70,NULL,NULL,1793643),(96,'2023-02-13',856019,1,NULL,70,NULL,NULL,1793653),(97,'2023-02-14',856027,1,NULL,70,NULL,NULL,1793662),(98,'2023-02-15',701353,1,NULL,70,NULL,NULL,1793795),(99,'2023-02-22',856058,1,NULL,70,NULL,NULL,1793841),(100,'2023-02-22',845613,1,NULL,70,NULL,NULL,1793844),(101,'2023-02-23',856073,1,NULL,72,NULL,NULL,1793877),(102,'2023-02-27',758720,1,NULL,70,NULL,NULL,1793886),(103,'2023-02-27',848491,1,NULL,70,NULL,NULL,1793895),(104,'2023-03-01',741614,1,NULL,72,NULL,NULL,1793959),(105,'2023-03-01',856097,1,NULL,72,NULL,NULL,1793967),(106,'2023-03-01',722134,1,NULL,72,NULL,NULL,1793971),(107,'2023-03-01',839447,1,NULL,72,NULL,NULL,1793972),(108,'2023-03-03',856118,1,NULL,72,NULL,NULL,1794007),(109,'2023-03-03',766107,1,NULL,72,NULL,NULL,1794008),(110,'2023-03-03',141413,1,NULL,72,NULL,NULL,1794012),(111,'2023-03-03',736229,1,NULL,72,NULL,NULL,1794013),(112,'2023-03-03',733118,1,NULL,72,NULL,NULL,1794030),(113,'2023-03-06',138473,1,NULL,72,NULL,NULL,1794031),(114,'2023-03-06',765922,1,NULL,72,NULL,NULL,1794038),(115,'2023-03-06',851896,1,NULL,72,NULL,NULL,1794047),(116,'2023-03-06',856130,1,NULL,72,NULL,NULL,1794051),(117,'2023-03-06',856130,1,NULL,72,NULL,NULL,1794052),(118,'2023-03-07',152565,1,NULL,72,NULL,NULL,1794166),(119,'2023-03-08',174705,1,NULL,72,NULL,NULL,1794179),(120,'2023-03-08',785209,1,NULL,72,NULL,NULL,1794188),(121,'2023-03-08',856137,1,NULL,72,NULL,NULL,1794189),(122,'2023-03-09',753379,1,NULL,72,NULL,NULL,1794211),(123,'2023-03-13',856100,1,NULL,70,NULL,NULL,1794216),(124,'2023-03-13',822495,1,NULL,70,NULL,NULL,1794222),(125,'2023-03-13',771634,1,NULL,70,NULL,NULL,1794226),(126,'2023-03-13',501169,1,NULL,70,NULL,NULL,1794241),(127,'2023-03-15',312045,1,NULL,70,NULL,NULL,1794272),(128,'2023-03-15',856182,1,NULL,70,NULL,NULL,1794290),(129,'2023-03-15',855336,1,NULL,70,NULL,NULL,1794291),(130,'2023-03-16',848773,1,NULL,70,NULL,NULL,1794301),(131,'2023-03-17',856190,1,NULL,72,NULL,NULL,1794311),(132,'2023-03-20',856194,1,NULL,72,NULL,NULL,1794341),(133,'2023-03-21',856204,1,NULL,72,NULL,NULL,1794353),(134,'2023-03-22',828587,1,NULL,72,NULL,NULL,1794355),(135,'2023-03-22',856201,1,NULL,72,NULL,NULL,1794358),(136,'2023-03-22',776122,1,NULL,72,NULL,NULL,1794359),(137,'2023-03-22',856208,1,NULL,72,NULL,NULL,1794364),(138,'2023-03-23',730870,1,NULL,72,NULL,NULL,1794376),(139,'2023-03-27',766278,1,NULL,70,NULL,NULL,1794392),(140,'2023-03-29',779372,1,NULL,70,NULL,NULL,1794433),(141,'2023-04-05',309469,1,NULL,70,NULL,NULL,1794513),(142,'2023-04-05',605449,1,NULL,70,NULL,NULL,1794516),(143,'2023-04-10',856285,1,NULL,70,NULL,NULL,1794551),(144,'2023-04-10',856285,1,NULL,70,NULL,NULL,1794552),(145,'2023-04-10',175633,1,NULL,70,NULL,NULL,1794563),(146,'2023-04-11',855419,1,NULL,70,NULL,NULL,1794704),(147,'2023-04-12',744539,1,NULL,70,NULL,NULL,1794760),(148,'2023-04-14',820888,1,NULL,70,NULL,NULL,1794829),(149,'2023-04-14',726916,1,NULL,70,NULL,NULL,1794835),(150,'2023-04-14',195870,1,NULL,70,NULL,NULL,1794846),(151,'2023-04-17',187877,1,NULL,70,NULL,NULL,1794861),(152,'2023-04-17',853602,1,NULL,70,NULL,NULL,1794866),(153,'2023-04-18',856135,1,NULL,72,NULL,NULL,1794916),(154,'2023-04-19',855516,1,NULL,72,NULL,NULL,1794930),(155,'2023-04-19',773682,1,NULL,72,NULL,NULL,1794951),(156,'2023-04-19',768917,1,NULL,72,NULL,NULL,1794952),(157,'2023-04-20',849606,1,NULL,72,NULL,NULL,1795048),(158,'2023-04-25',815797,1,NULL,70,NULL,NULL,1795110),(159,'2023-04-26',856434,1,NULL,70,NULL,NULL,1795146),(160,'2023-04-26',856430,1,NULL,70,NULL,NULL,1795151),(161,'2023-05-02',104288,1,NULL,72,NULL,NULL,1795316),(162,'2023-05-02',852207,1,NULL,72,NULL,NULL,1795353),(163,'2023-05-02',856506,1,NULL,72,NULL,NULL,1795371),(164,'2023-05-03',854593,1,NULL,72,NULL,NULL,1795403),(165,'2023-05-09',134177,1,NULL,70,NULL,NULL,1795494),(166,'2023-05-09',705844,1,NULL,70,NULL,NULL,1795528),(167,'2023-05-09',301495,1,NULL,70,NULL,NULL,1795530),(168,'2023-05-09',611853,1,NULL,70,NULL,NULL,1795537),(169,'2023-05-10',633656,1,NULL,72,NULL,NULL,1795563),(170,'2023-05-16',803685,1,NULL,70,NULL,NULL,1795736),(171,'2023-05-19',829829,1,NULL,70,NULL,NULL,1795904),(172,'2023-05-22',824011,1,NULL,70,NULL,NULL,1795950),(173,'2023-05-23',856649,1,NULL,70,NULL,NULL,1796003),(174,'2023-05-29',791159,1,NULL,70,NULL,NULL,1796012),(175,'2023-05-29',850370,1,NULL,70,NULL,NULL,1796050),(176,'2023-05-29',856676,1,NULL,70,NULL,NULL,1796055),(177,'2023-05-29',856674,1,NULL,70,NULL,NULL,1796078),(178,'2023-05-29',856675,1,NULL,70,NULL,NULL,1796079),(179,'2023-05-30',856703,1,NULL,70,NULL,NULL,1796121),(180,'2023-05-30',25274,1,NULL,70,NULL,NULL,1796122),(181,'2023-05-31',837055,1,NULL,70,NULL,NULL,1796133),(182,'2023-05-31',856714,1,NULL,70,NULL,NULL,1796135),(183,'2023-05-31',856701,1,NULL,70,NULL,NULL,1796140),(184,'2023-05-31',109068,1,NULL,70,NULL,NULL,1796151),(185,'2023-05-31',141399,1,NULL,70,NULL,NULL,1796161),(186,'2023-06-01',856729,1,NULL,70,NULL,NULL,1796205),(187,'2023-06-02',140431,1,NULL,70,NULL,NULL,1796207),(188,'2023-06-02',102017,1,NULL,70,NULL,NULL,1796221),(189,'2023-06-06',856760,1,NULL,70,NULL,NULL,1796449),(190,'2023-06-07',709930,1,NULL,70,NULL,NULL,1796453),(191,'2023-06-07',726003,1,NULL,70,NULL,NULL,1796474),(192,'2023-06-09',849762,1,NULL,70,NULL,NULL,1796547),(193,'2023-06-12',793008,1,NULL,70,NULL,NULL,1796556),(194,'2023-06-12',831138,1,NULL,70,NULL,NULL,1796563),(195,'2023-06-12',739449,1,NULL,70,NULL,NULL,1796570),(196,'2023-06-13',851732,1,NULL,70,NULL,NULL,1796591),(197,'2023-06-14',856820,1,NULL,70,NULL,NULL,1796593),(198,'2023-06-21',773480,1,NULL,72,NULL,NULL,1796759),(199,'2023-06-21',856858,1,NULL,72,NULL,NULL,1796774),(200,'2023-06-21',848697,1,NULL,72,NULL,NULL,1796791),(201,'2023-06-22',158741,1,NULL,70,NULL,NULL,1796824),(202,'2023-06-23',839661,1,NULL,70,NULL,NULL,1796868),(203,'2023-06-26',856910,1,NULL,70,NULL,NULL,1796904),(204,'2023-06-27',856922,1,NULL,70,NULL,NULL,1796926),(205,'2023-06-27',145466,1,NULL,70,NULL,NULL,1796938),(206,'2023-06-28',856932,1,NULL,70,NULL,NULL,1796942),(207,'2023-06-28',188716,1,NULL,70,NULL,NULL,1796972),(208,'2023-07-03',736036,1,NULL,72,NULL,NULL,1797107),(209,'2023-07-07',857031,1,NULL,70,NULL,NULL,1797362),(210,'2023-07-07',500749,1,NULL,70,NULL,NULL,1797366),(211,'2023-07-10',113153,1,NULL,70,NULL,NULL,1797403),(212,'2023-07-10',857035,1,NULL,70,NULL,NULL,1797407),(213,'2023-07-12',183488,1,NULL,70,NULL,NULL,1797477),(214,'2023-07-12',715869,1,NULL,70,NULL,NULL,1797478),(215,'2023-07-12',857068,1,NULL,70,NULL,NULL,1797498),(216,'2023-07-14',168786,1,NULL,70,NULL,NULL,1797555),(217,'2023-07-14',760676,1,NULL,70,NULL,NULL,1797563),(218,'2023-07-14',857077,1,NULL,70,NULL,NULL,1797586),(219,'2023-07-14',857097,1,NULL,70,NULL,NULL,1797593),(220,'2023-07-25',731539,1,NULL,70,NULL,NULL,1797821),(221,'2023-07-25',857171,1,NULL,70,NULL,NULL,1797829),(222,'2023-07-25',857168,1,NULL,70,NULL,NULL,1797846),(223,'2023-07-25',846676,1,NULL,70,NULL,NULL,1797870),(224,'2023-07-25',857178,1,NULL,70,NULL,NULL,1797874),(225,'2023-07-25',846497,1,NULL,70,NULL,NULL,1797876),(226,'2023-07-25',846728,1,NULL,70,NULL,NULL,1797877),(227,'2023-07-25',857177,1,NULL,70,NULL,NULL,1797879),(228,'2023-07-25',855451,1,NULL,70,NULL,NULL,1797880),(229,'2023-07-26',710738,1,NULL,70,NULL,NULL,1797897),(230,'2023-07-26',819940,1,NULL,70,NULL,NULL,1797898),(231,'2023-07-27',788909,1,NULL,70,NULL,NULL,1797965),(232,'2023-07-27',857205,1,NULL,70,NULL,NULL,1797988),(233,'2023-07-27',852521,1,NULL,70,NULL,NULL,1797989),(234,'2023-07-27',857213,1,NULL,70,NULL,NULL,1797990),(235,'2023-07-28',751367,1,NULL,72,NULL,NULL,1797991),(236,'2023-07-31',825232,1,NULL,72,NULL,NULL,1798030),(237,'2023-07-31',766708,1,NULL,72,NULL,NULL,1798049),(238,'2023-07-31',857230,1,NULL,72,NULL,NULL,1798052),(239,'2023-07-31',848980,1,NULL,72,NULL,NULL,1798070),(240,'2023-07-31',779474,1,NULL,72,NULL,NULL,1798081),(241,'2023-08-02',173785,1,NULL,72,NULL,NULL,1798138),(242,'2023-08-02',770652,1,NULL,72,NULL,NULL,1798141),(243,'2023-08-03',857265,1,NULL,70,NULL,NULL,1798364),(244,'2023-08-04',305732,1,NULL,72,NULL,NULL,1798372),(245,'2023-08-04',855561,1,NULL,72,NULL,NULL,1798378),(246,'2023-08-04',750457,1,NULL,72,NULL,NULL,1798379),(247,'2023-08-04',845981,1,NULL,72,NULL,NULL,1798399),(248,'2023-08-04',734672,1,NULL,72,NULL,NULL,1798421),(249,'2023-08-07',180116,1,NULL,70,NULL,NULL,1798480),(250,'2023-08-07',180116,1,NULL,70,NULL,NULL,1798481),(251,'2023-08-08',132583,1,NULL,72,NULL,NULL,1798514),(252,'2023-08-08',854300,1,NULL,72,NULL,NULL,1798516),(253,'2023-08-09',796499,1,NULL,70,NULL,NULL,1798533),(254,'2023-08-09',767052,1,NULL,70,NULL,NULL,1798561),(255,'2023-08-09',851490,1,NULL,70,NULL,NULL,1798567),(256,'2023-08-11',763560,1,NULL,70,NULL,NULL,1798596),(257,'2023-08-11',705886,1,NULL,70,NULL,NULL,1798621),(258,'2023-08-11',715753,1,NULL,70,NULL,NULL,1798626),(259,'2023-08-11',786049,1,NULL,70,NULL,NULL,1798638),(260,'2023-08-11',791461,1,NULL,70,NULL,NULL,1798640),(261,'2023-08-14',857350,1,NULL,72,NULL,NULL,1798648),(262,'2023-08-14',106628,1,NULL,72,NULL,NULL,1798675),(263,'2023-08-14',106628,1,NULL,72,NULL,NULL,1798676),(264,'2023-08-14',814636,1,NULL,72,NULL,NULL,1798702),(265,'2023-08-16',187098,1,NULL,72,NULL,NULL,1798771),(266,'2023-08-18',725226,1,NULL,72,NULL,NULL,1798814),(267,'2023-08-18',809619,1,NULL,72,NULL,NULL,1798835),(268,'2023-08-22',851561,1,NULL,70,NULL,NULL,1798856),(269,'2023-08-22',857408,1,NULL,70,NULL,NULL,1798868),(270,'2023-08-22',153689,1,NULL,70,NULL,NULL,1798870),(271,'2023-08-22',798371,1,NULL,70,NULL,NULL,1798877),(272,'2023-08-23',857442,1,NULL,70,NULL,NULL,1798927),(273,'2023-08-23',857442,1,NULL,70,NULL,NULL,1798930),(274,'2023-08-25',136716,1,NULL,70,NULL,NULL,1798941),(275,'2023-08-25',841880,1,NULL,70,NULL,NULL,1798946),(276,'2023-08-25',757326,1,NULL,70,NULL,NULL,1798973),(277,'2023-08-25',857447,1,NULL,70,NULL,NULL,1798977),(278,'2023-08-26',857476,1,NULL,70,NULL,NULL,1798994),(279,'2023-08-28',764843,1,NULL,72,NULL,NULL,1799025),(280,'2023-08-28',160402,1,NULL,72,NULL,NULL,1799032),(281,'2023-08-28',852370,1,NULL,72,NULL,NULL,1799053),(282,'2023-08-28',121739,1,NULL,72,NULL,NULL,1799058),(283,'2023-08-29',20757,1,NULL,72,NULL,NULL,1799091),(284,'2023-08-30',857514,1,NULL,70,NULL,NULL,1799118),(285,'2023-08-30',857519,1,NULL,70,NULL,NULL,1799130),(286,'2023-08-30',857523,1,NULL,70,NULL,NULL,1799133),(287,'2023-08-30',855451,1,NULL,70,NULL,NULL,1799174),(288,'2023-09-01',160064,1,NULL,72,NULL,NULL,1799235),(289,'2023-09-01',857529,1,NULL,72,NULL,NULL,1799279),(290,'2023-09-01',857557,1,NULL,72,NULL,NULL,1799295),(291,'2023-09-01',857566,1,NULL,72,NULL,NULL,1799301),(292,'2023-09-01',857567,1,NULL,72,NULL,NULL,1799302),(293,'2023-09-04',857582,1,NULL,70,NULL,NULL,1799307),(294,'2023-09-05',621406,1,NULL,70,NULL,NULL,1799529),(295,'2023-09-05',779172,1,NULL,70,NULL,NULL,1799537),(296,'2023-09-07',857616,1,NULL,70,NULL,NULL,1799578),(297,'2023-09-07',713648,1,NULL,70,NULL,NULL,1799582),(298,'2023-09-08',751147,1,NULL,70,NULL,NULL,1799612),(299,'2023-09-08',744244,1,NULL,70,NULL,NULL,1799614),(300,'2023-09-08',763206,1,NULL,70,NULL,NULL,1799615),(301,'2023-09-11',152600,1,NULL,70,NULL,NULL,1799665),(302,'2023-09-11',817384,1,NULL,70,NULL,NULL,1799683),(303,'2023-09-11',857638,1,NULL,70,NULL,NULL,1799690),(304,'2023-09-11',17203,1,NULL,70,NULL,NULL,1799707),(305,'2023-09-13',847439,1,NULL,72,NULL,NULL,1799752),(306,'2023-09-13',510555,1,NULL,72,NULL,NULL,1799756),(307,'2023-09-15',849458,1,NULL,72,NULL,NULL,1799967),(308,'2023-09-19',857725,1,NULL,72,NULL,NULL,1800038),(309,'2023-09-19',629356,1,NULL,72,NULL,NULL,1800042),(310,'2023-09-20',181269,1,NULL,70,NULL,NULL,1800054),(311,'2023-09-20',191278,1,NULL,70,NULL,NULL,1800087),(312,'2023-09-20',857742,1,NULL,70,NULL,NULL,1800089),(313,'2023-09-22',857766,1,NULL,70,NULL,NULL,1800129),(314,'2023-09-27',831540,1,NULL,72,NULL,NULL,1800219),(315,'2023-09-27',857789,1,NULL,72,NULL,NULL,1800220),(316,'2023-09-27',857796,1,NULL,72,NULL,NULL,1800227),(317,'2023-09-27',166528,1,NULL,72,NULL,NULL,1800265),(318,'2023-09-27',506736,1,NULL,72,NULL,NULL,1800267),(319,'2023-09-27',812157,1,NULL,72,NULL,NULL,1800268),(320,'2023-09-29',705178,1,NULL,72,NULL,NULL,1800336),(321,'2023-09-29',146701,1,NULL,72,NULL,NULL,1800368),(322,'2023-10-02',27756,1,NULL,70,NULL,NULL,1800373),(323,'2023-10-02',123144,1,NULL,70,NULL,NULL,1800375),(324,'2023-10-03',715753,1,NULL,72,NULL,NULL,1800454),(325,'2023-10-03',857819,1,NULL,72,NULL,NULL,1800466),(326,'2023-10-04',65273,1,NULL,70,NULL,NULL,1800705),(327,'2023-10-05',810320,1,NULL,70,NULL,NULL,1800719),(328,'2023-10-06',857935,1,NULL,70,NULL,NULL,1800739),(329,'2023-10-09',857945,1,NULL,72,NULL,NULL,1800752),(330,'2023-10-10',849013,1,NULL,72,NULL,NULL,1800785),(331,'2023-10-10',849013,1,NULL,72,NULL,NULL,1800786),(332,'2023-10-12',103200,1,NULL,72,NULL,NULL,1800848),(333,'2023-10-17',857996,1,NULL,72,NULL,NULL,1800857),(334,'2023-10-17',830500,1,NULL,72,NULL,NULL,1800893),(335,'2023-10-17',797789,1,NULL,72,NULL,NULL,1800898),(336,'2023-10-18',852108,1,NULL,70,NULL,NULL,1800977),(337,'2023-10-19',858051,1,NULL,70,NULL,NULL,1800983),(338,'2023-10-19',116252,1,NULL,70,NULL,NULL,1800987),(339,'2023-10-19',858060,1,NULL,70,NULL,NULL,1801025),(340,'2023-10-19',858061,1,NULL,72,NULL,NULL,1801037),(341,'2023-10-20',745578,1,NULL,70,NULL,NULL,1801041),(342,'2023-10-25',838885,1,NULL,72,NULL,NULL,1801077),(343,'2023-10-25',182830,1,NULL,72,NULL,NULL,1801107),(344,'2023-10-25',28133,1,NULL,72,NULL,NULL,1801111),(345,'2023-10-27',858110,1,NULL,72,NULL,NULL,1801150),(346,'2023-10-27',611073,1,NULL,72,NULL,NULL,1801179),(347,'2023-10-31',858205,1,NULL,72,NULL,NULL,1801335),(348,'2023-11-01',786460,1,NULL,70,NULL,NULL,1801362),(349,'2023-11-01',858204,1,NULL,70,NULL,NULL,1801370),(350,'2023-11-01',857754,1,NULL,70,NULL,NULL,1801371),(351,'2023-11-01',858203,1,NULL,70,NULL,NULL,1801373),(352,'2023-11-01',608559,1,NULL,70,NULL,NULL,1801386),(353,'2023-11-01',858208,1,NULL,70,NULL,NULL,1801392),(354,'2023-11-01',764850,1,NULL,70,NULL,NULL,1801410),(355,'2023-11-02',857978,1,NULL,70,NULL,NULL,1801443),(356,'2023-11-03',808206,1,NULL,70,NULL,NULL,1801458),(357,'2023-11-06',858252,1,NULL,72,NULL,NULL,1801485),(358,'2023-11-06',846606,1,NULL,72,NULL,NULL,1801486),(359,'2023-11-06',858253,1,NULL,72,NULL,NULL,1801489),(360,'2023-11-08',858303,1,NULL,72,NULL,NULL,1801702),(361,'2023-11-08',605075,1,NULL,72,NULL,NULL,1801718),(362,'2023-11-09',764678,1,NULL,70,NULL,NULL,1801757),(363,'2023-11-09',855045,1,NULL,70,NULL,NULL,1801761),(364,'2023-11-10',858313,1,NULL,72,NULL,NULL,1801765),(365,'2023-11-10',630155,1,NULL,72,NULL,NULL,1801767),(366,'2023-11-10',817478,1,NULL,72,NULL,NULL,1801771),(367,'2023-11-13',855354,1,NULL,70,NULL,NULL,1801966),(368,'2023-11-13',98328,1,NULL,70,NULL,NULL,1801981),(369,'2023-11-15',804276,1,NULL,70,NULL,NULL,1802023),(370,'2023-11-15',761364,1,NULL,70,NULL,NULL,1802027),(371,'2023-11-16',851836,1,NULL,70,NULL,NULL,1802042),(372,'2023-11-16',852877,1,NULL,70,NULL,NULL,1802043),(373,'2023-11-16',858391,1,NULL,70,NULL,NULL,1802047),(374,'2023-11-16',858092,1,NULL,70,NULL,NULL,1802048),(375,'2023-11-21',858456,1,NULL,72,NULL,NULL,1802113),(376,'2023-11-22',858458,1,NULL,72,NULL,NULL,1802189),(377,'2023-11-22',797711,1,NULL,72,NULL,NULL,1802199),(378,'2023-11-22',797711,1,NULL,72,NULL,NULL,1802200),(379,'2023-11-25',300492,1,NULL,70,NULL,NULL,1802256),(380,'2023-11-25',858513,1,NULL,70,NULL,NULL,1802260),(381,'2023-11-25',827532,1,NULL,70,NULL,NULL,1802313),(382,'2023-11-29',706016,1,NULL,72,NULL,NULL,1802404),(383,'2023-11-29',858633,1,NULL,72,NULL,NULL,1802407),(384,'2023-11-29',858396,1,NULL,72,NULL,NULL,1802447),(385,'2023-11-29',803279,1,NULL,72,NULL,NULL,1802480),(386,'2023-11-29',803279,1,NULL,72,NULL,NULL,1802481),(387,'2023-11-29',858640,1,NULL,72,NULL,NULL,1802483),(388,'2023-11-30',734438,1,NULL,70,NULL,NULL,1802567),(389,'2023-12-01',858692,1,NULL,70,NULL,NULL,1802591),(390,'2023-12-02',858683,1,NULL,72,NULL,NULL,1802635),(391,'2023-12-02',858701,1,NULL,72,NULL,NULL,1802645),(392,'2023-12-02',848098,1,NULL,72,NULL,NULL,1802652),(393,'2023-12-02',858699,1,NULL,72,NULL,NULL,1802669),(394,'2023-12-04',630873,1,NULL,72,NULL,NULL,1802681),(395,'2023-12-05',819090,1,NULL,72,NULL,NULL,1802744),(396,'2023-12-05',853164,1,NULL,72,NULL,NULL,1802810),(397,'2023-12-07',311747,1,NULL,70,NULL,NULL,1802894),(398,'2023-12-07',858726,1,NULL,70,NULL,NULL,1802910),(399,'2023-12-12',858766,1,NULL,72,NULL,NULL,1802920),(400,'2023-12-12',858790,1,NULL,72,NULL,NULL,1802930),(401,'2023-12-12',858737,1,NULL,72,NULL,NULL,1802943),(402,'2023-12-12',850292,1,NULL,72,NULL,NULL,1802974),(403,'2023-12-13',858761,1,NULL,72,NULL,NULL,1803004),(404,'2023-12-13',836545,1,NULL,72,NULL,NULL,1803014),(405,'2023-12-13',200139,1,NULL,72,NULL,NULL,1803035),(406,'2023-12-13',15050,1,NULL,72,NULL,NULL,1803060),(407,'2023-12-13',858807,1,NULL,72,NULL,NULL,1803064),(408,'2023-12-13',603165,1,NULL,72,NULL,NULL,1803085),(409,'2023-12-13',779498,1,NULL,72,NULL,NULL,1803098),(410,'2023-12-15',314188,1,NULL,72,NULL,NULL,1803119),(411,'2023-12-15',858832,1,NULL,72,NULL,NULL,1803141),(412,'2023-12-15',858823,1,NULL,72,NULL,NULL,1803147),(413,'2023-12-15',858821,1,NULL,72,NULL,NULL,1803154),(414,'2023-12-18',796813,1,NULL,72,NULL,NULL,1803158),(415,'2023-12-18',858869,1,NULL,72,NULL,NULL,1803162),(416,'2023-12-18',858845,1,NULL,72,NULL,NULL,1803229),(417,'2023-12-20',715915,1,NULL,72,NULL,NULL,1803318),(418,'2023-12-23',850752,1,NULL,70,NULL,NULL,1803385),(419,'2023-12-23',859003,1,NULL,70,NULL,NULL,1803426),(420,'2023-12-23',858979,1,NULL,70,NULL,NULL,1803439),(421,'2023-12-23',858991,1,NULL,70,NULL,NULL,1803447),(422,'2023-12-23',770634,1,NULL,70,NULL,NULL,1803478),(423,'2023-12-26',859018,1,NULL,72,NULL,NULL,1803492),(424,'2023-12-26',859005,1,NULL,72,NULL,NULL,1803503),(425,'2023-12-26',859007,1,NULL,72,NULL,NULL,1803504),(426,'2023-12-27',854415,1,NULL,72,NULL,NULL,1803556),(427,'2023-12-28',575025,1,NULL,72,NULL,NULL,1803591),(428,'2023-12-29',309713,1,NULL,72,NULL,NULL,1803608),(429,'2023-12-29',859058,1,NULL,72,NULL,NULL,1803612),(430,'2023-12-29',859049,1,NULL,72,NULL,NULL,1803619),(431,'2023-12-29',859060,1,NULL,72,NULL,NULL,1803620),(432,'2024-01-02',118646,1,NULL,72,NULL,NULL,1803674),(433,'2024-01-02',859043,1,NULL,72,NULL,NULL,1803712),(434,'2024-01-02',114672,1,NULL,72,NULL,NULL,1803713),(435,'2024-01-03',859132,1,NULL,72,NULL,NULL,1803722),(436,'2024-01-03',850040,1,NULL,72,NULL,NULL,1803733),(437,'2024-01-03',114994,1,NULL,72,NULL,NULL,1803735),(438,'2024-01-03',158625,1,NULL,72,NULL,NULL,1803742),(439,'2024-01-03',306214,1,NULL,72,NULL,NULL,1803760),(440,'2024-01-03',859127,1,NULL,72,NULL,NULL,1803761),(441,'2024-01-03',306214,1,NULL,70,NULL,NULL,1803803),(442,'2024-01-03',859101,1,NULL,70,NULL,NULL,1803809),(443,'2024-01-04',858827,1,NULL,72,NULL,NULL,1803838),(444,'2024-01-04',612212,1,NULL,70,NULL,NULL,1803911),(445,'2024-01-06',859155,1,NULL,70,NULL,NULL,1803938),(446,'2024-01-06',859155,1,NULL,70,NULL,NULL,1803939),(447,'2024-01-06',851848,1,NULL,70,NULL,NULL,1803941),(448,'2024-01-06',802098,1,NULL,70,NULL,NULL,1803954),(449,'2024-01-06',859157,1,NULL,70,NULL,NULL,1803955),(450,'2024-01-08',859170,1,NULL,70,NULL,NULL,1804049),(451,'2024-01-09',114749,1,NULL,70,NULL,NULL,1804095),(452,'2024-01-10',859180,1,NULL,70,NULL,NULL,1804098),(453,'2024-01-10',859192,1,NULL,70,NULL,NULL,1804099),(454,'2024-01-10',142182,1,NULL,70,NULL,NULL,1804147),(455,'2024-01-12',859228,1,NULL,70,NULL,NULL,1804164),(456,'2024-01-12',800117,1,NULL,70,NULL,NULL,1804166),(457,'2024-01-12',151424,1,NULL,70,NULL,NULL,1804167),(458,'2024-01-12',859215,1,NULL,70,NULL,NULL,1804177),(459,'2024-01-12',859229,1,NULL,70,NULL,NULL,1804212),(460,'2024-01-16',515698,1,NULL,35,NULL,NULL,1804327),(461,'2024-01-19',859334,1,NULL,35,NULL,NULL,1804394),(462,'2024-01-19',165785,1,NULL,35,NULL,NULL,1804403),(463,'2024-01-19',101367,1,NULL,72,NULL,NULL,1804438),(464,'2024-01-19',503164,1,NULL,72,NULL,NULL,1804456),(465,'2024-01-22',775644,1,NULL,35,NULL,NULL,1804466),(466,'2024-01-22',859340,1,NULL,35,NULL,NULL,1804493),(467,'2024-01-23',859319,1,NULL,70,NULL,NULL,1804497),(468,'2024-01-23',859341,1,NULL,70,NULL,NULL,1804498),(469,'2024-01-23',859332,1,NULL,70,NULL,NULL,1804502),(470,'2024-01-23',859392,1,NULL,70,NULL,NULL,1804503),(471,'2024-01-23',752319,1,NULL,70,NULL,NULL,1804504),(472,'2024-01-23',752319,1,NULL,70,NULL,NULL,1804505),(473,'2024-01-23',859431,1,NULL,70,NULL,NULL,1804511),(474,'2024-01-23',782096,1,NULL,70,NULL,NULL,1804513),(475,'2024-01-23',859367,1,NULL,70,NULL,NULL,1804527),(476,'2024-01-23',859404,1,NULL,70,NULL,NULL,1804531),(477,'2024-01-23',857287,1,NULL,70,NULL,NULL,1804536),(478,'2024-01-23',726187,1,NULL,70,NULL,NULL,1804538),(479,'2024-01-23',859285,1,NULL,70,NULL,NULL,1804547),(480,'2024-01-23',859358,1,NULL,70,NULL,NULL,1804597),(481,'2024-01-25',107595,1,NULL,70,NULL,NULL,1804675),(482,'2024-01-25',122176,1,NULL,70,NULL,NULL,1804678),(483,'2024-01-25',859453,1,NULL,70,NULL,NULL,1804681),(484,'2024-01-25',859435,1,NULL,70,NULL,NULL,1804699),(485,'2024-01-25',846742,1,NULL,70,NULL,NULL,1804701),(486,'2024-01-25',859461,1,NULL,70,NULL,NULL,1804716),(487,'2024-01-25',850776,1,NULL,70,NULL,NULL,1804718),(488,'2024-01-25',859464,1,NULL,70,NULL,NULL,1804719),(489,'2024-01-26',859483,1,NULL,35,NULL,NULL,1804737),(490,'2024-01-26',859481,1,NULL,35,NULL,NULL,1804744),(491,'2024-01-26',857297,1,NULL,35,NULL,NULL,1804783),(492,'2024-01-29',859510,1,NULL,35,NULL,NULL,1804803),(493,'2024-01-30',859549,1,NULL,72,NULL,NULL,1804870),(494,'2024-01-30',845904,1,NULL,70,NULL,NULL,1804877),(495,'2024-01-30',859536,1,NULL,70,NULL,NULL,1804878),(496,'2024-01-30',859571,1,NULL,70,NULL,NULL,1804924),(497,'2024-02-01',847377,1,NULL,72,NULL,NULL,1804980),(498,'2024-02-01',859588,1,NULL,72,NULL,NULL,1804995),(499,'2024-02-01',768917,1,NULL,70,NULL,NULL,1805031),(500,'2024-02-01',177673,1,NULL,70,NULL,NULL,1805040),(501,'2024-02-01',859637,1,NULL,70,NULL,NULL,1805053),(502,'2024-02-01',859637,1,NULL,70,NULL,NULL,1805054),(503,'2024-02-01',859637,1,NULL,70,NULL,NULL,1805055),(504,'2024-02-02',859643,1,NULL,35,NULL,NULL,1805061),(505,'2024-02-02',859646,1,NULL,35,NULL,NULL,1805062),(506,'2024-02-05',766647,1,NULL,35,NULL,NULL,1805173),(507,'2024-02-05',65549,1,NULL,35,NULL,NULL,1805200),(508,'2024-02-05',859665,1,NULL,35,NULL,NULL,1805202),(509,'2024-02-05',818281,1,NULL,35,NULL,NULL,1805206),(510,'2024-02-06',859683,1,NULL,35,NULL,NULL,1805246),(511,'2024-02-06',822228,1,NULL,35,NULL,NULL,1805262),(512,'2024-02-06',754074,1,NULL,35,NULL,NULL,1805275),(513,'2024-02-06',859691,1,NULL,35,NULL,NULL,1805301),(514,'2024-02-07',859711,1,NULL,70,NULL,NULL,1805305),(515,'2024-02-07',783591,1,NULL,70,NULL,NULL,1805310),(516,'2024-02-07',858984,1,NULL,70,NULL,NULL,1805311),(517,'2024-02-08',859715,1,NULL,70,NULL,NULL,1805315),(518,'2024-02-08',17272,1,NULL,70,NULL,NULL,1805316),(519,'2024-02-08',124222,1,NULL,70,NULL,NULL,1805319),(520,'2024-02-08',735075,1,NULL,70,NULL,NULL,1805334),(521,'2024-02-08',17272,1,NULL,70,NULL,NULL,1805340),(522,'2024-02-08',859729,1,NULL,35,NULL,NULL,1805342),(523,'2024-02-09',859741,1,NULL,35,NULL,NULL,1805356),(524,'2024-02-09',700968,1,NULL,35,NULL,NULL,1805363),(525,'2024-02-09',700968,1,NULL,35,NULL,NULL,1805364),(526,'2024-02-10',733010,1,NULL,35,NULL,NULL,1805374),(527,'2024-02-10',859743,1,NULL,35,NULL,NULL,1805375),(528,'2024-02-10',859749,1,NULL,35,NULL,NULL,1805378),(529,'2024-02-10',730587,1,NULL,35,NULL,NULL,1805397),(530,'2024-02-10',859748,1,NULL,35,NULL,NULL,1805406),(531,'2024-02-14',859812,1,NULL,70,NULL,NULL,1805445),(532,'2024-02-14',754796,1,NULL,70,NULL,NULL,1805446),(533,'2024-02-14',859793,1,NULL,70,NULL,NULL,1805459),(534,'2024-02-14',100924,1,NULL,70,NULL,NULL,1805460),(535,'2024-02-14',833543,1,NULL,70,NULL,NULL,1805462),(536,'2024-02-15',859828,1,NULL,70,NULL,NULL,1805488),(537,'2024-02-15',774231,1,NULL,70,NULL,NULL,1805489),(538,'2024-02-15',859834,1,NULL,70,NULL,NULL,1805490),(539,'2024-02-15',859831,1,NULL,70,NULL,NULL,1805507),(540,'2024-02-15',859828,1,NULL,70,NULL,NULL,1805516),(541,'2024-02-16',138331,1,NULL,70,NULL,NULL,1805518),(542,'2024-02-16',859852,1,NULL,70,NULL,NULL,1805524),(543,'2024-02-16',859833,1,NULL,70,NULL,NULL,1805526),(544,'2024-02-16',859817,1,NULL,70,NULL,NULL,1805529),(545,'2024-02-16',797029,1,NULL,70,NULL,NULL,1805537),(546,'2024-02-16',859857,1,NULL,70,NULL,NULL,1805542),(547,'2024-02-16',100231,1,NULL,70,NULL,NULL,1805549),(548,'2024-02-19',859863,1,NULL,70,NULL,NULL,1805569),(549,'2024-02-19',752993,1,NULL,70,NULL,NULL,1805570),(550,'2024-02-19',859895,1,NULL,70,NULL,NULL,1805579),(551,'2024-02-19',859885,1,NULL,70,NULL,NULL,1805582),(552,'2024-02-19',859869,1,NULL,70,NULL,NULL,1805591),(553,'2024-02-19',859864,1,NULL,70,NULL,NULL,1805596),(554,'2024-02-19',810082,1,NULL,70,NULL,NULL,1805601),(555,'2024-02-19',859872,1,NULL,70,NULL,NULL,1805616),(556,'2024-02-20',714159,1,NULL,70,NULL,NULL,1805635),(557,'2024-02-20',846851,1,NULL,70,NULL,NULL,1805639),(558,'2024-02-20',859900,1,NULL,70,NULL,NULL,1805655),(559,'2024-02-21',826533,1,NULL,70,NULL,NULL,1805663),(560,'2024-02-21',859920,1,NULL,70,NULL,NULL,1805664),(561,'2024-02-21',859921,1,NULL,70,NULL,NULL,1805665),(562,'2024-02-21',859922,1,NULL,70,NULL,NULL,1805666),(563,'2024-02-21',859929,1,NULL,70,NULL,NULL,1805693),(564,'2024-02-21',859955,1,NULL,70,NULL,NULL,1805694),(565,'2024-02-21',859956,1,NULL,70,NULL,NULL,1805695),(566,'2024-02-21',859951,1,NULL,70,NULL,NULL,1805725),(567,'2024-02-21',859949,1,NULL,70,NULL,NULL,1805726),(568,'2024-02-21',859950,1,NULL,70,NULL,NULL,1805727),(569,'2024-02-21',859960,1,NULL,70,NULL,NULL,1805745),(570,'2024-02-22',194910,1,NULL,70,NULL,NULL,1805763),(571,'2024-02-22',768359,1,NULL,70,NULL,NULL,1805764),(572,'2024-02-22',859971,1,NULL,70,NULL,NULL,1805776),(573,'2024-02-22',112358,1,NULL,70,NULL,NULL,1805785),(574,'2024-02-22',859991,1,NULL,70,NULL,NULL,1805796),(575,'2024-02-22',601614,1,NULL,70,NULL,NULL,1805799),(576,'2024-02-22',859984,1,NULL,70,NULL,NULL,1805800),(577,'2024-02-22',830852,1,NULL,70,NULL,NULL,1805802),(578,'2024-02-22',859992,1,NULL,70,NULL,NULL,1805804),(579,'2024-02-22',809800,1,NULL,70,NULL,NULL,1805807),(580,'2024-02-22',859985,1,NULL,70,NULL,NULL,1805826),(581,'2024-02-22',860015,1,NULL,70,NULL,NULL,1805829),(582,'2024-02-22',860013,1,NULL,70,NULL,NULL,1805832),(583,'2024-02-22',788451,1,NULL,70,NULL,NULL,1805833),(584,'2024-02-26',860043,1,NULL,72,NULL,NULL,1805877),(585,'2024-02-26',860079,1,NULL,72,NULL,NULL,1805879),(586,'2024-02-26',118042,1,NULL,72,NULL,NULL,1805899),(587,'2024-02-26',859606,1,NULL,72,NULL,NULL,1805912),(588,'2024-02-26',841060,1,NULL,72,NULL,NULL,1805930),(589,'2024-02-26',100759,1,NULL,72,NULL,NULL,1805932),(590,'2024-02-26',831259,1,NULL,72,NULL,NULL,1805948),(591,'2024-02-26',852212,1,NULL,72,NULL,NULL,1805951),(592,'2024-02-26',516992,1,NULL,72,NULL,NULL,1805990),(593,'2024-02-26',860050,1,NULL,72,NULL,NULL,1805992),(594,'2024-02-26',860050,1,NULL,72,NULL,NULL,1805993),(595,'2024-02-26',860071,1,NULL,72,NULL,NULL,1805995),(596,'2024-02-27',860075,1,NULL,72,NULL,NULL,1806008),(597,'2024-02-27',860088,1,NULL,72,NULL,NULL,1806009),(598,'2024-02-27',860113,1,NULL,72,NULL,NULL,1806018),(599,'2024-02-27',860081,1,NULL,72,NULL,NULL,1806024),(600,'2024-02-27',856470,1,NULL,72,NULL,NULL,1806026),(601,'2024-02-27',153169,1,NULL,72,NULL,NULL,1806035),(602,'2024-02-27',847472,1,NULL,72,NULL,NULL,1806038),(603,'2024-02-28',754591,1,NULL,72,NULL,NULL,1806054),(604,'2024-02-28',799455,1,NULL,72,NULL,NULL,1806055),(605,'2024-02-28',860120,1,NULL,72,NULL,NULL,1806072),(606,'2024-02-28',130674,1,NULL,72,NULL,NULL,1806074),(607,'2024-02-28',15133,1,NULL,72,NULL,NULL,1806080),(608,'2024-02-29',852892,1,NULL,72,NULL,NULL,1806138),(1087,'2023-01-04',849639,2,29,12,NULL,NULL,1793010),(1088,'2023-01-04',768746,2,29,12,NULL,NULL,1793017),(1089,'2023-01-05',712204,2,29,45,NULL,NULL,1793033),(1090,'2023-01-19',839309,2,29,44,NULL,NULL,1793266),(1091,'2023-01-17',855904,2,29,12,NULL,NULL,1793293),(1092,'2023-01-17',855888,2,29,12,NULL,NULL,1793302),(1093,'2023-01-19',832468,2,29,44,NULL,NULL,1793354),(1094,'2023-01-23',855934,2,29,12,NULL,NULL,1793387),(1095,'2023-01-31',729670,2,29,45,NULL,NULL,1793476),(1096,'2023-01-31',855965,2,29,45,NULL,NULL,1793480),(1097,'2023-02-01',626794,2,29,45,NULL,NULL,1793491),(1098,'2023-02-01',849213,2,29,45,NULL,NULL,1793493),(1099,'2023-02-10',855996,2,29,45,NULL,NULL,1793609),(1100,'2023-02-10',757941,2,29,45,NULL,NULL,1793634),(1101,'2023-02-13',856019,2,29,45,NULL,NULL,1793653),(1102,'2023-02-14',856027,2,29,45,NULL,NULL,1793662),(1103,'2023-02-15',701353,2,29,45,NULL,NULL,1793795),(1104,'2023-02-23',856073,2,29,45,NULL,NULL,1793877),(1105,'2023-03-01',856097,2,29,12,NULL,NULL,1793967),(1106,'2023-03-01',722134,2,29,12,NULL,NULL,1793971),(1107,'2023-03-01',839447,2,29,12,NULL,NULL,1793972),(1108,'2023-03-03',856118,2,29,45,NULL,NULL,1794007),(1109,'2023-03-03',766107,2,29,45,NULL,NULL,1794008),(1110,'2023-03-03',141413,2,29,45,NULL,NULL,1794012),(1111,'2023-03-03',736229,2,29,45,NULL,NULL,1794013),(1112,'2023-03-07',851896,2,29,45,NULL,NULL,1794047),(1113,'2023-03-07',856130,2,29,45,NULL,NULL,1794051),(1114,'2023-03-07',856130,2,29,45,NULL,NULL,1794052),(1115,'2023-03-07',152565,2,29,45,NULL,NULL,1794166),(1116,'2023-03-09',753379,2,29,12,NULL,NULL,1794211),(1117,'2023-03-15',856182,2,29,45,NULL,NULL,1794290),(1118,'2023-03-15',855336,2,29,45,NULL,NULL,1794291),(1119,'2023-03-16',848773,2,29,44,NULL,NULL,1794301),(1120,'2023-03-20',856194,2,29,45,NULL,NULL,1794341),(1121,'2023-03-21',856204,2,29,45,NULL,NULL,1794353),(1122,'2023-03-22',856208,2,29,45,NULL,NULL,1794364),(1123,'2023-03-23',730870,2,29,45,NULL,NULL,1794376),(1124,'2023-04-11',175633,2,29,45,NULL,NULL,1794563),(1125,'2023-04-11',855419,2,29,45,NULL,NULL,1794704),(1126,'2023-04-14',726916,2,29,45,NULL,NULL,1794835),(1127,'2023-04-14',195870,2,29,45,NULL,NULL,1794846),(1128,'2023-04-17',853602,2,29,44,NULL,NULL,1794866),(1129,'2023-04-18',856135,2,29,12,NULL,NULL,1794916),(1130,'2023-04-19',855516,2,29,12,NULL,NULL,1794930),(1131,'2023-04-21',849606,2,29,12,NULL,NULL,1795048),(1132,'2023-04-26',815797,2,29,45,NULL,NULL,1795110),(1133,'2023-05-03',104288,2,29,45,NULL,NULL,1795316),(1134,'2023-05-03',852207,2,29,45,NULL,NULL,1795353),(1135,'2023-05-03',854593,2,29,45,NULL,NULL,1795403),(1136,'2023-05-10',134177,2,29,44,NULL,NULL,1795494),(1137,'2023-05-10',633656,2,29,44,NULL,NULL,1795563),(1138,'2023-05-16',803685,2,29,44,NULL,NULL,1795736),(1139,'2023-05-23',824011,2,29,45,NULL,NULL,1795950),(1140,'2023-05-30',850370,2,29,12,NULL,NULL,1796050),(1141,'2023-05-30',856676,2,29,12,NULL,NULL,1796055),(1142,'2023-05-30',856674,2,29,12,NULL,NULL,1796078),(1143,'2023-05-30',856675,2,29,12,NULL,NULL,1796079),(1144,'2023-05-30',856703,2,29,12,NULL,NULL,1796121),(1145,'2023-05-30',25274,2,29,12,NULL,NULL,1796122),(1146,'2023-05-31',109068,2,29,45,NULL,NULL,1796151),(1147,'2023-09-26',141399,2,29,44,NULL,NULL,1796161),(1148,'2023-06-01',856729,2,29,12,NULL,NULL,1796205),(1149,'2023-06-02',102017,2,29,45,NULL,NULL,1796221),(1150,'2023-06-06',856760,2,29,44,NULL,NULL,1796449),(1151,'2023-06-09',849762,2,29,45,NULL,NULL,1796547),(1152,'2023-06-12',739449,2,29,45,NULL,NULL,1796570),(1153,'2023-06-13',851732,2,29,45,NULL,NULL,1796591),(1154,'2023-06-21',856858,2,29,12,NULL,NULL,1796774),(1155,'2023-06-21',848697,2,29,12,NULL,NULL,1796791),(1156,'2023-06-22',158741,2,29,45,NULL,NULL,1796824),(1157,'2023-06-23',839661,2,29,45,NULL,NULL,1796868),(1158,'2023-06-26',856910,2,29,45,NULL,NULL,1796904),(1159,'2023-06-27',856922,2,29,45,NULL,NULL,1796926),(1160,'2023-06-27',145466,2,29,45,NULL,NULL,1796938),(1161,'2023-06-28',856932,2,29,45,NULL,NULL,1796942),(1162,'2023-07-10',113153,2,29,45,NULL,NULL,1797403),(1163,'2023-07-10',857035,2,29,45,NULL,NULL,1797407),(1164,'2023-07-14',168786,2,29,45,NULL,NULL,1797555),(1165,'2023-07-14',760676,2,29,45,NULL,NULL,1797563),(1166,'2023-07-25',846676,2,29,44,NULL,NULL,1797870),(1167,'2023-07-25',857178,2,29,44,NULL,NULL,1797874),(1168,'2023-07-25',846497,2,29,44,NULL,NULL,1797876),(1169,'2023-07-25',846728,2,29,44,NULL,NULL,1797877),(1170,'2023-07-25',857177,2,29,44,NULL,NULL,1797879),(1171,'2023-07-25',855451,2,29,44,NULL,NULL,1797880),(1172,'2023-07-26',710738,2,29,12,NULL,NULL,1797897),(1173,'2023-07-26',819940,2,29,12,NULL,NULL,1797898),(1174,'2023-07-28',852521,2,29,12,NULL,NULL,1797989),(1175,'2023-07-31',766708,2,29,12,NULL,NULL,1798049),(1176,'2023-07-31',857230,2,29,12,NULL,NULL,1798052),(1177,'2023-08-02',173785,2,29,45,NULL,NULL,1798138),(1178,'2023-08-03',857265,2,29,45,NULL,NULL,1798364),(1179,'2023-08-04',845981,2,29,45,NULL,NULL,1798399),(1180,'2023-08-08',132583,2,29,44,NULL,NULL,1798514),(1181,'2023-08-08',854300,2,29,44,NULL,NULL,1798516),(1182,'2023-08-11',715753,2,29,45,NULL,NULL,1798626),(1183,'2023-08-16',106628,2,29,45,NULL,NULL,1798675),(1184,'2023-08-16',106628,2,29,45,NULL,NULL,1798676),(1185,'2023-08-18',809619,2,29,45,NULL,NULL,1798835),(1186,'2023-08-22',851561,2,29,45,NULL,NULL,1798856),(1187,'2023-08-22',857408,2,29,45,NULL,NULL,1798868),(1188,'2023-08-22',153689,2,29,45,NULL,NULL,1798870),(1189,'2023-08-28',757326,2,29,12,NULL,NULL,1798973),(1190,'2023-08-28',857447,2,29,12,NULL,NULL,1798977),(1191,'2023-08-28',857476,2,29,12,NULL,NULL,1798994),(1192,'2023-08-28',852370,2,29,45,NULL,NULL,1799053),(1193,'2023-08-28',121739,2,29,45,NULL,NULL,1799058),(1194,'2023-08-29',20757,2,29,45,NULL,NULL,1799091),(1195,'2023-08-30',855451,2,29,45,NULL,NULL,1799174),(1196,'2023-09-01',160064,2,29,45,NULL,NULL,1799235),(1197,'2023-09-07',857616,2,29,45,NULL,NULL,1799578),(1198,'2023-09-07',713648,2,29,45,NULL,NULL,1799582),(1199,'2023-09-11',817384,2,29,45,NULL,NULL,1799683),(1200,'2023-09-11',857638,2,29,45,NULL,NULL,1799690),(1201,'2023-09-11',17203,2,29,45,NULL,NULL,1799707),(1202,'2023-09-13',847439,2,29,45,NULL,NULL,1799752),(1203,'2023-09-15',849458,2,29,45,NULL,NULL,1799967),(1204,'2023-09-19',857725,2,29,44,NULL,NULL,1800038),(1205,'2023-09-19',629356,2,29,44,NULL,NULL,1800042),(1206,'2023-09-20',191278,2,29,45,NULL,NULL,1800087),(1207,'2023-09-20',857742,2,29,45,NULL,NULL,1800089),(1208,'2023-10-02',27756,2,29,12,NULL,NULL,1800373),(1209,'2023-10-02',123144,2,29,12,NULL,NULL,1800375),(1210,'2023-10-03',715753,2,29,12,NULL,NULL,1800454),(1211,'2023-10-03',857819,2,29,12,NULL,NULL,1800466),(1212,'2023-10-06',857935,2,29,12,NULL,NULL,1800739),(1213,'2023-10-10',849013,2,29,45,NULL,NULL,1800785),(1214,'2023-10-10',849013,2,29,45,NULL,NULL,1800786),(1215,'2023-10-12',103200,2,29,44,NULL,NULL,1800848),(1216,'2023-10-17',797789,2,29,45,NULL,NULL,1800898),(1217,'2023-10-19',858051,2,29,45,NULL,NULL,1800983),(1218,'2023-10-19',116252,2,29,45,NULL,NULL,1800987),(1219,'2023-10-26',182830,2,29,45,NULL,NULL,1801107),(1220,'2023-10-26',28133,2,29,45,NULL,NULL,1801111),(1221,'2023-10-27',611073,2,29,45,NULL,NULL,1801179),(1222,'2023-10-31',858205,2,29,45,NULL,NULL,1801335),(1223,'2023-11-01',786460,2,29,45,NULL,NULL,1801362),(1224,'2023-11-01',858208,2,29,45,NULL,NULL,1801392),(1225,'2023-11-01',764850,2,29,45,NULL,NULL,1801410),(1226,'2023-11-02',857978,2,29,45,NULL,NULL,1801443),(1227,'2023-11-06',858252,2,29,45,NULL,NULL,1801485),(1228,'2023-11-06',846606,2,29,45,NULL,NULL,1801486),(1229,'2023-11-08',605075,2,29,45,NULL,NULL,1801718),(1230,'2023-11-09',764678,2,29,45,NULL,NULL,1801757),(1231,'2023-11-09',855045,2,29,45,NULL,NULL,1801761),(1232,'2023-11-13',98328,2,29,45,NULL,NULL,1801981),(1233,'2023-11-15',761364,2,29,45,NULL,NULL,1802027),(1234,'2023-11-16',851836,2,29,12,NULL,NULL,1802042),(1235,'2023-11-16',852877,2,29,12,NULL,NULL,1802043),(1236,'2023-11-16',858391,2,29,12,NULL,NULL,1802047),(1237,'2023-11-16',858092,2,29,12,NULL,NULL,1802048),(1238,'2023-11-21',858456,2,29,45,NULL,NULL,1802113),(1239,'2023-11-22',858458,2,29,45,NULL,NULL,1802189),(1240,'2023-11-22',797711,2,29,45,NULL,NULL,1802199),(1241,'2023-11-22',797711,2,29,45,NULL,NULL,1802200),(1242,'2023-11-30',858396,2,29,45,NULL,NULL,1802447),(1243,'2023-11-30',803279,2,29,45,NULL,NULL,1802480),(1244,'2023-11-30',803279,2,29,45,NULL,NULL,1802481),(1245,'2023-11-30',858640,2,29,45,NULL,NULL,1802483),(1246,'2023-12-01',734438,2,29,45,NULL,NULL,1802567),(1247,'2023-12-04',858683,2,29,45,NULL,NULL,1802635),(1248,'2023-12-04',858701,2,29,45,NULL,NULL,1802645),(1249,'2023-12-05',630873,2,29,45,NULL,NULL,1802681),(1250,'2023-12-06',853164,2,29,12,NULL,NULL,1802810),(1251,'2023-12-07',858726,2,29,12,NULL,NULL,1802910),(1252,'2023-12-12',858766,2,29,45,NULL,NULL,1802920),(1253,'2023-12-12',858790,2,29,45,NULL,NULL,1802930),(1254,'2023-12-12',858737,2,29,45,NULL,NULL,1802943),(1255,'2023-12-12',850292,2,29,45,NULL,NULL,1802974),(1256,'2023-12-13',15050,2,29,45,NULL,NULL,1803060),(1257,'2023-12-13',858807,2,29,45,NULL,NULL,1803064),(1258,'2023-12-15',858832,2,29,45,NULL,NULL,1803141),(1259,'2023-12-26',850752,2,29,45,NULL,NULL,1803385),(1260,'2023-12-26',859003,2,29,45,NULL,NULL,1803426),(1261,'2023-12-26',859005,2,29,45,NULL,NULL,1803503),(1262,'2023-12-26',859007,2,29,45,NULL,NULL,1803504),(1263,'2023-12-27',854415,2,29,45,NULL,NULL,1803556),(1264,'2023-12-28',575025,2,29,12,NULL,NULL,1803591),(1265,'2024-01-02',118646,2,29,44,NULL,NULL,1803674),(1266,'2024-01-02',859043,2,29,44,NULL,NULL,1803712),(1267,'2024-01-02',114672,2,29,44,NULL,NULL,1803713),(1268,'2024-01-03',850040,2,29,12,NULL,NULL,1803733),(1269,'2024-01-03',114994,2,29,12,NULL,NULL,1803735),(1270,'2024-01-03',158625,2,29,12,NULL,NULL,1803742),(1271,'2024-01-16',858827,2,29,12,NULL,NULL,1803838),(1272,'2024-01-08',802098,2,29,45,NULL,NULL,1803954),(1273,'2024-01-08',859157,2,29,45,NULL,NULL,1803955),(1274,'2024-01-09',114749,2,29,45,NULL,NULL,1804095),(1275,'2024-01-10',142182,2,29,45,NULL,NULL,1804147),(1276,'2024-01-12',859229,2,29,45,NULL,NULL,1804212),(1277,'2024-01-19',101367,2,29,45,NULL,NULL,1804438),(1278,'2024-01-24',859285,2,29,12,NULL,NULL,1804547),(1279,'2024-01-25',859358,2,29,12,NULL,NULL,1804597),(1280,'2024-01-25',107595,2,29,12,NULL,NULL,1804675),(1281,'2024-01-25',122176,2,29,12,NULL,NULL,1804678),(1282,'2024-01-25',859453,2,29,12,NULL,NULL,1804681),(1283,'2024-01-25',859435,2,29,12,NULL,NULL,1804699),(1284,'2024-01-25',846742,2,29,12,NULL,NULL,1804701),(1285,'2024-01-29',857297,2,29,12,NULL,NULL,1804783),(1286,'2024-01-30',859549,2,29,12,NULL,NULL,1804870),(1287,'2024-01-31',859571,2,29,12,NULL,NULL,1804924),(1288,'2024-02-02',847377,2,29,12,NULL,NULL,1804980),(1289,'2024-02-02',859588,2,29,12,NULL,NULL,1804995),(1290,'2024-02-02',177673,2,29,12,NULL,NULL,1805040),(1291,'2024-02-02',859637,2,29,12,NULL,NULL,1805053),(1292,'2024-02-02',859637,2,29,12,NULL,NULL,1805054),(1293,'2024-02-02',859637,2,29,12,NULL,NULL,1805055),(1294,'2024-02-06',818281,2,29,44,NULL,NULL,1805206),(1295,'2024-02-07',754074,2,29,12,NULL,NULL,1805275),(1296,'2024-02-07',859691,2,29,12,NULL,NULL,1805301),(1297,'2024-02-07',783591,2,29,12,NULL,NULL,1805310),(1298,'2024-02-07',858984,2,29,12,NULL,NULL,1805311),(1299,'2024-02-08',859715,2,29,12,NULL,NULL,1805315),(1300,'2024-02-08',17272,2,29,12,NULL,NULL,1805316),(1301,'2024-02-08',124222,2,29,12,NULL,NULL,1805319),(1302,'2024-02-08',735075,2,29,12,NULL,NULL,1805334),(1303,'2024-02-08',17272,2,29,12,NULL,NULL,1805340),(1304,'2024-02-09',700968,2,29,12,NULL,NULL,1805363),(1305,'2024-02-09',700968,2,29,12,NULL,NULL,1805364),(1306,'2024-02-15',859748,2,29,12,NULL,NULL,1805406),(1307,'2024-02-15',100924,2,29,12,NULL,NULL,1805460),(1308,'2024-02-15',833543,2,29,12,NULL,NULL,1805462),(1309,'2024-02-15',859828,2,29,12,NULL,NULL,1805488),(1310,'2024-02-15',774231,2,29,12,NULL,NULL,1805489),(1311,'2024-02-15',859834,2,29,12,NULL,NULL,1805490),(1312,'2024-02-15',859831,2,29,12,NULL,NULL,1805507),(1313,'2024-02-16',859828,2,29,45,NULL,NULL,1805516),(1314,'2024-02-16',100231,2,29,45,NULL,NULL,1805549),(1315,'2024-02-19',859869,2,29,45,NULL,NULL,1805591),(1316,'2024-02-19',859864,2,29,45,NULL,NULL,1805596),(1317,'2024-02-19',810082,2,29,45,NULL,NULL,1805601),(1318,'2024-02-19',859872,2,29,45,NULL,NULL,1805616),(1319,'2024-02-20',714159,2,29,45,NULL,NULL,1805635),(1320,'2024-02-20',846851,2,29,45,NULL,NULL,1805639),(1321,'2024-02-20',859900,2,29,45,NULL,NULL,1805655),(1322,'2024-02-21',859951,2,29,45,NULL,NULL,1805725),(1323,'2024-02-21',859949,2,29,45,NULL,NULL,1805726),(1324,'2024-02-21',859950,2,29,45,NULL,NULL,1805727),(1325,'2024-02-21',859960,2,29,45,NULL,NULL,1805745),(1326,'2024-02-22',194910,2,29,45,NULL,NULL,1805763),(1327,'2024-02-22',768359,2,29,45,NULL,NULL,1805764),(1328,'2024-02-22',859971,2,29,45,NULL,NULL,1805776),(1329,'2024-02-22',112358,2,29,45,NULL,NULL,1805785),(1330,'2024-02-26',118042,2,29,45,NULL,NULL,1805899),(1331,'2024-02-26',859606,2,29,45,NULL,NULL,1805912),(1332,'2024-02-26',841060,2,29,45,NULL,NULL,1805930),(1333,'2024-02-26',100759,2,29,45,NULL,NULL,1805932),(1334,'2024-02-26',831259,2,29,45,NULL,NULL,1805948),(1335,'2024-02-26',852212,2,29,45,NULL,NULL,1805951),(1336,'2024-02-27',860075,2,29,45,NULL,NULL,1806008),(1337,'2024-02-27',860088,2,29,45,NULL,NULL,1806009),(1338,'2024-02-27',860113,2,29,45,NULL,NULL,1806018),(1339,'2024-02-27',860081,2,29,45,NULL,NULL,1806024),(1340,'2024-02-27',856470,2,29,45,NULL,NULL,1806026),(1341,'2024-02-27',153169,2,29,45,NULL,NULL,1806035),(1342,'2024-02-27',847472,2,29,45,NULL,NULL,1806038),(1343,'2024-02-28',860120,2,29,12,NULL,NULL,1806072),(1344,'2024-02-28',130674,2,29,12,NULL,NULL,1806074),(1345,'2024-02-28',15133,2,29,12,NULL,NULL,1806080),(1346,'2024-02-29',852892,2,29,45,NULL,NULL,1806138),(1347,'2023-02-23',856058,2,31,27,NULL,NULL,1793841),(1348,'2023-03-20',856190,2,31,27,NULL,NULL,1794311),(1349,'2023-04-19',820888,2,31,27,NULL,NULL,1794829),(1350,'2023-05-31',856649,2,31,27,NULL,NULL,1796003),(1351,'2023-06-02',856714,2,31,27,NULL,NULL,1796135),(1352,'2023-06-02',856701,2,31,27,NULL,NULL,1796140),(1353,'2023-06-22',773480,2,31,27,NULL,NULL,1796759),(1354,'2023-07-10',857031,2,31,27,NULL,NULL,1797362),(1355,'2023-07-13',183488,2,31,27,NULL,NULL,1797477),(1356,'2023-07-13',715869,2,31,27,NULL,NULL,1797478),(1357,'2023-07-13',857068,2,31,27,NULL,NULL,1797498),(1358,'2023-07-17',857077,2,31,27,NULL,NULL,1797586),(1359,'2023-07-27',857171,2,31,27,NULL,NULL,1797829),(1360,'2023-07-31',857213,2,31,27,NULL,NULL,1797990),(1361,'2023-08-10',851490,2,31,27,NULL,NULL,1798567),(1362,'2023-08-14',763560,2,31,27,NULL,NULL,1798596),(1363,'2023-08-29',160402,2,31,27,NULL,NULL,1799032),(1364,'2023-08-31',857519,2,31,27,NULL,NULL,1799130),(1365,'2023-09-28',857796,2,31,27,NULL,NULL,1800227),(1366,'2023-10-02',705178,2,31,27,NULL,NULL,1800336),(1367,'2023-10-10',857945,2,31,27,NULL,NULL,1800752),(1368,'2023-10-23',858060,2,31,27,NULL,NULL,1801025),(1369,'2023-10-26',858061,2,31,27,NULL,NULL,1801037),(1370,'2023-10-30',858110,2,31,27,NULL,NULL,1801150),(1371,'2023-11-28',858513,2,31,27,NULL,NULL,1802260),(1372,'2023-11-28',827532,2,31,27,NULL,NULL,1802313),(1373,'2023-12-14',200139,2,31,27,NULL,NULL,1803035),(1374,'2023-12-20',858869,2,31,27,NULL,NULL,1803162),(1375,'2023-12-28',859018,2,31,27,NULL,NULL,1803492),(1376,'2024-01-02',859049,2,31,27,NULL,NULL,1803619),(1377,'2024-01-02',859060,2,31,27,NULL,NULL,1803620),(1378,'2024-01-09',859101,2,31,27,NULL,NULL,1803809),(1379,'2024-01-09',851848,2,31,27,NULL,NULL,1803941),(1380,'2024-01-15',151424,2,31,27,NULL,NULL,1804167),(1381,'2024-01-15',859215,2,31,27,NULL,NULL,1804177),(1382,'2024-01-25',165785,2,31,27,NULL,NULL,1804403),(1383,'2024-01-25',859340,2,31,27,NULL,NULL,1804493),(1384,'2024-01-30',859431,2,31,27,NULL,NULL,1804511),(1385,'2024-01-30',782096,2,31,27,NULL,NULL,1804513),(1386,'2024-01-30',859367,2,31,27,NULL,NULL,1804527),(1387,'2024-01-30',859481,2,31,27,NULL,NULL,1804744),(1388,'2024-01-30',859510,2,31,27,NULL,NULL,1804803),(1389,'2024-02-01',859536,2,31,27,NULL,NULL,1804878),(1390,'2024-02-16',859749,2,31,27,NULL,NULL,1805378),(1391,'2024-02-21',859895,2,31,27,NULL,NULL,1805579),(1392,'2024-02-23',859929,2,31,27,NULL,NULL,1805693),(1393,'2024-02-23',859955,2,31,27,NULL,NULL,1805694),(1394,'2024-02-23',859956,2,31,27,NULL,NULL,1805695),(1395,'2024-02-26',859992,2,31,27,NULL,NULL,1805804),(1396,'2024-02-26',809800,2,31,27,NULL,NULL,1805807),(1397,'2024-02-26',859985,2,31,27,NULL,NULL,1805826),(1398,'2024-02-26',860015,2,31,27,NULL,NULL,1805829),(1399,'2024-02-27',860079,2,31,27,NULL,NULL,1805879),(1400,'2024-02-29',799455,2,31,27,NULL,NULL,1806055),(1401,'2023-01-12',839729,2,34,27,NULL,NULL,1793214),(1402,'2023-01-23',750565,2,30,27,NULL,NULL,1793315),(1403,'2023-01-23',796246,2,30,27,NULL,NULL,1793316),(1404,'2023-02-03',701886,2,30,27,NULL,NULL,1793488),(1405,'2023-02-09',703175,2,30,27,NULL,NULL,1793568),(1406,'2023-03-07',765922,2,30,27,NULL,NULL,1794038),(1407,'2023-10-03',146701,2,30,84,NULL,NULL,1800368),(1408,'2023-02-06',744980,2,32,84,NULL,NULL,1793519),(1409,'2023-02-07',732857,2,32,84,NULL,NULL,1793543),(1410,'2023-02-23',845613,2,32,84,NULL,NULL,1793844),(1411,'2023-03-14',501169,2,32,84,NULL,NULL,1794241),(1412,'2023-03-30',779372,2,32,84,NULL,NULL,1794433),(1413,'2023-04-20',773682,2,32,84,NULL,NULL,1794951),(1414,'2023-04-20',768917,2,32,84,NULL,NULL,1794952),(1415,'2023-04-27',856430,2,32,84,NULL,NULL,1795151),(1416,'2023-05-22',829829,2,32,84,NULL,NULL,1795904),(1417,'2023-06-08',726003,2,32,84,NULL,NULL,1796474),(1418,'2023-06-13',831138,2,32,84,NULL,NULL,1796563),(1419,'2023-07-04',736036,2,32,84,NULL,NULL,1797107),(1420,'2023-07-11',500749,2,32,84,NULL,NULL,1797366),(1421,'2023-07-17',857097,2,32,84,NULL,NULL,1797593),(1422,'2023-07-27',857168,2,32,84,NULL,NULL,1797846),(1423,'2023-07-31',788909,2,32,84,NULL,NULL,1797965),(1424,'2023-08-01',848980,2,32,84,NULL,NULL,1798070),(1425,'2023-08-01',779474,2,32,84,NULL,NULL,1798081),(1426,'2023-08-03',770652,2,32,84,NULL,NULL,1798141),(1427,'2023-08-07',734672,2,32,84,NULL,NULL,1798421),(1428,'2023-08-08',180116,2,32,84,NULL,NULL,1798480),(1429,'2023-08-08',180116,2,32,84,NULL,NULL,1798481),(1430,'2023-08-10',796499,2,32,84,NULL,NULL,1798533),(1431,'2023-08-14',786049,2,32,84,NULL,NULL,1798638),(1432,'2023-08-14',791461,2,32,84,NULL,NULL,1798640),(1433,'2023-08-15',814636,2,32,84,NULL,NULL,1798702),(1434,'2023-08-17',187098,2,32,84,NULL,NULL,1798771),(1435,'2023-08-31',857523,2,32,84,NULL,NULL,1799133),(1436,'2023-09-05',857529,2,32,84,NULL,NULL,1799279),(1437,'2023-09-05',857557,2,32,84,NULL,NULL,1799295),(1438,'2023-09-12',152600,2,32,84,NULL,NULL,1799665),(1439,'2023-09-14',510555,2,32,84,NULL,NULL,1799756),(1440,'2023-09-26',857766,2,32,84,NULL,NULL,1800129),(1441,'2023-09-28',166528,2,32,84,NULL,NULL,1800265),(1442,'2023-09-28',506736,2,32,84,NULL,NULL,1800267),(1443,'2023-09-28',812157,2,32,84,NULL,NULL,1800268),(1444,'2023-10-05',65273,2,32,84,NULL,NULL,1800705),(1445,'2023-10-19',830500,2,32,84,NULL,NULL,1800893),(1446,'2023-10-19',852108,2,32,84,NULL,NULL,1800977),(1447,'2023-11-02',608559,2,32,84,NULL,NULL,1801386),(1448,'2023-11-06',808206,2,32,84,NULL,NULL,1801458),(1449,'2023-11-07',858253,2,32,84,NULL,NULL,1801489),(1450,'2023-11-14',855354,2,32,84,NULL,NULL,1801966),(1451,'2023-11-16',804276,2,32,84,NULL,NULL,1802023),(1452,'2023-12-05',858699,2,32,84,NULL,NULL,1802669),(1453,'2023-12-15',603165,2,32,84,NULL,NULL,1803085),(1454,'2023-12-15',779498,2,32,84,NULL,NULL,1803098),(1455,'2023-12-18',858823,2,32,84,NULL,NULL,1803147),(1456,'2023-12-19',858845,2,32,84,NULL,NULL,1803229),(1457,'2023-12-21',715915,2,32,84,NULL,NULL,1803318),(1458,'2023-12-28',770634,2,32,84,NULL,NULL,1803478),(1459,'2024-01-18',515698,2,32,84,NULL,NULL,1804327),(1460,'2024-01-23',503164,2,32,25,NULL,NULL,1804456),(1461,'2024-01-29',859404,2,32,84,NULL,NULL,1804531),(1462,'2024-01-29',857287,2,32,84,NULL,NULL,1804536),(1463,'2024-01-29',726187,2,32,84,NULL,NULL,1804538),(1464,'2024-02-05',768917,2,32,84,NULL,NULL,1805031),(1465,'2024-02-08',65549,2,32,84,NULL,NULL,1805200),(1466,'2024-02-08',859665,2,32,84,NULL,NULL,1805202),(1467,'2024-02-08',822228,2,32,84,NULL,NULL,1805262),(1468,'2024-02-15',730587,2,32,84,NULL,NULL,1805397),(1469,'2024-02-15',859793,2,32,84,NULL,NULL,1805459),(1470,'2024-02-19',797029,2,32,84,NULL,NULL,1805537),(1471,'2024-02-21',859885,2,32,84,NULL,NULL,1805582),(1472,'2024-02-26',860013,2,32,84,NULL,NULL,1805832),(1473,'2024-02-26',788451,2,32,84,NULL,NULL,1805833),(1474,'2024-02-27',516992,2,32,84,NULL,NULL,1805990),(1475,'2024-02-27',860050,2,32,84,NULL,NULL,1805992),(1476,'2024-02-27',860050,2,32,84,NULL,NULL,1805993),(1477,'2024-02-27',860071,2,32,84,NULL,NULL,1805995),(1478,'2023-01-06',756914,2,33,29,NULL,NULL,1792996),(1479,'2023-01-06',767920,2,33,29,NULL,NULL,1793002),(1480,'2023-01-10',627406,2,33,29,NULL,NULL,1793067),(1481,'2023-01-16',852967,2,33,29,NULL,NULL,1793241),(1482,'2023-01-16',855692,2,33,29,NULL,NULL,1793242),(1483,'2023-01-23',738564,2,33,29,NULL,NULL,1793274),(1484,'2023-01-23',795649,2,33,29,NULL,NULL,1793311),(1485,'2023-01-31',731162,2,33,29,NULL,NULL,1793396),(1486,'2023-01-31',844991,2,33,29,NULL,NULL,1793455),(1487,'2023-02-06',302658,2,33,29,NULL,NULL,1793509),(1488,'2023-02-14',856020,2,33,29,NULL,NULL,1793643),(1489,'2023-03-01',758720,2,33,29,NULL,NULL,1793886),(1490,'2023-03-01',848491,2,33,29,NULL,NULL,1793895),(1491,'2023-03-02',741614,2,33,29,NULL,NULL,1793959),(1492,'2023-03-07',138473,2,33,29,NULL,NULL,1794031),(1493,'2023-03-09',174705,2,33,29,NULL,NULL,1794179),(1494,'2023-03-09',785209,2,33,29,NULL,NULL,1794188),(1495,'2023-03-09',856137,2,33,29,NULL,NULL,1794189),(1496,'2023-03-15',856100,2,33,29,NULL,NULL,1794216),(1497,'2023-03-15',822495,2,33,29,NULL,NULL,1794222),(1498,'2023-03-15',771634,2,33,29,NULL,NULL,1794226),(1499,'2023-03-16',312045,2,33,29,NULL,NULL,1794272),(1500,'2023-03-23',828587,2,33,29,NULL,NULL,1794355),(1501,'2023-03-23',856201,2,33,29,NULL,NULL,1794358),(1502,'2023-03-23',776122,2,33,29,NULL,NULL,1794359),(1503,'2023-03-29',766278,2,33,29,NULL,NULL,1794392),(1504,'2023-04-06',309469,2,33,29,NULL,NULL,1794513),(1505,'2023-04-06',605449,2,33,29,NULL,NULL,1794516),(1506,'2023-04-11',856285,2,33,29,NULL,NULL,1794551),(1507,'2023-04-11',856285,2,33,29,NULL,NULL,1794552),(1508,'2023-04-13',744539,2,33,29,NULL,NULL,1794760),(1509,'2023-04-18',187877,2,33,29,NULL,NULL,1794861),(1510,'2023-04-27',856434,2,33,29,NULL,NULL,1795146),(1511,'2023-05-04',856506,2,33,29,NULL,NULL,1795371),(1512,'2023-05-11',705844,2,33,29,NULL,NULL,1795528),(1513,'2023-05-11',301495,2,33,29,NULL,NULL,1795530),(1514,'2023-05-11',611853,2,33,29,NULL,NULL,1795537),(1515,'2023-05-30',791159,2,33,29,NULL,NULL,1796012),(1516,'2023-06-01',837055,2,33,29,NULL,NULL,1796133),(1517,'2023-06-05',140431,2,33,29,NULL,NULL,1796207),(1518,'2023-06-08',709930,2,33,29,NULL,NULL,1796453),(1519,'2023-06-13',793008,2,33,29,NULL,NULL,1796556),(1520,'2023-06-15',856820,2,33,29,NULL,NULL,1796593),(1521,'2023-06-29',188716,2,33,29,NULL,NULL,1796972),(1522,'2023-07-27',731539,2,33,29,NULL,NULL,1797821),(1523,'2023-07-31',857205,2,33,29,NULL,NULL,1797988),(1524,'2023-07-31',751367,2,33,29,NULL,NULL,1797991),(1525,'2023-08-02',825232,2,33,29,NULL,NULL,1798030),(1526,'2023-08-07',305732,2,33,29,NULL,NULL,1798372),(1527,'2023-08-07',855561,2,33,29,NULL,NULL,1798378),(1528,'2023-08-07',750457,2,33,29,NULL,NULL,1798379),(1529,'2023-08-10',767052,2,33,29,NULL,NULL,1798561),(1530,'2023-08-15',705886,2,33,29,NULL,NULL,1798621),(1531,'2023-08-15',857350,2,33,29,NULL,NULL,1798648),(1532,'2023-08-22',725226,2,33,29,NULL,NULL,1798814),(1533,'2023-08-24',798371,2,33,29,NULL,NULL,1798877),(1534,'2023-08-24',857442,2,33,29,NULL,NULL,1798927),(1535,'2023-08-24',857442,2,33,29,NULL,NULL,1798930),(1536,'2023-08-28',136716,2,33,29,NULL,NULL,1798941),(1537,'2023-08-28',841880,2,33,29,NULL,NULL,1798946),(1538,'2023-08-29',764843,2,33,29,NULL,NULL,1799025),(1539,'2023-08-31',857514,2,33,29,NULL,NULL,1799118),(1540,'2023-09-05',857566,2,33,29,NULL,NULL,1799301),(1541,'2023-09-05',857567,2,33,29,NULL,NULL,1799302),(1542,'2023-09-05',857582,2,33,29,NULL,NULL,1799307),(1543,'2023-09-07',621406,2,33,29,NULL,NULL,1799529),(1544,'2023-09-07',779172,2,33,29,NULL,NULL,1799537),(1545,'2023-09-11',751147,2,33,29,NULL,NULL,1799612),(1546,'2023-09-11',744244,2,33,29,NULL,NULL,1799614),(1547,'2023-09-11',763206,2,33,29,NULL,NULL,1799615),(1548,'2023-09-21',181269,2,33,29,NULL,NULL,1800054),(1549,'2023-09-29',831540,2,33,29,NULL,NULL,1800219),(1550,'2023-09-29',857789,2,33,29,NULL,NULL,1800220),(1551,'2023-10-09',810320,2,33,29,NULL,NULL,1800719),(1552,'2023-10-19',857996,2,33,29,NULL,NULL,1800857),(1553,'2023-10-23',745578,2,33,29,NULL,NULL,1801041),(1554,'2023-10-31',838885,2,33,29,NULL,NULL,1801077),(1555,'2023-11-02',858204,2,33,29,NULL,NULL,1801370),(1556,'2023-11-02',857754,2,33,29,NULL,NULL,1801371),(1557,'2023-11-02',858203,2,33,29,NULL,NULL,1801373),(1558,'2023-11-09',858303,2,33,29,NULL,NULL,1801702),(1559,'2023-11-13',858313,2,33,29,NULL,NULL,1801765),(1560,'2023-11-13',630155,2,33,29,NULL,NULL,1801767),(1561,'2023-11-13',817478,2,33,29,NULL,NULL,1801771),(1562,'2023-11-28',300492,2,33,29,NULL,NULL,1802256),(1563,'2023-12-04',706016,2,33,29,NULL,NULL,1802404),(1564,'2023-12-04',858633,2,33,29,NULL,NULL,1802407),(1565,'2023-12-04',858692,2,33,29,NULL,NULL,1802591),(1566,'2023-12-05',848098,2,33,29,NULL,NULL,1802652),(1567,'2023-12-07',819090,2,33,29,NULL,NULL,1802744),(1568,'2023-12-12',311747,2,33,29,NULL,NULL,1802894),(1569,'2023-12-14',858761,2,33,29,NULL,NULL,1803004),(1570,'2023-12-14',836545,2,33,29,NULL,NULL,1803014),(1571,'2023-12-18',314188,2,33,29,NULL,NULL,1803119),(1572,'2023-12-18',858821,2,33,29,NULL,NULL,1803154),(1573,'2023-12-28',858979,2,33,29,NULL,NULL,1803439),(1574,'2023-12-28',858991,2,33,29,NULL,NULL,1803447),(1575,'2023-12-30',309713,2,33,29,NULL,NULL,1803608),(1576,'2023-12-30',859058,2,33,29,NULL,NULL,1803612),(1577,'2024-01-05',859132,2,33,29,NULL,NULL,1803722),(1578,'2024-01-08',306214,2,33,29,NULL,NULL,1803760),(1579,'2024-01-05',859127,2,33,29,NULL,NULL,1803761),(1580,'2024-01-05',306214,2,33,29,NULL,NULL,1803803),(1581,'2024-01-08',612212,2,33,29,NULL,NULL,1803911),(1582,'2024-01-09',859155,2,33,29,NULL,NULL,1803938),(1583,'2024-01-09',859155,2,33,29,NULL,NULL,1803939),(1584,'2024-01-09',859170,2,33,29,NULL,NULL,1804049),(1585,'2024-01-11',859180,2,33,29,NULL,NULL,1804098),(1586,'2024-01-11',859192,2,33,29,NULL,NULL,1804099),(1587,'2024-01-15',859228,2,33,29,NULL,NULL,1804164),(1588,'2024-01-15',800117,2,33,29,NULL,NULL,1804166),(1589,'2024-01-22',859334,2,33,29,NULL,NULL,1804394),(1590,'2024-01-23',775644,2,33,29,NULL,NULL,1804466),(1591,'2024-01-29',859319,2,33,29,NULL,NULL,1804497),(1592,'2024-01-29',859341,2,33,29,NULL,NULL,1804498),(1593,'2024-01-29',859332,2,33,29,NULL,NULL,1804502),(1594,'2024-01-29',859392,2,33,29,NULL,NULL,1804503),(1595,'2024-01-29',752319,2,33,29,NULL,NULL,1804504),(1596,'2024-01-29',752319,2,33,29,NULL,NULL,1804505),(1597,'2024-01-29',859461,2,33,29,NULL,NULL,1804716),(1598,'2024-01-29',850776,2,33,29,NULL,NULL,1804718),(1599,'2024-01-29',859464,2,33,29,NULL,NULL,1804719),(1600,'2024-01-30',859483,2,33,29,NULL,NULL,1804737),(1601,'2024-02-01',845904,2,33,29,NULL,NULL,1804877),(1602,'2024-02-05',859643,2,33,29,NULL,NULL,1805061),(1603,'2024-02-05',859646,2,33,29,NULL,NULL,1805062),(1604,'2024-02-08',766647,2,33,29,NULL,NULL,1805173),(1605,'2024-02-08',859683,2,33,29,NULL,NULL,1805246),(1606,'2024-02-08',859711,2,33,29,NULL,NULL,1805305),(1607,'2024-02-14',859729,2,33,29,NULL,NULL,1805342),(1608,'2024-02-14',859741,2,33,29,NULL,NULL,1805356),(1609,'2024-02-15',733010,2,33,29,NULL,NULL,1805374),(1610,'2024-02-15',859743,2,33,29,NULL,NULL,1805375),(1611,'2024-02-15',859812,2,33,29,NULL,NULL,1805445),(1612,'2024-02-15',754796,2,33,29,NULL,NULL,1805446),(1613,'2024-02-19',138331,2,33,29,NULL,NULL,1805518),(1614,'2024-02-19',859852,2,33,29,NULL,NULL,1805524),(1615,'2024-02-19',859833,2,33,29,NULL,NULL,1805526),(1616,'2024-02-19',859817,2,33,29,NULL,NULL,1805529),(1617,'2024-02-19',859857,2,33,29,NULL,NULL,1805542),(1618,'2024-02-21',859863,2,33,29,NULL,NULL,1805569),(1619,'2024-02-21',752993,2,33,29,NULL,NULL,1805570),(1620,'2024-02-22',826533,2,33,29,NULL,NULL,1805663),(1621,'2024-02-22',859920,2,33,29,NULL,NULL,1805664),(1622,'2024-02-22',859921,2,33,29,NULL,NULL,1805665),(1623,'2024-02-22',859922,2,33,29,NULL,NULL,1805666),(1624,'2024-02-26',859991,2,33,29,NULL,NULL,1805796),(1625,'2024-02-26',601614,2,33,29,NULL,NULL,1805799),(1626,'2024-02-26',859984,2,33,29,NULL,NULL,1805800),(1627,'2024-02-26',830852,2,33,29,NULL,NULL,1805802),(1628,'2024-02-27',860043,2,33,29,NULL,NULL,1805877),(1629,'2024-02-29',754591,2,33,29,NULL,NULL,1806054),(1630,'2023-03-08',733118,2,NULL,84,NULL,NULL,1794030),(1631,'2023-12-19',796813,2,NULL,29,NULL,NULL,1803158),(2110,'2023-04-20',856130,3,29,12,11,NULL,1794051),(2111,'2023-04-20',856130,3,29,12,11,NULL,1794052),(2112,'2023-03-22',856182,3,29,12,11,NULL,1794290),(2113,'2023-03-28',856208,3,29,45,6,NULL,1794364),(2114,'2023-04-19',853602,3,29,12,11,NULL,1794866),(2115,'2023-05-15',855516,3,29,45,8,NULL,1794930),(2116,'2023-06-14',856729,3,29,44,3,NULL,1796205),(2117,'2023-07-07',158741,3,29,45,2,NULL,1796824),(2118,'2023-07-18',856910,3,29,44,8,NULL,1796904),(2119,'2023-08-02',857178,3,29,12,11,NULL,1797874),(2120,'2023-08-10',846497,3,29,45,1,NULL,1797876),(2121,'2023-08-10',852521,3,29,45,8,NULL,1797989),(2122,'2023-08-15',173785,3,29,45,8,NULL,1798138),(2123,'2023-08-25',857408,3,29,45,2,NULL,1798868),(2124,'2023-08-29',857476,3,29,45,11,NULL,1798994),(2125,'2023-09-12',852370,3,29,45,8,NULL,1799053),(2126,'2023-09-22',855451,3,29,12,8,NULL,1799174),(2127,'2023-09-29',817384,3,29,12,11,NULL,1799683),(2128,'2023-09-21',857725,3,29,12,1,NULL,1800038),(2129,'2023-09-29',191278,3,29,12,7,NULL,1800087),(2130,'2023-11-07',858051,3,29,45,8,NULL,1800983),(2131,'2023-11-07',116252,3,29,45,8,NULL,1800987),(2132,'2023-11-22',858252,3,29,45,6,NULL,1801485),(2133,'2023-12-12',858458,3,29,12,8,NULL,1802189),(2134,'2023-12-12',858640,3,29,12,7,NULL,1802483),(2135,'2023-12-20',858701,3,29,45,11,NULL,1802645),(2136,'2023-12-28',858726,3,29,12,5,NULL,1802910),(2137,'2023-12-15',858766,3,29,12,2,NULL,1802920),(2138,'2023-12-28',858790,3,29,12,8,NULL,1802930),(2139,'2024-01-02',15050,3,29,12,6,NULL,1803060),(2140,'2023-12-29',858832,3,29,45,8,NULL,1803141),(2141,'2024-01-17',859003,3,29,45,8,NULL,1803426),(2142,'2024-01-02',854415,3,29,12,6,NULL,1803556),(2143,'2024-01-05',575025,3,29,12,7,NULL,1803591),(2144,'2024-01-05',859043,3,29,12,2,NULL,1803712),(2145,'2024-01-24',858827,3,29,45,2,NULL,1803838),(2146,'2024-01-26',859229,3,29,45,4,NULL,1804212),(2147,'2024-02-01',859358,3,29,12,11,NULL,1804597),(2148,'2024-02-20',107595,3,29,45,8,NULL,1804675),(2149,'2024-02-09',122176,3,29,12,8,NULL,1804678),(2150,'2024-02-07',859453,3,29,12,8,NULL,1804681),(2151,'2024-02-09',859588,3,29,12,6,NULL,1804995),(2152,'2024-02-22',859637,3,29,45,8,NULL,1805053),(2153,'2024-02-22',859637,3,29,45,8,NULL,1805054),(2154,'2024-02-22',859637,3,29,45,8,NULL,1805055),(2155,'2024-02-26',754074,3,29,45,8,NULL,1805275),(2156,'2024-02-15',858984,3,29,45,3,NULL,1805311),(2157,'2024-02-27',833543,3,29,12,6,NULL,1805462),(2158,'2024-02-29',859834,3,29,12,8,NULL,1805490),(2159,'2024-02-20',859831,3,29,45,1,NULL,1805507),(2160,'2024-02-29',859872,3,29,12,3,NULL,1805616),(2161,'2023-02-28',856058,3,31,27,1,NULL,1793841),(2162,'2023-06-07',856701,3,31,27,1,NULL,1796140),(2163,'2023-09-11',160402,3,31,27,10,NULL,1799032),(2164,'2024-01-02',858869,3,31,27,8,NULL,1803162),(2165,'2024-01-27',859101,3,31,27,1,NULL,1803809),(2166,'2024-01-27',859215,3,31,27,7,NULL,1804177),(2167,'2024-02-28',859481,3,31,27,7,NULL,1804744),(2168,'2024-02-28',859749,3,31,27,11,NULL,1805378),(2169,'2023-02-06',839729,3,34,27,8,NULL,1793214),(2170,'2023-02-07',796246,3,30,27,7,NULL,1793316),(2171,'2023-05-10',773682,3,32,84,8,NULL,1794951),(2172,'2023-07-13',736036,3,32,84,7,NULL,1797107),(2173,'2023-12-30',858699,3,32,84,8,NULL,1802669),(2174,'2023-12-30',779498,3,32,84,2,NULL,1803098),(2175,'2024-02-20',822228,3,32,84,6,NULL,1805262),(2176,'2023-02-23',856020,3,33,29,8,NULL,1793643),(2177,'2023-05-12',856137,3,33,29,8,NULL,1794189),(2178,'2023-04-10',856201,3,33,29,8,NULL,1794358),(2179,'2023-05-05',776122,3,33,29,8,NULL,1794359),(2180,'2023-04-17',856285,3,33,29,8,NULL,1794551),(2181,'2023-04-17',856285,3,33,29,8,NULL,1794552),(2182,'2023-10-04',857789,3,33,29,6,NULL,1800220),(2183,'2023-11-01',857996,3,33,29,6,NULL,1800857),(2184,'2023-11-28',858203,3,33,29,1,NULL,1801373),(2185,'2024-01-11',311747,3,33,29,8,NULL,1802894),(2186,'2024-02-06',858761,3,33,29,8,NULL,1803004),(2187,'2024-01-10',858821,3,33,29,2,NULL,1803154),(2188,'2024-01-10',858979,3,33,29,8,NULL,1803439),(2189,'2024-01-10',858991,3,33,29,8,NULL,1803447),(2190,'2024-01-19',859058,3,33,29,6,NULL,1803612),(2191,'2024-01-19',306214,3,33,29,11,NULL,1803803),(2192,'2024-02-06',859341,3,33,29,7,NULL,1804498),(2193,'2024-02-22',845904,3,33,29,8,NULL,1804877),(2194,'2024-02-26',766647,3,33,29,8,NULL,1805173),(2195,'2024-02-28',859729,3,33,29,8,NULL,1805342),(2196,'2024-02-26',754796,3,33,29,8,NULL,1805446),(2197,'2023-08-03',819940,3,NULL,12,2,NULL,1797898),(2198,'2024-02-28',165785,3,NULL,27,11,NULL,1804403),(2199,'2024-02-07',847377,3,NULL,12,1,NULL,1804980),(2237,'2023-01-18',849639,7,29,44,NULL,NULL,1793010),(2238,'2023-01-27',768746,7,29,12,NULL,NULL,1793017),(2239,'2023-01-19',712204,7,29,44,NULL,NULL,1793033),(2240,'2023-02-15',839309,7,29,45,NULL,NULL,1793266),(2241,'2023-01-27',855888,7,29,12,NULL,NULL,1793302),(2242,'2023-01-31',832468,7,29,45,NULL,NULL,1793354),(2243,'2023-02-06',855934,7,29,45,NULL,NULL,1793387),(2244,'2023-02-17',729670,7,29,45,NULL,NULL,1793476),(2245,'2023-02-14',626794,7,29,45,NULL,NULL,1793491),(2246,'2023-02-24',849213,7,29,45,NULL,NULL,1793493),(2247,'2023-02-17',855996,7,29,12,NULL,NULL,1793609),(2248,'2023-02-24',757941,7,29,45,NULL,NULL,1793634),(2249,'2023-02-28',856027,7,29,12,NULL,NULL,1793662),(2250,'2023-03-02',701353,7,29,45,NULL,NULL,1793795),(2251,'2023-03-21',856097,7,29,45,NULL,NULL,1793967),(2252,'2023-03-03',722134,7,29,45,NULL,NULL,1793971),(2253,'2023-03-03',839447,7,29,45,NULL,NULL,1793972),(2254,'2023-03-11',766107,7,29,44,NULL,NULL,1794008),(2255,'2023-03-30',141413,7,29,45,NULL,NULL,1794012),(2256,'2023-03-15',736229,7,29,12,NULL,NULL,1794013),(2257,'2023-03-22',851896,7,29,12,NULL,NULL,1794047),(2258,'2023-03-15',152565,7,29,45,NULL,NULL,1794166),(2259,'2023-03-21',753379,7,29,45,NULL,NULL,1794211),(2260,'2023-03-31',855336,7,29,45,NULL,NULL,1794291),(2261,'2023-03-29',848773,7,29,45,NULL,NULL,1794301),(2262,'2023-04-04',856194,7,29,45,NULL,NULL,1794341),(2263,'2023-04-27',856204,7,29,45,NULL,NULL,1794353),(2264,'2023-04-05',730870,7,29,12,NULL,NULL,1794376),(2265,'2023-04-19',175633,7,29,12,NULL,NULL,1794563),(2266,'2023-04-19',855419,7,29,12,NULL,NULL,1794704),(2267,'2023-04-27',726916,7,29,44,NULL,NULL,1794835),(2268,'2023-04-25',195870,7,29,45,NULL,NULL,1794846),(2269,'2023-04-20',856135,7,29,12,NULL,NULL,1794916),(2270,'2023-04-28',849606,7,29,44,NULL,NULL,1795048),(2271,'2023-05-22',815797,7,29,44,NULL,NULL,1795110),(2272,'2023-05-24',104288,7,29,44,NULL,NULL,1795316),(2273,'2023-05-05',852207,7,29,45,NULL,NULL,1795353),(2274,'2023-05-16',633656,7,29,12,NULL,NULL,1795563),(2275,'2023-05-23',803685,7,29,45,NULL,NULL,1795736),(2276,'2023-06-06',824011,7,29,44,NULL,NULL,1795950),(2277,'2023-06-13',850370,7,29,45,NULL,NULL,1796050),(2278,'2023-06-02',856676,7,29,45,NULL,NULL,1796055),(2279,'2023-06-02',856674,7,29,45,NULL,NULL,1796078),(2280,'2023-06-06',856675,7,29,44,NULL,NULL,1796079),(2281,'2023-06-06',856703,7,29,44,NULL,NULL,1796121),(2282,'2023-06-02',25274,7,29,45,NULL,NULL,1796122),(2283,'2023-06-13',109068,7,29,45,NULL,NULL,1796151),(2284,'2023-06-13',102017,7,29,45,NULL,NULL,1796221),(2285,'2023-06-30',856760,7,29,44,NULL,NULL,1796449),(2286,'2023-06-21',849762,7,29,44,NULL,NULL,1796547),(2287,'2023-06-16',739449,7,29,44,NULL,NULL,1796570),(2288,'2023-06-16',851732,7,29,44,NULL,NULL,1796591),(2289,'2023-06-30',856858,7,29,44,NULL,NULL,1796774),(2290,'2023-06-30',848697,7,29,44,NULL,NULL,1796791),(2291,'2023-07-12',839661,7,29,12,NULL,NULL,1796868),(2292,'2023-07-07',856922,7,29,45,NULL,NULL,1796926),(2293,'2023-07-18',856932,7,29,44,NULL,NULL,1796942),(2294,'2023-07-13',113153,7,29,45,NULL,NULL,1797403),(2295,'2023-07-19',857035,7,29,44,NULL,NULL,1797407),(2296,'2023-07-20',168786,7,29,12,NULL,NULL,1797555),(2297,'2023-08-09',760676,7,29,45,NULL,NULL,1797563),(2298,'2023-08-10',846676,7,29,45,NULL,NULL,1797870),(2299,'2023-08-09',846728,7,29,45,NULL,NULL,1797877),(2300,'2023-08-02',710738,7,29,45,NULL,NULL,1797897),(2301,'2023-08-03',766708,7,29,12,NULL,NULL,1798049),(2302,'2023-08-03',857230,7,29,12,NULL,NULL,1798052),(2303,'2023-08-09',857265,7,29,45,NULL,NULL,1798364),(2304,'2023-08-18',132583,7,29,44,NULL,NULL,1798514),(2305,'2023-08-18',854300,7,29,44,NULL,NULL,1798516),(2306,'2023-08-25',715753,7,29,45,NULL,NULL,1798626),(2307,'2023-08-24',106628,7,29,45,NULL,NULL,1798675),(2308,'2023-08-24',106628,7,29,45,NULL,NULL,1798676),(2309,'2023-08-29',809619,7,29,45,NULL,NULL,1798835),(2310,'2023-08-25',851561,7,29,45,NULL,NULL,1798856),(2311,'2023-09-05',757326,7,29,45,NULL,NULL,1798973),(2312,'2023-09-01',121739,7,29,45,NULL,NULL,1799058),(2313,'2023-09-01',20757,7,29,45,NULL,NULL,1799091),(2314,'2023-09-27',160064,7,29,45,NULL,NULL,1799235),(2315,'2023-09-19',713648,7,29,45,NULL,NULL,1799582),(2316,'2023-09-20',857638,7,29,12,NULL,NULL,1799690),(2317,'2023-09-22',17203,7,29,12,NULL,NULL,1799707),(2318,'2023-10-04',847439,7,29,44,NULL,NULL,1799752),(2319,'2023-09-27',849458,7,29,45,NULL,NULL,1799967),(2320,'2023-10-02',629356,7,29,12,NULL,NULL,1800042),(2321,'2023-10-06',857742,7,29,44,NULL,NULL,1800089),(2322,'2023-10-19',27756,7,29,45,NULL,NULL,1800373),(2323,'2023-10-05',123144,7,29,44,NULL,NULL,1800375),(2324,'2023-10-12',715753,7,29,45,NULL,NULL,1800454),(2325,'2023-10-17',857819,7,29,45,NULL,NULL,1800466),(2326,'2023-10-10',857935,7,29,45,NULL,NULL,1800739),(2327,'2023-10-25',103200,7,29,45,NULL,NULL,1800848),(2328,'2023-10-26',797789,7,29,12,NULL,NULL,1800898),(2329,'2023-11-13',182830,7,29,12,NULL,NULL,1801107),(2330,'2023-10-30',28133,7,29,45,NULL,NULL,1801111),(2331,'2023-11-02',858205,7,29,45,NULL,NULL,1801335),(2332,'2023-11-11',858208,7,29,12,NULL,NULL,1801392),(2333,'2023-11-11',846606,7,29,12,NULL,NULL,1801486),(2334,'2023-11-23',855045,7,29,45,NULL,NULL,1801761),(2335,'2023-11-23',98328,7,29,12,NULL,NULL,1801981),(2336,'2023-11-28',761364,7,29,45,NULL,NULL,1802027),(2337,'2023-12-11',851836,7,29,45,NULL,NULL,1802042),(2338,'2023-12-05',852877,7,29,45,NULL,NULL,1802043),(2339,'2023-12-11',858396,7,29,45,NULL,NULL,1802447),(2340,'2023-12-23',803279,7,29,44,NULL,NULL,1802480),(2341,'2023-12-15',734438,7,29,12,NULL,NULL,1802567),(2342,'2023-12-23',630873,7,29,44,NULL,NULL,1802681),(2343,'2023-12-28',853164,7,29,12,NULL,NULL,1802810),(2344,'2023-12-28',858737,7,29,12,NULL,NULL,1802943),(2345,'2023-12-19',850292,7,29,45,NULL,NULL,1802974),(2346,'2023-12-26',858807,7,29,12,NULL,NULL,1803064),(2347,'2024-01-02',850752,7,29,12,NULL,NULL,1803385),(2348,'2024-01-04',859005,7,29,45,NULL,NULL,1803503),(2349,'2024-01-04',859007,7,29,45,NULL,NULL,1803504),(2350,'2024-01-05',118646,7,29,12,NULL,NULL,1803674),(2351,'2024-01-18',850040,7,29,45,NULL,NULL,1803733),(2352,'2024-01-05',114994,7,29,12,NULL,NULL,1803735),(2353,'2024-01-05',158625,7,29,12,NULL,NULL,1803742),(2354,'2024-01-18',802098,7,29,12,NULL,NULL,1803954),(2355,'2024-01-18',859157,7,29,12,NULL,NULL,1803955),(2356,'2024-01-12',114749,7,29,45,NULL,NULL,1804095),(2357,'2024-01-23',142182,7,29,45,NULL,NULL,1804147),(2358,'2024-02-08',101367,7,29,12,NULL,NULL,1804438),(2359,'2024-02-02',859285,7,29,12,NULL,NULL,1804547),(2360,'2024-02-07',859435,7,29,12,NULL,NULL,1804699),(2361,'2024-02-01',846742,7,29,12,NULL,NULL,1804701),(2362,'2024-02-07',857297,7,29,12,NULL,NULL,1804783),(2363,'2024-02-08',859549,7,29,12,NULL,NULL,1804870),(2364,'2024-02-22',859571,7,29,45,NULL,NULL,1804924),(2365,'2024-02-15',177673,7,29,45,NULL,NULL,1805040),(2366,'2024-02-09',818281,7,29,12,NULL,NULL,1805206),(2367,'2024-02-15',783591,7,29,45,NULL,NULL,1805310),(2368,'2024-02-20',859715,7,29,45,NULL,NULL,1805315),(2369,'2024-02-29',17272,7,29,12,NULL,NULL,1805316),(2370,'2024-02-29',735075,7,29,12,NULL,NULL,1805334),(2371,'2024-02-29',17272,7,29,12,NULL,NULL,1805340),(2372,'2024-02-29',859748,7,29,12,NULL,NULL,1805406),(2373,'2024-02-22',100924,7,29,45,NULL,NULL,1805460),(2374,'2024-02-22',774231,7,29,45,NULL,NULL,1805489),(2375,'2024-02-26',859828,7,29,45,NULL,NULL,1805516),(2376,'2024-02-26',859900,7,29,45,NULL,NULL,1805655),(2377,'2024-02-29',859960,7,29,12,NULL,NULL,1805745),(2378,'2024-02-29',194910,7,29,12,NULL,NULL,1805763),(2379,'2023-04-25',856190,7,31,27,NULL,NULL,1794311),(2380,'2023-05-09',820888,7,31,27,NULL,NULL,1794829),(2381,'2023-06-15',856649,7,31,27,NULL,NULL,1796003),(2382,'2023-06-15',856714,7,31,27,NULL,NULL,1796135),(2383,'2023-07-13',773480,7,31,27,NULL,NULL,1796759),(2384,'2023-07-21',857031,7,31,27,NULL,NULL,1797362),(2385,'2023-09-01',183488,7,31,27,NULL,NULL,1797477),(2386,'2023-08-16',715869,7,31,27,NULL,NULL,1797478),(2387,'2023-08-16',857068,7,31,27,NULL,NULL,1797498),(2388,'2023-07-24',857077,7,31,27,NULL,NULL,1797586),(2389,'2023-08-16',857171,7,31,81,NULL,NULL,1797829),(2390,'2023-08-29',857213,7,31,27,NULL,NULL,1797990),(2391,'2023-09-11',851490,7,31,27,NULL,NULL,1798567),(2392,'2023-09-06',763560,7,31,27,NULL,NULL,1798596),(2393,'2023-09-26',857519,7,31,27,NULL,NULL,1799130),(2394,'2023-10-09',857796,7,31,27,NULL,NULL,1800227),(2395,'2023-11-14',705178,7,31,27,NULL,NULL,1800336),(2396,'2023-11-14',857945,7,31,27,NULL,NULL,1800752),(2397,'2023-11-02',858060,7,31,27,NULL,NULL,1801025),(2398,'2023-11-14',858061,7,31,27,NULL,NULL,1801037),(2399,'2023-11-23',858110,7,31,27,NULL,NULL,1801150),(2400,'2023-12-12',858513,7,31,27,NULL,NULL,1802260),(2401,'2024-01-30',827532,7,31,27,NULL,NULL,1802313),(2402,'2023-12-27',200139,7,31,27,NULL,NULL,1803035),(2403,'2024-01-08',859018,7,31,27,NULL,NULL,1803492),(2404,'2024-01-11',859049,7,31,27,NULL,NULL,1803619),(2405,'2024-01-23',851848,7,31,27,NULL,NULL,1803941),(2406,'2024-01-30',151424,7,31,27,NULL,NULL,1804167),(2407,'2024-02-01',859340,7,31,27,NULL,NULL,1804493),(2408,'2024-02-10',859431,7,31,27,NULL,NULL,1804511),(2409,'2024-02-10',782096,7,31,27,NULL,NULL,1804513),(2410,'2023-02-22',750565,7,30,27,NULL,NULL,1793315),(2411,'2023-03-09',701886,7,30,27,NULL,NULL,1793488),(2412,'2023-03-09',703175,7,30,27,NULL,NULL,1793568),(2413,'2023-03-29',765922,7,30,27,NULL,NULL,1794038),(2414,'2023-10-24',146701,7,30,84,NULL,NULL,1800368),(2415,'2023-02-11',744980,7,32,84,NULL,NULL,1793519),(2416,'2023-02-11',732857,7,32,84,NULL,NULL,1793543),(2417,'2023-03-03',845613,7,32,84,NULL,NULL,1793844),(2418,'2023-04-01',501169,7,32,84,NULL,NULL,1794241),(2419,'2023-04-17',779372,7,32,84,NULL,NULL,1794433),(2420,'2023-05-10',768917,7,32,84,NULL,NULL,1794952),(2421,'2023-05-10',856430,7,32,84,NULL,NULL,1795151),(2422,'2023-05-30',829829,7,32,84,NULL,NULL,1795904),(2423,'2023-06-16',726003,7,32,84,NULL,NULL,1796474),(2424,'2023-06-16',831138,7,32,84,NULL,NULL,1796563),(2425,'2023-07-26',500749,7,32,84,NULL,NULL,1797366),(2426,'2023-07-29',857097,7,32,84,NULL,NULL,1797593),(2427,'2023-08-12',857168,7,32,84,NULL,NULL,1797846),(2428,'2023-08-12',848980,7,32,84,NULL,NULL,1798070),(2429,'2023-08-12',779474,7,32,84,NULL,NULL,1798081),(2430,'2023-08-12',770652,7,32,84,NULL,NULL,1798141),(2431,'2023-08-12',734672,7,32,84,NULL,NULL,1798421),(2432,'2023-08-22',180116,7,32,84,NULL,NULL,1798480),(2433,'2023-08-22',180116,7,32,84,NULL,NULL,1798481),(2434,'2023-08-22',796499,7,32,84,NULL,NULL,1798533),(2435,'2023-08-22',786049,7,32,84,NULL,NULL,1798638),(2436,'2023-08-22',791461,7,32,84,NULL,NULL,1798640),(2437,'2023-09-07',814636,7,32,84,NULL,NULL,1798702),(2438,'2023-08-25',187098,7,32,84,NULL,NULL,1798771),(2439,'2023-09-07',857523,7,32,84,NULL,NULL,1799133),(2440,'2023-09-15',857529,7,32,84,NULL,NULL,1799279),(2441,'2023-09-15',857557,7,32,84,NULL,NULL,1799295),(2442,'2023-09-15',152600,7,32,84,NULL,NULL,1799665),(2443,'2023-09-21',510555,7,32,84,NULL,NULL,1799756),(2444,'2023-10-06',857766,7,32,84,NULL,NULL,1800129),(2445,'2023-10-06',166528,7,32,84,NULL,NULL,1800265),(2446,'2023-10-06',506736,7,32,84,NULL,NULL,1800267),(2447,'2023-09-30',812157,7,32,84,NULL,NULL,1800268),(2448,'2023-10-09',65273,7,32,84,NULL,NULL,1800705),(2449,'2023-11-13',830500,7,32,84,NULL,NULL,1800893),(2450,'2023-11-13',852108,7,32,84,NULL,NULL,1800977),(2451,'2023-11-08',608559,7,32,84,NULL,NULL,1801386),(2452,'2023-11-13',808206,7,32,84,NULL,NULL,1801458),(2453,'2023-11-13',858253,7,32,84,NULL,NULL,1801489),(2454,'2023-11-25',855354,7,32,84,NULL,NULL,1801966),(2455,'2023-12-06',804276,7,32,84,NULL,NULL,1802023),(2456,'2023-12-22',603165,7,32,84,NULL,NULL,1803085),(2457,'2023-12-30',858823,7,32,84,NULL,NULL,1803147),(2458,'2023-12-22',858845,7,32,84,NULL,NULL,1803229),(2459,'2023-12-30',715915,7,32,84,NULL,NULL,1803318),(2460,'2024-01-13',770634,7,32,84,NULL,NULL,1803478),(2461,'2024-01-31',515698,7,32,84,NULL,NULL,1804327),(2462,'2024-01-31',503164,7,32,84,NULL,NULL,1804456),(2463,'2024-02-20',859404,7,32,84,NULL,NULL,1804531),(2464,'2024-02-20',857287,7,32,84,NULL,NULL,1804536),(2465,'2024-02-20',768917,7,32,84,NULL,NULL,1805031),(2466,'2024-02-20',65549,7,32,84,NULL,NULL,1805200),(2467,'2024-02-24',797029,7,32,84,NULL,NULL,1805537),(2468,'2023-01-19',756914,7,33,29,NULL,NULL,1792996),(2469,'2023-01-18',767920,7,33,29,NULL,NULL,1793002),(2470,'2023-01-18',627406,7,33,29,NULL,NULL,1793067),(2471,'2023-01-19',852967,7,33,29,NULL,NULL,1793241),(2472,'2023-02-03',738564,7,33,29,NULL,NULL,1793274),(2473,'2023-02-03',795649,7,33,29,NULL,NULL,1793311),(2474,'2023-02-23',731162,7,33,29,NULL,NULL,1793396),(2475,'2023-02-17',844991,7,33,29,NULL,NULL,1793455),(2476,'2023-02-14',302658,7,33,29,NULL,NULL,1793509),(2477,'2023-02-24',856020,7,33,29,NULL,NULL,1793643),(2478,'2023-03-08',758720,7,33,29,NULL,NULL,1793886),(2479,'2023-03-30',138473,7,33,29,NULL,NULL,1794031),(2480,'2023-04-03',174705,7,33,29,NULL,NULL,1794179),(2481,'2023-03-29',785209,7,33,29,NULL,NULL,1794188),(2482,'2023-03-20',856100,7,33,29,NULL,NULL,1794216),(2483,'2023-03-30',822495,7,33,29,NULL,NULL,1794222),(2484,'2023-04-03',771634,7,33,29,NULL,NULL,1794226),(2485,'2023-03-29',312045,7,33,29,NULL,NULL,1794272),(2486,'2023-05-02',766278,7,33,29,NULL,NULL,1794392),(2487,'2023-04-19',309469,7,33,29,NULL,NULL,1794513),(2488,'2023-04-19',605449,7,33,29,NULL,NULL,1794516),(2489,'2023-05-02',744539,7,33,29,NULL,NULL,1794760),(2490,'2023-05-17',187877,7,33,29,NULL,NULL,1794861),(2491,'2023-05-05',856434,7,33,29,NULL,NULL,1795146),(2492,'2023-05-17',856506,7,33,29,NULL,NULL,1795371),(2493,'2023-05-17',705844,7,33,29,NULL,NULL,1795528),(2494,'2023-05-23',301495,7,33,29,NULL,NULL,1795530),(2495,'2023-05-23',611853,7,33,29,NULL,NULL,1795537),(2496,'2023-06-09',791159,7,33,29,NULL,NULL,1796012),(2497,'2023-06-09',140431,7,33,29,NULL,NULL,1796207),(2498,'2023-06-15',709930,7,33,29,NULL,NULL,1796453),(2499,'2023-06-16',793008,7,33,29,NULL,NULL,1796556),(2500,'2023-06-26',856820,7,33,29,NULL,NULL,1796593),(2501,'2023-08-03',188716,7,33,29,NULL,NULL,1796972),(2502,'2023-08-15',751367,7,33,29,NULL,NULL,1797991),(2503,'2023-09-05',825232,7,33,29,NULL,NULL,1798030),(2504,'2023-08-16',305732,7,33,29,NULL,NULL,1798372),(2505,'2023-12-06',855561,7,33,29,NULL,NULL,1798378),(2506,'2023-08-16',750457,7,33,29,NULL,NULL,1798379),(2507,'2023-08-16',767052,7,33,29,NULL,NULL,1798561),(2508,'2023-09-07',705886,7,33,29,NULL,NULL,1798621),(2509,'2023-08-25',857350,7,33,29,NULL,NULL,1798648),(2510,'2023-12-22',725226,7,33,29,NULL,NULL,1798814),(2511,'2023-09-04',798371,7,33,29,NULL,NULL,1798877),(2512,'2023-09-05',857442,7,33,29,NULL,NULL,1798927),(2513,'2023-09-05',857442,7,33,29,NULL,NULL,1798930),(2514,'2023-09-13',136716,7,33,29,NULL,NULL,1798941),(2515,'2023-09-04',841880,7,33,29,NULL,NULL,1798946),(2516,'2023-10-02',857514,7,33,29,NULL,NULL,1799118),(2517,'2023-09-18',857566,7,33,29,NULL,NULL,1799301),(2518,'2023-09-22',857567,7,33,29,NULL,NULL,1799302),(2519,'2023-10-02',857582,7,33,29,NULL,NULL,1799307),(2520,'2023-10-02',621406,7,33,29,NULL,NULL,1799529),(2521,'2023-09-18',779172,7,33,29,NULL,NULL,1799537),(2522,'2023-09-26',751147,7,33,29,NULL,NULL,1799612),(2523,'2023-09-26',744244,7,33,29,NULL,NULL,1799614),(2524,'2023-09-26',763206,7,33,29,NULL,NULL,1799615),(2525,'2023-10-12',831540,7,33,29,NULL,NULL,1800219),(2526,'2023-10-27',810320,7,33,29,NULL,NULL,1800719),(2527,'2023-11-01',745578,7,33,29,NULL,NULL,1801041),(2528,'2023-11-16',838885,7,33,29,NULL,NULL,1801077),(2529,'2023-11-09',857754,7,33,29,NULL,NULL,1801371),(2530,'2023-12-04',858313,7,33,29,NULL,NULL,1801765),(2531,'2023-11-28',630155,7,33,29,NULL,NULL,1801767),(2532,'2023-12-12',300492,7,33,29,NULL,NULL,1802256),(2533,'2023-12-06',706016,7,33,29,NULL,NULL,1802404),(2534,'2023-12-12',858692,7,33,29,NULL,NULL,1802591),(2535,'2024-01-03',848098,7,33,29,NULL,NULL,1802652),(2536,'2023-12-22',819090,7,33,29,NULL,NULL,1802744),(2537,'2024-01-02',836545,7,33,29,NULL,NULL,1803014),(2538,'2024-01-10',314188,7,33,29,NULL,NULL,1803119),(2539,'2024-01-02',796813,7,33,29,NULL,NULL,1803158),(2540,'2024-01-11',309713,7,33,29,NULL,NULL,1803608),(2541,'2024-01-26',306214,7,33,29,NULL,NULL,1803803),(2542,'2024-02-01',859155,7,33,29,NULL,NULL,1803938),(2543,'2024-02-01',859155,7,33,29,NULL,NULL,1803939),(2544,'2024-01-26',859170,7,33,29,NULL,NULL,1804049),(2545,'2024-01-26',859180,7,33,29,NULL,NULL,1804098),(2546,'2024-01-26',859192,7,33,29,NULL,NULL,1804099),(2547,'2024-01-26',859228,7,33,29,NULL,NULL,1804164),(2548,'2024-02-06',800117,7,33,29,NULL,NULL,1804166),(2549,'2024-02-19',859334,7,33,29,NULL,NULL,1804394),(2550,'2024-02-06',775644,7,33,29,NULL,NULL,1804466),(2551,'2024-02-09',859461,7,33,29,NULL,NULL,1804716),(2552,'2024-02-19',850776,7,33,29,NULL,NULL,1804718),(2553,'2024-02-09',859483,7,33,29,NULL,NULL,1804737),(2554,'2024-02-22',859683,7,33,29,NULL,NULL,1805246),(2555,'2024-02-28',859741,7,33,29,NULL,NULL,1805356),(2556,'2023-10-04',141399,7,NULL,44,NULL,NULL,1796161),(2557,'2024-02-22',779498,7,NULL,84,NULL,NULL,1803098);
/*!40000 ALTER TABLE `movimientos` ENABLE KEYS */;
UNLOCK TABLES;
/*!50003 SET @saved_cs_client      = @@character_set_client */ ;
/*!50003 SET @saved_cs_results     = @@character_set_results */ ;
/*!50003 SET @saved_col_connection = @@collation_connection */ ;
/*!50003 SET character_set_client  = utf8mb4 */ ;
/*!50003 SET character_set_results = utf8mb4 */ ;
/*!50003 SET collation_connection  = utf8mb4_0900_ai_ci */ ;
/*!50003 SET @saved_sql_mode       = @@sql_mode */ ;
/*!50003 SET sql_mode              = 'STRICT_TRANS_TABLES,NO_ENGINE_SUBSTITUTION' */ ;
DELIMITER ;;
/*!50003 CREATE*/ /*!50017 DEFINER=`root`@`localhost`*/ /*!50003 TRIGGER `after_insert_movimiento` AFTER INSERT ON `movimientos` FOR EACH ROW BEGIN
    DECLARE estado_anterior INT;
    IF NEW.estado = 1 THEN
        INSERT INTO tarjetas(fecha_emision, cliente, estado, pieza, fecha_estado)
        VALUES (NEW.fecha, NEW.tarjeta, 1, NEW.pieza, NEW.fecha);
    ELSEIF NEW.estado =2 THEN
        UPDATE tarjetas 
        SET 
        estado = NEW.estado, 
        fecha_estado = NEW.fecha, 
        ubicacion = NEW.ubicacion,
        cliente = NEW.tarjeta,
        fecha_imposicion = NEW.fecha
        WHERE pieza = NEW.pieza;      
    ELSE
        SELECT estado INTO estado_anterior FROM tarjetas WHERE pieza = NEW.pieza;
        IF estado_anterior = 2 AND (NEW.estado = 3 OR NEW.estado= 7) THEN                    
            UPDATE tarjetas 
            SET 
            estado = NEW.estado, 
            fecha_estado = NEW.fecha, 
            ubicacion = NEW.ubicacion,
            motivo = NEW.motivo,
            fecha_rendicion = NEW.fecha,
            cliente = NEW.tarjeta
            WHERE pieza = NEW.pieza;      
        ELSE
            UPDATE tarjetas 
            SET 
            estado = NEW.estado, 
            fecha_estado = NEW.fecha, 
            ubicacion = NEW.ubicacion,
            motivo = NEW.motivo,
            cliente = NEW.tarjeta
            WHERE pieza = NEW.pieza;
        END IF;
    END IF;
END */;;
DELIMITER ;
/*!50003 SET sql_mode              = @saved_sql_mode */ ;
/*!50003 SET character_set_client  = @saved_cs_client */ ;
/*!50003 SET character_set_results = @saved_cs_results */ ;
/*!50003 SET collation_connection  = @saved_col_connection */ ;

--
-- Table structure for table `operadores`
--

DROP TABLE IF EXISTS `operadores`;
/*!40101 SET @saved_cs_client     = @@character_set_client */;
/*!50503 SET character_set_client = utf8mb4 */;
CREATE TABLE `operadores` (
  `id` int NOT NULL AUTO_INCREMENT,
  `nombre` varchar(150) COLLATE utf8_bin NOT NULL,
  `email` varchar(150) COLLATE utf8_bin NOT NULL,
  `rol` int NOT NULL,
  `password` varchar(12) COLLATE utf8_bin NOT NULL,
  `certificado` varchar(40) COLLATE utf8_bin DEFAULT NULL,
  `oldcode` varchar(2) COLLATE utf8_bin DEFAULT NULL,
  PRIMARY KEY (`id`),
  KEY `fk_roles` (`rol`),
  CONSTRAINT `fk_roles` FOREIGN KEY (`rol`) REFERENCES `roles` (`id`)
) ENGINE=InnoDB AUTO_INCREMENT=88 DEFAULT CHARSET=utf8mb3 COLLATE=utf8_bin;
/*!40101 SET character_set_client = @saved_cs_client */;

--
-- Dumping data for table `operadores`
--

LOCK TABLES `operadores` WRITE;
/*!40000 ALTER TABLE `operadores` DISABLE KEYS */;
INSERT INTO `operadores` VALUES (11,'LEONARDO PAPA','leonardo@credimas.com.ar',1,'123',NULL,'F1'),(12,'TORRES,ROSSANA','',1,'123\r',NULL,'03'),(13,'LOBO,LUCIA IRENE','',2,'123\r',NULL,'0K'),(14,'PERO BERTINATTI, MARCOS','',3,'123\r',NULL,'1!'),(15,'EULA, AGUSTINA','',2,'123\r',NULL,'1#'),(16,'OCAMPO,GABRIELA','',3,'123\r',NULL,'12'),(17,'VALINO,GABRIELA','',3,'123\r',NULL,'15'),(18,'DE LA TORRE,CRISTINA','',1,'123\r',NULL,'19'),(19,'GIMENEZ,CLAUDIA','',3,'123\r',NULL,'20'),(20,'ROSSI,VALERIA','',1,'123\r',NULL,'24'),(21,'CARDOZO, VIRGINIA AGOSTINA','',3,'123\r',NULL,'2A'),(22,'SORIA, CONRADO','',3,'123\r',NULL,'2B'),(23,'CASTRO, BENJAMIN','',2,'123\r',NULL,'2C'),(24,'VILLAGRA, CARLA','',3,'123\r',NULL,'2Z'),(25,'SALAZAR,REYNALDO','',3,'123\r',NULL,'31'),(26,'CORTEZ,JOSE','',3,'123\r',NULL,'44'),(27,'TEVES,NELVA','',3,'123\r',NULL,'47'),(28,'RIOS,NORA ELIZABETH','',3,'123\r',NULL,'75'),(29,'PEYROTE,ILEANA','',3,'123\r',NULL,'83'),(30,'OLAS,PATRICIA','',3,'123\r',NULL,'A6'),(31,'RODRIGUEZ,LORENA PAOLA','',3,'123\r',NULL,'AT'),(32,'HERRERA,GRACIELA','',3,'123\r',NULL,'AU'),(33,'MARIA,CORINA ESTELA','',3,'123\r',NULL,'AW'),(34,'IBAÑEZ,RAMIRO','',3,'123\r',NULL,'AZ'),(35,'OZAN,MARCOS DIEGO','',4,'123\r',NULL,'BC'),(36,'ESPIN, KARINA ANTONELLA','',3,'123\r',NULL,'BD'),(37,'JARMA, LEILA','',3,'123\r',NULL,'BS'),(38,'RIGAZZIO,PABLO','',2,'123\r',NULL,'C3'),(39,'BARONE,NATALIA','',2,'123\r',NULL,'CB'),(40,'BRISEÑO,NATALIA','',3,'123\r',NULL,'CM'),(41,'GONZALEZ,MERCEDES','',3,'123\r',NULL,'E1'),(42,'VAZQUEZ,ROXANA','',2,'123\r',NULL,'G1'),(43,'AMAYA,IVANA','',2,'123\r',NULL,'G2'),(44,'GAMBINI,GUILLERMO','',1,'123\r',NULL,'G3'),(45,'GUTIERREZ,LUZ','',1,'123\r',NULL,'G4'),(46,'LEDESMA,MARIA DE LOS ANGELES','',2,'123\r',NULL,'GC'),(47,'GARZON GONZALEZ,MARIA JOSEFA','',2,'123\r',NULL,'GG'),(48,'INFANTE,ANA JOSEFINA','',2,'123\r',NULL,'GJ'),(49,'MOISES,ADRIANA GABRIELA','',2,'123\r',NULL,'GL'),(50,'LEITON,EVELIN LUCIA','',2,'123\r',NULL,'GO'),(51,'VALLEJO,MARIA LORENA','',2,'123\r',NULL,'GP'),(52,'ARGA¥ARAZ,CARLOS ALBERTO','',2,'123\r',NULL,'GR'),(53,'CARAQUE,FLAVIA','',3,'123\r',NULL,'IC'),(54,'ORLANDI,STELLA MARIS DEL C.','',3,'123\r',NULL,'K6'),(55,'SANCHEZ,SILVANA ERICA','',3,'123\r',NULL,'K8'),(56,'ARANDA,DELIA NOHELY','',3,'123\r',NULL,'KE'),(57,'ISA,CHRISTIAN ALFREDO','',3,'123\r',NULL,'KG'),(58,'CRUZ,CAROLINA VERONICA','',3,'123\r',NULL,'KK'),(59,'INFANTE,DANIELA VERONICA','',2,'123\r',NULL,'KN'),(60,'MAHAMED,LEILA ALEJANDRA','',3,'123\r',NULL,'L3'),(61,'BARNICHEA,NATALIA','',3,'123\r',NULL,'NC'),(62,'BEJARANO,NORMA','',3,'123\r',NULL,'NU'),(63,'LOPEZ,LUCIANA ANDREA','',3,'123\r',NULL,'OA'),(64,'ALDERETE,ROSA CAROLINA','',3,'123\r',NULL,'OH'),(65,'SILVERA,MARIA HUERTO','',2,'123\r',NULL,'OI'),(66,'PAZ,TANIA SOLEDAD','',2,'123\r',NULL,'OJ'),(67,'ESQUERRA,JESSICA','',2,'123\r',NULL,'OK'),(68,'SWENGER,MARIELA NOEMI','',3,'123\r',NULL,'PC'),(69,'SCALORA,VIRGINIA','',3,'123\r',NULL,'PO'),(70,'FRIAS,JUAN RAMON','',4,'123\r',NULL,'PQ'),(71,'ZOTTOLA,VANESA ELIZABETH','',3,'123\r',NULL,'PR'),(72,'OVEJERO,FRANCO','',4,'123\r',NULL,'RS'),(73,'VICENTE,LUCIANA','',3,'123\r',NULL,'S3'),(74,'BOUTONET,MARIANA','',3,'123\r',NULL,'S5'),(75,'GARCIA,LUCIANA ANDREA','',3,'123\r',NULL,'SC'),(76,'OTTINETTI,NATALIA','',3,'123\r',NULL,'SD'),(77,'PADILLA,ARIEL MARCELO','',3,'123\r',NULL,'SU'),(78,'MENENDEZ,DANIELA','',3,'123\r',NULL,'UB'),(79,'LEIVA,MARTA ALICIA','',3,'123\r',NULL,'UQ'),(80,'LOIS,ANDREA SUSANA','',3,'123\r',NULL,'UR'),(81,'BELON,GERMAN','',3,'123\r',NULL,'W7'),(82,'SEGOVIA,ZULMA VIVIANA','',3,'123\r',NULL,'X5'),(83,'MEDINA,DELIA ISABEL','',3,'123\r',NULL,'XB'),(84,'MONTES,NELLY','',3,'123\r',NULL,'Y5'),(85,'BUITRAGO,PAMELA','',3,'123\r',NULL,'Y7'),(86,'HERRERA,MARCELO','',3,'123\r',NULL,'YJ'),(87,'RIVADENEIRA,MARIA EUGENIA','',3,'123\r',NULL,'YZ');
/*!40000 ALTER TABLE `operadores` ENABLE KEYS */;
UNLOCK TABLES;

--
-- Temporary view structure for view `rapidez_x_fecha_imposicion`
--

DROP TABLE IF EXISTS `rapidez_x_fecha_imposicion`;
/*!50001 DROP VIEW IF EXISTS `rapidez_x_fecha_imposicion`*/;
SET @saved_cs_client     = @@character_set_client;
/*!50503 SET character_set_client = utf8mb4 */;
/*!50001 CREATE VIEW `rapidez_x_fecha_imposicion` AS SELECT 
 1 AS `mes`,
 1 AS `total_piezas`,
 1 AS `rapidez`*/;
SET character_set_client = @saved_cs_client;

--
-- Temporary view structure for view `rapidez_x_fecha_rendicion`
--

DROP TABLE IF EXISTS `rapidez_x_fecha_rendicion`;
/*!50001 DROP VIEW IF EXISTS `rapidez_x_fecha_rendicion`*/;
SET @saved_cs_client     = @@character_set_client;
/*!50503 SET character_set_client = utf8mb4 */;
/*!50001 CREATE VIEW `rapidez_x_fecha_rendicion` AS SELECT 
 1 AS `mes`,
 1 AS `rapidez`*/;
SET character_set_client = @saved_cs_client;

--
-- Table structure for table `roles`
--

DROP TABLE IF EXISTS `roles`;
/*!40101 SET @saved_cs_client     = @@character_set_client */;
/*!50503 SET character_set_client = utf8mb4 */;
CREATE TABLE `roles` (
  `id` int NOT NULL AUTO_INCREMENT,
  `nombre` varchar(45) COLLATE utf8_bin NOT NULL,
  PRIMARY KEY (`id`)
) ENGINE=InnoDB AUTO_INCREMENT=5 DEFAULT CHARSET=utf8mb3 COLLATE=utf8_bin;
/*!40101 SET character_set_client = @saved_cs_client */;

--
-- Dumping data for table `roles`
--

LOCK TABLES `roles` WRITE;
/*!40000 ALTER TABLE `roles` DISABLE KEYS */;
INSERT INTO `roles` VALUES (1,'CAR'),(2,'Contact Center'),(3,'Sucursal'),(4,'Procesamiento');
/*!40000 ALTER TABLE `roles` ENABLE KEYS */;
UNLOCK TABLES;

--
-- Table structure for table `tarjetas`
--

DROP TABLE IF EXISTS `tarjetas`;
/*!40101 SET @saved_cs_client     = @@character_set_client */;
/*!50503 SET character_set_client = utf8mb4 */;
CREATE TABLE `tarjetas` (
  `id` int NOT NULL AUTO_INCREMENT,
  `cliente` int NOT NULL,
  `fecha_emision` date NOT NULL,
  `fecha_imposicion` date DEFAULT NULL,
  `fecha_rendicion` date DEFAULT NULL,
  `estado` int NOT NULL,
  `fecha_estado` date NOT NULL,
  `motivo` int DEFAULT NULL,
  `ubicacion` int DEFAULT NULL,
  `pieza` int DEFAULT NULL,
  PRIMARY KEY (`id`)
) ENGINE=InnoDB AUTO_INCREMENT=562 DEFAULT CHARSET=utf8mb3 COLLATE=utf8_bin;
/*!40101 SET character_set_client = @saved_cs_client */;

--
-- Dumping data for table `tarjetas`
--

LOCK TABLES `tarjetas` WRITE;
/*!40000 ALTER TABLE `tarjetas` DISABLE KEYS */;
INSERT INTO `tarjetas` VALUES (1,821659,'2023-11-16','2023-11-22','2023-11-26',8,'2024-01-09',NULL,17,NULL),(2,821660,'2023-11-17','2023-12-05',NULL,7,'2024-02-23',NULL,33,NULL),(3,333333,'2023-11-17','2024-01-09','2024-02-23',4,'2024-02-23',NULL,20,NULL),(4,222222,'2023-11-16','2023-11-22',NULL,7,'2023-11-26',NULL,NULL,NULL),(5,444444,'2023-11-17',NULL,NULL,4,'2024-02-23',NULL,24,NULL),(6,111111,'2023-11-15','2024-02-23',NULL,2,'2024-02-23',NULL,29,NULL),(7,123456,'2023-11-18','2024-01-09',NULL,2,'2024-01-09',NULL,32,NULL),(8,654321,'2023-11-18','2024-01-09',NULL,2,'2024-01-09',NULL,31,NULL),(11,888888,'2023-11-22','2023-11-22',NULL,7,'2024-02-21',NULL,29,NULL),(12,270206,'2023-12-04','2023-12-05',NULL,2,'2023-12-05',NULL,30,NULL),(13,270207,'2023-12-04','2023-12-05',NULL,2,'2023-12-05',NULL,30,NULL),(14,113336,'2023-12-17','2024-01-18','2024-02-21',6,'2024-02-23',NULL,18,NULL),(15,555555,'2024-01-17','2024-01-18',NULL,2,'2024-01-18',NULL,30,NULL),(16,143203,'2024-01-30',NULL,NULL,1,'2024-01-30',NULL,NULL,NULL),(17,756914,'2023-01-03','2023-01-06','2023-01-19',7,'2023-01-19',NULL,33,1792996),(18,767920,'2023-01-03','2023-01-06','2023-01-18',7,'2023-01-18',NULL,33,1793002),(19,849639,'2023-01-03','2023-01-04','2023-01-18',7,'2023-01-18',NULL,29,1793010),(20,768746,'2023-01-03','2023-01-04','2023-01-27',7,'2023-01-27',NULL,29,1793017),(21,712204,'2023-01-05','2023-01-05','2023-01-19',7,'2023-01-19',NULL,29,1793033),(22,627406,'2023-01-09','2023-01-10','2023-01-18',7,'2023-01-18',NULL,33,1793067),(23,839729,'2023-01-11','2023-01-12','2023-02-06',3,'2023-02-06',8,34,1793214),(24,852967,'2023-01-13','2023-01-16','2023-01-19',7,'2023-01-19',NULL,33,1793241),(25,855692,'2023-01-13','2023-01-16',NULL,2,'2023-01-16',NULL,33,1793242),(26,839309,'2023-01-14','2023-01-19','2023-02-15',7,'2023-02-15',NULL,29,1793266),(27,738564,'2023-01-16','2023-01-23','2023-02-03',7,'2023-02-03',NULL,33,1793274),(28,855904,'2023-01-17','2023-01-17',NULL,2,'2023-01-17',NULL,29,1793293),(29,855888,'2023-01-17','2023-01-17','2023-01-27',7,'2023-01-27',NULL,29,1793302),(30,795649,'2023-01-18','2023-01-23','2023-02-03',7,'2023-02-03',NULL,33,1793311),(31,750565,'2023-01-18','2023-01-23','2023-02-22',7,'2023-02-22',NULL,30,1793315),(32,796246,'2023-01-18','2023-01-23','2023-02-07',3,'2023-02-07',7,30,1793316),(33,832468,'2023-01-19','2023-01-19','2023-01-31',7,'2023-01-31',NULL,29,1793354),(34,855934,'2023-01-23','2023-01-23','2023-02-06',7,'2023-02-06',NULL,29,1793387),(35,731162,'2023-01-25','2023-01-31','2023-02-23',7,'2023-02-23',NULL,33,1793396),(36,844991,'2023-01-30','2023-01-31','2023-02-17',7,'2023-02-17',NULL,33,1793455),(37,729670,'2023-01-31','2023-01-31','2023-02-17',7,'2023-02-17',NULL,29,1793476),(38,855965,'2023-01-31','2023-01-31',NULL,2,'2023-01-31',NULL,29,1793480),(39,701886,'2023-02-01','2023-02-03','2023-03-09',7,'2023-03-09',NULL,30,1793488),(40,626794,'2023-02-01','2023-02-01','2023-02-14',7,'2023-02-14',NULL,29,1793491),(41,849213,'2023-02-01','2023-02-01','2023-02-24',7,'2023-02-24',NULL,29,1793493),(42,302658,'2023-02-03','2023-02-06','2023-02-14',7,'2023-02-14',NULL,33,1793509),(43,744980,'2023-02-03','2023-02-06','2023-02-11',7,'2023-02-11',NULL,32,1793519),(44,732857,'2023-02-06','2023-02-07','2023-02-11',7,'2023-02-11',NULL,32,1793543),(45,703175,'2023-02-08','2023-02-09','2023-03-09',7,'2023-03-09',NULL,30,1793568),(46,855996,'2023-02-09','2023-02-10','2023-02-17',7,'2023-02-17',NULL,29,1793609),(47,757941,'2023-02-10','2023-02-10','2023-02-24',7,'2023-02-24',NULL,29,1793634),(48,856020,'2023-02-13','2023-02-14','2023-02-23',7,'2023-02-24',NULL,33,1793643),(49,856019,'2023-02-13','2023-02-13',NULL,2,'2023-02-13',NULL,29,1793653),(50,856027,'2023-02-14','2023-02-14','2023-02-28',7,'2023-02-28',NULL,29,1793662),(51,701353,'2023-02-15','2023-02-15','2023-03-02',7,'2023-03-02',NULL,29,1793795),(52,856058,'2023-02-22','2023-02-23','2023-02-28',3,'2023-02-28',1,31,1793841),(53,845613,'2023-02-22','2023-02-23','2023-03-03',7,'2023-03-03',NULL,32,1793844),(54,856073,'2023-02-23','2023-02-23',NULL,2,'2023-02-23',NULL,29,1793877),(55,758720,'2023-02-27','2023-03-01','2023-03-08',7,'2023-03-08',NULL,33,1793886),(56,848491,'2023-02-27','2023-03-01',NULL,2,'2023-03-01',NULL,33,1793895),(57,741614,'2023-03-01','2023-03-02',NULL,2,'2023-03-02',NULL,33,1793959),(58,856097,'2023-03-01','2023-03-01','2023-03-21',7,'2023-03-21',NULL,29,1793967),(59,722134,'2023-03-01','2023-03-01','2023-03-03',7,'2023-03-03',NULL,29,1793971),(60,839447,'2023-03-01','2023-03-01','2023-03-03',7,'2023-03-03',NULL,29,1793972),(61,856118,'2023-03-03','2023-03-03',NULL,2,'2023-03-03',NULL,29,1794007),(62,766107,'2023-03-03','2023-03-03','2023-03-11',7,'2023-03-11',NULL,29,1794008),(63,141413,'2023-03-03','2023-03-03','2023-03-30',7,'2023-03-30',NULL,29,1794012),(64,736229,'2023-03-03','2023-03-03','2023-03-15',7,'2023-03-15',NULL,29,1794013),(65,733118,'2023-03-03','2023-03-08',NULL,2,'2023-03-08',NULL,NULL,1794030),(66,138473,'2023-03-06','2023-03-07','2023-03-30',7,'2023-03-30',NULL,33,1794031),(67,765922,'2023-03-06','2023-03-07','2023-03-29',7,'2023-03-29',NULL,30,1794038),(68,851896,'2023-03-06','2023-03-07','2023-03-22',7,'2023-03-22',NULL,29,1794047),(69,856130,'2023-03-06','2023-03-07','2023-04-20',3,'2023-04-20',11,29,1794051),(70,856130,'2023-03-06','2023-03-07','2023-04-20',3,'2023-04-20',11,29,1794052),(71,152565,'2023-03-07','2023-03-07','2023-03-15',7,'2023-03-15',NULL,29,1794166),(72,174705,'2023-03-08','2023-03-09','2023-04-03',7,'2023-04-03',NULL,33,1794179),(73,785209,'2023-03-08','2023-03-09','2023-03-29',7,'2023-03-29',NULL,33,1794188),(74,856137,'2023-03-08','2023-03-09','2023-05-12',3,'2023-05-12',8,33,1794189),(75,753379,'2023-03-09','2023-03-09','2023-03-21',7,'2023-03-21',NULL,29,1794211),(76,856100,'2023-03-13','2023-03-15','2023-03-20',7,'2023-03-20',NULL,33,1794216),(77,822495,'2023-03-13','2023-03-15','2023-03-30',7,'2023-03-30',NULL,33,1794222),(78,771634,'2023-03-13','2023-03-15','2023-04-03',7,'2023-04-03',NULL,33,1794226),(79,501169,'2023-03-13','2023-03-14','2023-04-01',7,'2023-04-01',NULL,32,1794241),(80,312045,'2023-03-15','2023-03-16','2023-03-29',7,'2023-03-29',NULL,33,1794272),(81,856182,'2023-03-15','2023-03-15','2023-03-22',3,'2023-03-22',11,29,1794290),(82,855336,'2023-03-15','2023-03-15','2023-03-31',7,'2023-03-31',NULL,29,1794291),(83,848773,'2023-03-16','2023-03-16','2023-03-29',7,'2023-03-29',NULL,29,1794301),(84,856190,'2023-03-17','2023-03-20','2023-04-25',7,'2023-04-25',NULL,31,1794311),(85,856194,'2023-03-20','2023-03-20','2023-04-04',7,'2023-04-04',NULL,29,1794341),(86,856204,'2023-03-21','2023-03-21','2023-04-27',7,'2023-04-27',NULL,29,1794353),(87,828587,'2023-03-22','2023-03-23',NULL,2,'2023-03-23',NULL,33,1794355),(88,856201,'2023-03-22','2023-03-23','2023-04-10',3,'2023-04-10',8,33,1794358),(89,776122,'2023-03-22','2023-03-23','2023-05-05',3,'2023-05-05',8,33,1794359),(90,856208,'2023-03-22','2023-03-22','2023-03-28',3,'2023-03-28',6,29,1794364),(91,730870,'2023-03-23','2023-03-23','2023-04-05',7,'2023-04-05',NULL,29,1794376),(92,766278,'2023-03-27','2023-03-29','2023-05-02',7,'2023-05-02',NULL,33,1794392),(93,779372,'2023-03-29','2023-03-30','2023-04-17',7,'2023-04-17',NULL,32,1794433),(94,309469,'2023-04-05','2023-04-06','2023-04-19',7,'2023-04-19',NULL,33,1794513),(95,605449,'2023-04-05','2023-04-06','2023-04-19',7,'2023-04-19',NULL,33,1794516),(96,856285,'2023-04-10','2023-04-11','2023-04-17',3,'2023-04-17',8,33,1794551),(97,856285,'2023-04-10','2023-04-11','2023-04-17',3,'2023-04-17',8,33,1794552),(98,175633,'2023-04-10','2023-04-11','2023-04-19',7,'2023-04-19',NULL,29,1794563),(99,855419,'2023-04-11','2023-04-11','2023-04-19',7,'2023-04-19',NULL,29,1794704),(100,744539,'2023-04-12','2023-04-13','2023-05-02',7,'2023-05-02',NULL,33,1794760),(101,820888,'2023-04-14','2023-04-19','2023-05-09',7,'2023-05-09',NULL,31,1794829),(102,726916,'2023-04-14','2023-04-14','2023-04-27',7,'2023-04-27',NULL,29,1794835),(103,195870,'2023-04-14','2023-04-14','2023-04-25',7,'2023-04-25',NULL,29,1794846),(104,187877,'2023-04-17','2023-04-18','2023-05-17',7,'2023-05-17',NULL,33,1794861),(105,853602,'2023-04-17','2023-04-17','2023-04-19',3,'2023-04-19',11,29,1794866),(106,856135,'2023-04-18','2023-04-18','2023-04-20',7,'2023-04-20',NULL,29,1794916),(107,855516,'2023-04-19','2023-04-19','2023-05-15',3,'2023-05-15',8,29,1794930),(108,773682,'2023-04-19','2023-04-20','2023-05-10',3,'2023-05-10',8,32,1794951),(109,768917,'2023-04-19','2023-04-20','2023-05-10',7,'2023-05-10',NULL,32,1794952),(110,849606,'2023-04-20','2023-04-21','2023-04-28',7,'2023-04-28',NULL,29,1795048),(111,815797,'2023-04-25','2023-04-26','2023-05-22',7,'2023-05-22',NULL,29,1795110),(112,856434,'2023-04-26','2023-04-27','2023-05-05',7,'2023-05-05',NULL,33,1795146),(113,856430,'2023-04-26','2023-04-27','2023-05-10',7,'2023-05-10',NULL,32,1795151),(114,104288,'2023-05-02','2023-05-03','2023-05-24',7,'2023-05-24',NULL,29,1795316),(115,852207,'2023-05-02','2023-05-03','2023-05-05',7,'2023-05-05',NULL,29,1795353),(116,856506,'2023-05-02','2023-05-04','2023-05-17',7,'2023-05-17',NULL,33,1795371),(117,854593,'2023-05-03','2023-05-03',NULL,2,'2023-05-03',NULL,29,1795403),(118,134177,'2023-05-09','2023-05-10',NULL,2,'2023-05-10',NULL,29,1795494),(119,705844,'2023-05-09','2023-05-11','2023-05-17',7,'2023-05-17',NULL,33,1795528),(120,301495,'2023-05-09','2023-05-11','2023-05-23',7,'2023-05-23',NULL,33,1795530),(121,611853,'2023-05-09','2023-05-11','2023-05-23',7,'2023-05-23',NULL,33,1795537),(122,633656,'2023-05-10','2023-05-10','2023-05-16',7,'2023-05-16',NULL,29,1795563),(123,803685,'2023-05-16','2023-05-16','2023-05-23',7,'2023-05-23',NULL,29,1795736),(124,829829,'2023-05-19','2023-05-22','2023-05-30',7,'2023-05-30',NULL,32,1795904),(125,824011,'2023-05-22','2023-05-23','2023-06-06',7,'2023-06-06',NULL,29,1795950),(126,856649,'2023-05-23','2023-05-31','2023-06-15',7,'2023-06-15',NULL,31,1796003),(127,791159,'2023-05-29','2023-05-30','2023-06-09',7,'2023-06-09',NULL,33,1796012),(128,850370,'2023-05-29','2023-05-30','2023-06-13',7,'2023-06-13',NULL,29,1796050),(129,856676,'2023-05-29','2023-05-30','2023-06-02',7,'2023-06-02',NULL,29,1796055),(130,856674,'2023-05-29','2023-05-30','2023-06-02',7,'2023-06-02',NULL,29,1796078),(131,856675,'2023-05-29','2023-05-30','2023-06-06',7,'2023-06-06',NULL,29,1796079),(132,856703,'2023-05-30','2023-05-30','2023-06-06',7,'2023-06-06',NULL,29,1796121),(133,25274,'2023-05-30','2023-05-30','2023-06-02',7,'2023-06-02',NULL,29,1796122),(134,837055,'2023-05-31','2023-06-01',NULL,2,'2023-06-01',NULL,33,1796133),(135,856714,'2023-05-31','2023-06-02','2023-06-15',7,'2023-06-15',NULL,31,1796135),(136,856701,'2023-05-31','2023-06-02','2023-06-07',3,'2023-06-07',1,31,1796140),(137,109068,'2023-05-31','2023-05-31','2023-06-13',7,'2023-06-13',NULL,29,1796151),(138,141399,'2023-05-31','2023-09-26','2023-10-04',7,'2023-10-04',NULL,NULL,1796161),(139,856729,'2023-06-01','2023-06-01','2023-06-14',3,'2023-06-14',3,29,1796205),(140,140431,'2023-06-02','2023-06-05','2023-06-09',7,'2023-06-09',NULL,33,1796207),(141,102017,'2023-06-02','2023-06-02','2023-06-13',7,'2023-06-13',NULL,29,1796221),(142,856760,'2023-06-06','2023-06-06','2023-06-30',7,'2023-06-30',NULL,29,1796449),(143,709930,'2023-06-07','2023-06-08','2023-06-15',7,'2023-06-15',NULL,33,1796453),(144,726003,'2023-06-07','2023-06-08','2023-06-16',7,'2023-06-16',NULL,32,1796474),(145,849762,'2023-06-09','2023-06-09','2023-06-21',7,'2023-06-21',NULL,29,1796547),(146,793008,'2023-06-12','2023-06-13','2023-06-16',7,'2023-06-16',NULL,33,1796556),(147,831138,'2023-06-12','2023-06-13','2023-06-16',7,'2023-06-16',NULL,32,1796563),(148,739449,'2023-06-12','2023-06-12','2023-06-16',7,'2023-06-16',NULL,29,1796570),(149,851732,'2023-06-13','2023-06-13','2023-06-16',7,'2023-06-16',NULL,29,1796591),(150,856820,'2023-06-14','2023-06-15','2023-06-26',7,'2023-06-26',NULL,33,1796593),(151,773480,'2023-06-21','2023-06-22','2023-07-13',7,'2023-07-13',NULL,31,1796759),(152,856858,'2023-06-21','2023-06-21','2023-06-30',7,'2023-06-30',NULL,29,1796774),(153,848697,'2023-06-21','2023-06-21','2023-06-30',7,'2023-06-30',NULL,29,1796791),(154,158741,'2023-06-22','2023-06-22','2023-07-07',3,'2023-07-07',2,29,1796824),(155,839661,'2023-06-23','2023-06-23','2023-07-12',7,'2023-07-12',NULL,29,1796868),(156,856910,'2023-06-26','2023-06-26','2023-07-18',3,'2023-07-18',8,29,1796904),(157,856922,'2023-06-27','2023-06-27','2023-07-07',7,'2023-07-07',NULL,29,1796926),(158,145466,'2023-06-27','2023-06-27',NULL,2,'2023-06-27',NULL,29,1796938),(159,856932,'2023-06-28','2023-06-28','2023-07-18',7,'2023-07-18',NULL,29,1796942),(160,188716,'2023-06-28','2023-06-29','2023-08-03',7,'2023-08-03',NULL,33,1796972),(161,736036,'2023-07-03','2023-07-04','2023-07-13',3,'2023-07-13',7,32,1797107),(162,857031,'2023-07-07','2023-07-10','2023-07-21',7,'2023-07-21',NULL,31,1797362),(163,500749,'2023-07-07','2023-07-11','2023-07-26',7,'2023-07-26',NULL,32,1797366),(164,113153,'2023-07-10','2023-07-10','2023-07-13',7,'2023-07-13',NULL,29,1797403),(165,857035,'2023-07-10','2023-07-10','2023-07-19',7,'2023-07-19',NULL,29,1797407),(166,183488,'2023-07-12','2023-07-13','2023-09-01',7,'2023-09-01',NULL,31,1797477),(167,715869,'2023-07-12','2023-07-13','2023-08-16',7,'2023-08-16',NULL,31,1797478),(168,857068,'2023-07-12','2023-07-13','2023-08-16',7,'2023-08-16',NULL,31,1797498),(169,168786,'2023-07-14','2023-07-14','2023-07-20',7,'2023-07-20',NULL,29,1797555),(170,760676,'2023-07-14','2023-07-14','2023-08-09',7,'2023-08-09',NULL,29,1797563),(171,857077,'2023-07-14','2023-07-17','2023-07-24',7,'2023-07-24',NULL,31,1797586),(172,857097,'2023-07-14','2023-07-17','2023-07-29',7,'2023-07-29',NULL,32,1797593),(173,731539,'2023-07-25','2023-07-27',NULL,2,'2023-07-27',NULL,33,1797821),(174,857171,'2023-07-25','2023-07-27','2023-08-16',7,'2023-08-16',NULL,31,1797829),(175,857168,'2023-07-25','2023-07-27','2023-08-12',7,'2023-08-12',NULL,32,1797846),(176,846676,'2023-07-25','2023-07-25','2023-08-10',7,'2023-08-10',NULL,29,1797870),(177,857178,'2023-07-25','2023-07-25','2023-08-02',3,'2023-08-02',11,29,1797874),(178,846497,'2023-07-25','2023-07-25','2023-08-10',3,'2023-08-10',1,29,1797876),(179,846728,'2023-07-25','2023-07-25','2023-08-09',7,'2023-08-09',NULL,29,1797877),(180,857177,'2023-07-25','2023-07-25',NULL,2,'2023-07-25',NULL,29,1797879),(181,855451,'2023-07-25','2023-07-25',NULL,2,'2023-07-25',NULL,29,1797880),(182,710738,'2023-07-26','2023-07-26','2023-08-02',7,'2023-08-02',NULL,29,1797897),(183,819940,'2023-07-26','2023-07-26','2023-08-03',3,'2023-08-03',2,NULL,1797898),(184,788909,'2023-07-27','2023-07-31',NULL,2,'2023-07-31',NULL,32,1797965),(185,857205,'2023-07-27','2023-07-31',NULL,2,'2023-07-31',NULL,33,1797988),(186,852521,'2023-07-27','2023-07-28','2023-08-10',3,'2023-08-10',8,29,1797989),(187,857213,'2023-07-27','2023-07-31','2023-08-29',7,'2023-08-29',NULL,31,1797990),(188,751367,'2023-07-28','2023-07-31','2023-08-15',7,'2023-08-15',NULL,33,1797991),(189,825232,'2023-07-31','2023-08-02','2023-09-05',7,'2023-09-05',NULL,33,1798030),(190,766708,'2023-07-31','2023-07-31','2023-08-03',7,'2023-08-03',NULL,29,1798049),(191,857230,'2023-07-31','2023-07-31','2023-08-03',7,'2023-08-03',NULL,29,1798052),(192,848980,'2023-07-31','2023-08-01','2023-08-12',7,'2023-08-12',NULL,32,1798070),(193,779474,'2023-07-31','2023-08-01','2023-08-12',7,'2023-08-12',NULL,32,1798081),(194,173785,'2023-08-02','2023-08-02','2023-08-15',3,'2023-08-15',8,29,1798138),(195,770652,'2023-08-02','2023-08-03','2023-08-12',7,'2023-08-12',NULL,32,1798141),(196,857265,'2023-08-03','2023-08-03','2023-08-09',7,'2023-08-09',NULL,29,1798364),(197,305732,'2023-08-04','2023-08-07','2023-08-16',7,'2023-08-16',NULL,33,1798372),(198,855561,'2023-08-04','2023-08-07','2023-12-06',7,'2023-12-06',NULL,33,1798378),(199,750457,'2023-08-04','2023-08-07','2023-08-16',7,'2023-08-16',NULL,33,1798379),(200,845981,'2023-08-04','2023-08-04',NULL,2,'2023-08-04',NULL,29,1798399),(201,734672,'2023-08-04','2023-08-07','2023-08-12',7,'2023-08-12',NULL,32,1798421),(202,180116,'2023-08-07','2023-08-08','2023-08-22',7,'2023-08-22',NULL,32,1798480),(203,180116,'2023-08-07','2023-08-08','2023-08-22',7,'2023-08-22',NULL,32,1798481),(204,132583,'2023-08-08','2023-08-08','2023-08-18',7,'2023-08-18',NULL,29,1798514),(205,854300,'2023-08-08','2023-08-08','2023-08-18',7,'2023-08-18',NULL,29,1798516),(206,796499,'2023-08-09','2023-08-10','2023-08-22',7,'2023-08-22',NULL,32,1798533),(207,767052,'2023-08-09','2023-08-10','2023-08-16',7,'2023-08-16',NULL,33,1798561),(208,851490,'2023-08-09','2023-08-10','2023-09-11',7,'2023-09-11',NULL,31,1798567),(209,763560,'2023-08-11','2023-08-14','2023-09-06',7,'2023-09-06',NULL,31,1798596),(210,705886,'2023-08-11','2023-08-15','2023-09-07',7,'2023-09-07',NULL,33,1798621),(211,715753,'2023-08-11','2023-08-11','2023-08-25',7,'2023-08-25',NULL,29,1798626),(212,786049,'2023-08-11','2023-08-14','2023-08-22',7,'2023-08-22',NULL,32,1798638),(213,791461,'2023-08-11','2023-08-14','2023-08-22',7,'2023-08-22',NULL,32,1798640),(214,857350,'2023-08-14','2023-08-15','2023-08-25',7,'2023-08-25',NULL,33,1798648),(215,106628,'2023-08-14','2023-08-16','2023-08-24',7,'2023-08-24',NULL,29,1798675),(216,106628,'2023-08-14','2023-08-16','2023-08-24',7,'2023-08-24',NULL,29,1798676),(217,814636,'2023-08-14','2023-08-15','2023-09-07',7,'2023-09-07',NULL,32,1798702),(218,187098,'2023-08-16','2023-08-17','2023-08-25',7,'2023-08-25',NULL,32,1798771),(219,725226,'2023-08-18','2023-08-22','2023-12-22',7,'2023-12-22',NULL,33,1798814),(220,809619,'2023-08-18','2023-08-18','2023-08-29',7,'2023-08-29',NULL,29,1798835),(221,851561,'2023-08-22','2023-08-22','2023-08-25',7,'2023-08-25',NULL,29,1798856),(222,857408,'2023-08-22','2023-08-22','2023-08-25',3,'2023-08-25',2,29,1798868),(223,153689,'2023-08-22','2023-08-22',NULL,2,'2023-08-22',NULL,29,1798870),(224,798371,'2023-08-22','2023-08-24','2023-09-04',7,'2023-09-04',NULL,33,1798877),(225,857442,'2023-08-23','2023-08-24','2023-09-05',7,'2023-09-05',NULL,33,1798927),(226,857442,'2023-08-23','2023-08-24','2023-09-05',7,'2023-09-05',NULL,33,1798930),(227,136716,'2023-08-25','2023-08-28','2023-09-13',7,'2023-09-13',NULL,33,1798941),(228,841880,'2023-08-25','2023-08-28','2023-09-04',7,'2023-09-04',NULL,33,1798946),(229,757326,'2023-08-25','2023-08-28','2023-09-05',7,'2023-09-05',NULL,29,1798973),(230,857447,'2023-08-25','2023-08-28',NULL,2,'2023-08-28',NULL,29,1798977),(231,857476,'2023-08-26','2023-08-28','2023-08-29',3,'2023-08-29',11,29,1798994),(232,764843,'2023-08-28','2023-08-29',NULL,2,'2023-08-29',NULL,33,1799025),(233,160402,'2023-08-28','2023-08-29','2023-09-11',3,'2023-09-11',10,31,1799032),(234,852370,'2023-08-28','2023-08-28','2023-09-12',3,'2023-09-12',8,29,1799053),(235,121739,'2023-08-28','2023-08-28','2023-09-01',7,'2023-09-01',NULL,29,1799058),(236,20757,'2023-08-29','2023-08-29','2023-09-01',7,'2023-09-01',NULL,29,1799091),(237,857514,'2023-08-30','2023-08-31','2023-10-02',7,'2023-10-02',NULL,33,1799118),(238,857519,'2023-08-30','2023-08-31','2023-09-26',7,'2023-09-26',NULL,31,1799130),(239,857523,'2023-08-30','2023-08-31','2023-09-07',7,'2023-09-07',NULL,32,1799133),(240,855451,'2023-08-30','2023-08-30','2023-09-22',3,'2023-09-22',8,29,1799174),(241,160064,'2023-09-01','2023-09-01','2023-09-27',7,'2023-09-27',NULL,29,1799235),(242,857529,'2023-09-01','2023-09-05','2023-09-15',7,'2023-09-15',NULL,32,1799279),(243,857557,'2023-09-01','2023-09-05','2023-09-15',7,'2023-09-15',NULL,32,1799295),(244,857566,'2023-09-01','2023-09-05','2023-09-18',7,'2023-09-18',NULL,33,1799301),(245,857567,'2023-09-01','2023-09-05','2023-09-22',7,'2023-09-22',NULL,33,1799302),(246,857582,'2023-09-04','2023-09-05','2023-10-02',7,'2023-10-02',NULL,33,1799307),(247,621406,'2023-09-05','2023-09-07','2023-10-02',7,'2023-10-02',NULL,33,1799529),(248,779172,'2023-09-05','2023-09-07','2023-09-18',7,'2023-09-18',NULL,33,1799537),(249,857616,'2023-09-07','2023-09-07',NULL,2,'2023-09-07',NULL,29,1799578),(250,713648,'2023-09-07','2023-09-07','2023-09-19',7,'2023-09-19',NULL,29,1799582),(251,751147,'2023-09-08','2023-09-11','2023-09-26',7,'2023-09-26',NULL,33,1799612),(252,744244,'2023-09-08','2023-09-11','2023-09-26',7,'2023-09-26',NULL,33,1799614),(253,763206,'2023-09-08','2023-09-11','2023-09-26',7,'2023-09-26',NULL,33,1799615),(254,152600,'2023-09-11','2023-09-12','2023-09-15',7,'2023-09-15',NULL,32,1799665),(255,817384,'2023-09-11','2023-09-11','2023-09-29',3,'2023-09-29',11,29,1799683),(256,857638,'2023-09-11','2023-09-11','2023-09-20',7,'2023-09-20',NULL,29,1799690),(257,17203,'2023-09-11','2023-09-11','2023-09-22',7,'2023-09-22',NULL,29,1799707),(258,847439,'2023-09-13','2023-09-13','2023-10-04',7,'2023-10-04',NULL,29,1799752),(259,510555,'2023-09-13','2023-09-14','2023-09-21',7,'2023-09-21',NULL,32,1799756),(260,849458,'2023-09-15','2023-09-15','2023-09-27',7,'2023-09-27',NULL,29,1799967),(261,857725,'2023-09-19','2023-09-19','2023-09-21',3,'2023-09-21',1,29,1800038),(262,629356,'2023-09-19','2023-09-19','2023-10-02',7,'2023-10-02',NULL,29,1800042),(263,181269,'2023-09-20','2023-09-21',NULL,2,'2023-09-21',NULL,33,1800054),(264,191278,'2023-09-20','2023-09-20','2023-09-29',3,'2023-09-29',7,29,1800087),(265,857742,'2023-09-20','2023-09-20','2023-10-06',7,'2023-10-06',NULL,29,1800089),(266,857766,'2023-09-22','2023-09-26','2023-10-06',7,'2023-10-06',NULL,32,1800129),(267,831540,'2023-09-27','2023-09-29','2023-10-12',7,'2023-10-12',NULL,33,1800219),(268,857789,'2023-09-27','2023-09-29','2023-10-04',3,'2023-10-04',6,33,1800220),(269,857796,'2023-09-27','2023-09-28','2023-10-09',7,'2023-10-09',NULL,31,1800227),(270,166528,'2023-09-27','2023-09-28','2023-10-06',7,'2023-10-06',NULL,32,1800265),(271,506736,'2023-09-27','2023-09-28','2023-10-06',7,'2023-10-06',NULL,32,1800267),(272,812157,'2023-09-27','2023-09-28','2023-09-30',7,'2023-09-30',NULL,32,1800268),(273,705178,'2023-09-29','2023-10-02','2023-11-14',7,'2023-11-14',NULL,31,1800336),(274,146701,'2023-09-29','2023-10-03','2023-10-24',7,'2023-10-24',NULL,30,1800368),(275,27756,'2023-10-02','2023-10-02','2023-10-19',7,'2023-10-19',NULL,29,1800373),(276,123144,'2023-10-02','2023-10-02','2023-10-05',7,'2023-10-05',NULL,29,1800375),(277,715753,'2023-10-03','2023-10-03','2023-10-12',7,'2023-10-12',NULL,29,1800454),(278,857819,'2023-10-03','2023-10-03','2023-10-17',7,'2023-10-17',NULL,29,1800466),(279,65273,'2023-10-04','2023-10-05','2023-10-09',7,'2023-10-09',NULL,32,1800705),(280,810320,'2023-10-05','2023-10-09','2023-10-27',7,'2023-10-27',NULL,33,1800719),(281,857935,'2023-10-06','2023-10-06','2023-10-10',7,'2023-10-10',NULL,29,1800739),(282,857945,'2023-10-09','2023-10-10','2023-11-14',7,'2023-11-14',NULL,31,1800752),(283,849013,'2023-10-10','2023-10-10',NULL,2,'2023-10-10',NULL,29,1800785),(284,849013,'2023-10-10','2023-10-10',NULL,2,'2023-10-10',NULL,29,1800786),(285,103200,'2023-10-12','2023-10-12','2023-10-25',7,'2023-10-25',NULL,29,1800848),(286,857996,'2023-10-17','2023-10-19','2023-11-01',3,'2023-11-01',6,33,1800857),(287,830500,'2023-10-17','2023-10-19','2023-11-13',7,'2023-11-13',NULL,32,1800893),(288,797789,'2023-10-17','2023-10-17','2023-10-26',7,'2023-10-26',NULL,29,1800898),(289,852108,'2023-10-18','2023-10-19','2023-11-13',7,'2023-11-13',NULL,32,1800977),(290,858051,'2023-10-19','2023-10-19','2023-11-07',3,'2023-11-07',8,29,1800983),(291,116252,'2023-10-19','2023-10-19','2023-11-07',3,'2023-11-07',8,29,1800987),(292,858060,'2023-10-19','2023-10-23','2023-11-02',7,'2023-11-02',NULL,31,1801025),(293,858061,'2023-10-19','2023-10-26','2023-11-14',7,'2023-11-14',NULL,31,1801037),(294,745578,'2023-10-20','2023-10-23','2023-11-01',7,'2023-11-01',NULL,33,1801041),(295,838885,'2023-10-25','2023-10-31','2023-11-16',7,'2023-11-16',NULL,33,1801077),(296,182830,'2023-10-25','2023-10-26','2023-11-13',7,'2023-11-13',NULL,29,1801107),(297,28133,'2023-10-25','2023-10-26','2023-10-30',7,'2023-10-30',NULL,29,1801111),(298,858110,'2023-10-27','2023-10-30','2023-11-23',7,'2023-11-23',NULL,31,1801150),(299,611073,'2023-10-27','2023-10-27',NULL,2,'2023-10-27',NULL,29,1801179),(300,858205,'2023-10-31','2023-10-31','2023-11-02',7,'2023-11-02',NULL,29,1801335),(301,786460,'2023-11-01','2023-11-01',NULL,2,'2023-11-01',NULL,29,1801362),(302,858204,'2023-11-01','2023-11-02',NULL,2,'2023-11-02',NULL,33,1801370),(303,857754,'2023-11-01','2023-11-02','2023-11-09',7,'2023-11-09',NULL,33,1801371),(304,858203,'2023-11-01','2023-11-02','2023-11-28',3,'2023-11-28',1,33,1801373),(305,608559,'2023-11-01','2023-11-02','2023-11-08',7,'2023-11-08',NULL,32,1801386),(306,858208,'2023-11-01','2023-11-01','2023-11-11',7,'2023-11-11',NULL,29,1801392),(307,764850,'2023-11-01','2023-11-01',NULL,2,'2023-11-01',NULL,29,1801410),(308,857978,'2023-11-02','2023-11-02',NULL,2,'2023-11-02',NULL,29,1801443),(309,808206,'2023-11-03','2023-11-06','2023-11-13',7,'2023-11-13',NULL,32,1801458),(310,858252,'2023-11-06','2023-11-06','2023-11-22',3,'2023-11-22',6,29,1801485),(311,846606,'2023-11-06','2023-11-06','2023-11-11',7,'2023-11-11',NULL,29,1801486),(312,858253,'2023-11-06','2023-11-07','2023-11-13',7,'2023-11-13',NULL,32,1801489),(313,858303,'2023-11-08','2023-11-09',NULL,2,'2023-11-09',NULL,33,1801702),(314,605075,'2023-11-08','2023-11-08',NULL,2,'2023-11-08',NULL,29,1801718),(315,764678,'2023-11-09','2023-11-09',NULL,2,'2023-11-09',NULL,29,1801757),(316,855045,'2023-11-09','2023-11-09','2023-11-23',7,'2023-11-23',NULL,29,1801761),(317,858313,'2023-11-10','2023-11-13','2023-12-04',7,'2023-12-04',NULL,33,1801765),(318,630155,'2023-11-10','2023-11-13','2023-11-28',7,'2023-11-28',NULL,33,1801767),(319,817478,'2023-11-10','2023-11-13',NULL,2,'2023-11-13',NULL,33,1801771),(320,855354,'2023-11-13','2023-11-14','2023-11-25',7,'2023-11-25',NULL,32,1801966),(321,98328,'2023-11-13','2023-11-13','2023-11-23',7,'2023-11-23',NULL,29,1801981),(322,804276,'2023-11-15','2023-11-16','2023-12-06',7,'2023-12-06',NULL,32,1802023),(323,761364,'2023-11-15','2023-11-15','2023-11-28',7,'2023-11-28',NULL,29,1802027),(324,851836,'2023-11-16','2023-11-16','2023-12-11',7,'2023-12-11',NULL,29,1802042),(325,852877,'2023-11-16','2023-11-16','2023-12-05',7,'2023-12-05',NULL,29,1802043),(326,858391,'2023-11-16','2023-11-16',NULL,2,'2023-11-16',NULL,29,1802047),(327,858092,'2023-11-16','2023-11-16',NULL,2,'2023-11-16',NULL,29,1802048),(328,858456,'2023-11-21','2023-11-21',NULL,2,'2023-11-21',NULL,29,1802113),(329,858458,'2023-11-22','2023-11-22','2023-12-12',3,'2023-12-12',8,29,1802189),(330,797711,'2023-11-22','2023-11-22',NULL,2,'2023-11-22',NULL,29,1802199),(331,797711,'2023-11-22','2023-11-22',NULL,2,'2023-11-22',NULL,29,1802200),(332,300492,'2023-11-25','2023-11-28','2023-12-12',7,'2023-12-12',NULL,33,1802256),(333,858513,'2023-11-25','2023-11-28','2023-12-12',7,'2023-12-12',NULL,31,1802260),(334,827532,'2023-11-25','2023-11-28','2024-01-30',7,'2024-01-30',NULL,31,1802313),(335,706016,'2023-11-29','2023-12-04','2023-12-06',7,'2023-12-06',NULL,33,1802404),(336,858633,'2023-11-29','2023-12-04',NULL,2,'2023-12-04',NULL,33,1802407),(337,858396,'2023-11-29','2023-11-30','2023-12-11',7,'2023-12-11',NULL,29,1802447),(338,803279,'2023-11-29','2023-11-30','2023-12-23',7,'2023-12-23',NULL,29,1802480),(339,803279,'2023-11-29','2023-11-30',NULL,2,'2023-11-30',NULL,29,1802481),(340,858640,'2023-11-29','2023-11-30','2023-12-12',3,'2023-12-12',7,29,1802483),(341,734438,'2023-11-30','2023-12-01','2023-12-15',7,'2023-12-15',NULL,29,1802567),(342,858692,'2023-12-01','2023-12-04','2023-12-12',7,'2023-12-12',NULL,33,1802591),(343,858683,'2023-12-02','2023-12-04',NULL,2,'2023-12-04',NULL,29,1802635),(344,858701,'2023-12-02','2023-12-04','2023-12-20',3,'2023-12-20',11,29,1802645),(345,848098,'2023-12-02','2023-12-05','2024-01-03',7,'2024-01-03',NULL,33,1802652),(346,858699,'2023-12-02','2023-12-05','2023-12-30',3,'2023-12-30',8,32,1802669),(347,630873,'2023-12-04','2023-12-05','2023-12-23',7,'2023-12-23',NULL,29,1802681),(348,819090,'2023-12-05','2023-12-07','2023-12-22',7,'2023-12-22',NULL,33,1802744),(349,853164,'2023-12-05','2023-12-06','2023-12-28',7,'2023-12-28',NULL,29,1802810),(350,311747,'2023-12-07','2023-12-12','2024-01-11',3,'2024-01-11',8,33,1802894),(351,858726,'2023-12-07','2023-12-07','2023-12-28',3,'2023-12-28',5,29,1802910),(352,858766,'2023-12-12','2023-12-12','2023-12-15',3,'2023-12-15',2,29,1802920),(353,858790,'2023-12-12','2023-12-12','2023-12-28',3,'2023-12-28',8,29,1802930),(354,858737,'2023-12-12','2023-12-12','2023-12-28',7,'2023-12-28',NULL,29,1802943),(355,850292,'2023-12-12','2023-12-12','2023-12-19',7,'2023-12-19',NULL,29,1802974),(356,858761,'2023-12-13','2023-12-14','2024-02-06',3,'2024-02-06',8,33,1803004),(357,836545,'2023-12-13','2023-12-14','2024-01-02',7,'2024-01-02',NULL,33,1803014),(358,200139,'2023-12-13','2023-12-14','2023-12-27',7,'2023-12-27',NULL,31,1803035),(359,15050,'2023-12-13','2023-12-13','2024-01-02',3,'2024-01-02',6,29,1803060),(360,858807,'2023-12-13','2023-12-13','2023-12-26',7,'2023-12-26',NULL,29,1803064),(361,603165,'2023-12-13','2023-12-15','2023-12-22',7,'2023-12-22',NULL,32,1803085),(362,779498,'2023-12-13','2023-12-15','2023-12-30',7,'2024-02-22',NULL,NULL,1803098),(363,314188,'2023-12-15','2023-12-18','2024-01-10',7,'2024-01-10',NULL,33,1803119),(364,858832,'2023-12-15','2023-12-15','2023-12-29',3,'2023-12-29',8,29,1803141),(365,858823,'2023-12-15','2023-12-18','2023-12-30',7,'2023-12-30',NULL,32,1803147),(366,858821,'2023-12-15','2023-12-18','2024-01-10',3,'2024-01-10',2,33,1803154),(367,796813,'2023-12-18','2023-12-19','2024-01-02',7,'2024-01-02',NULL,33,1803158),(368,858869,'2023-12-18','2023-12-20','2024-01-02',3,'2024-01-02',8,31,1803162),(369,858845,'2023-12-18','2023-12-19','2023-12-22',7,'2023-12-22',NULL,32,1803229),(370,715915,'2023-12-20','2023-12-21','2023-12-30',7,'2023-12-30',NULL,32,1803318),(371,850752,'2023-12-23','2023-12-26','2024-01-02',7,'2024-01-02',NULL,29,1803385),(372,859003,'2023-12-23','2023-12-26','2024-01-17',3,'2024-01-17',8,29,1803426),(373,858979,'2023-12-23','2023-12-28','2024-01-10',3,'2024-01-10',8,33,1803439),(374,858991,'2023-12-23','2023-12-28','2024-01-10',3,'2024-01-10',8,33,1803447),(375,770634,'2023-12-23','2023-12-28','2024-01-13',7,'2024-01-13',NULL,32,1803478),(376,859018,'2023-12-26','2023-12-28','2024-01-08',7,'2024-01-08',NULL,31,1803492),(377,859005,'2023-12-26','2023-12-26','2024-01-04',7,'2024-01-04',NULL,29,1803503),(378,859007,'2023-12-26','2023-12-26','2024-01-04',7,'2024-01-04',NULL,29,1803504),(379,854415,'2023-12-27','2023-12-27','2024-01-02',3,'2024-01-02',6,29,1803556),(380,575025,'2023-12-28','2023-12-28','2024-01-05',3,'2024-01-05',7,29,1803591),(381,309713,'2023-12-29','2023-12-30','2024-01-11',7,'2024-01-11',NULL,33,1803608),(382,859058,'2023-12-29','2023-12-30','2024-01-19',3,'2024-01-19',6,33,1803612),(383,859049,'2023-12-29','2024-01-02','2024-01-11',7,'2024-01-11',NULL,31,1803619),(384,859060,'2023-12-29','2024-01-02',NULL,2,'2024-01-02',NULL,31,1803620),(385,118646,'2024-01-02','2024-01-02','2024-01-05',7,'2024-01-05',NULL,29,1803674),(386,859043,'2024-01-02','2024-01-02','2024-01-05',3,'2024-01-05',2,29,1803712),(387,114672,'2024-01-02','2024-01-02',NULL,2,'2024-01-02',NULL,29,1803713),(388,859132,'2024-01-03','2024-01-05',NULL,2,'2024-01-05',NULL,33,1803722),(389,850040,'2024-01-03','2024-01-03','2024-01-18',7,'2024-01-18',NULL,29,1803733),(390,114994,'2024-01-03','2024-01-03','2024-01-05',7,'2024-01-05',NULL,29,1803735),(391,158625,'2024-01-03','2024-01-03','2024-01-05',7,'2024-01-05',NULL,29,1803742),(392,306214,'2024-01-03','2024-01-08',NULL,2,'2024-01-08',NULL,33,1803760),(393,859127,'2024-01-03','2024-01-05',NULL,2,'2024-01-05',NULL,33,1803761),(394,306214,'2024-01-03','2024-01-05','2024-01-19',7,'2024-01-26',NULL,33,1803803),(395,859101,'2024-01-03','2024-01-09','2024-01-27',3,'2024-01-27',1,31,1803809),(396,858827,'2024-01-04','2024-01-16','2024-01-24',3,'2024-01-24',2,29,1803838),(397,612212,'2024-01-04','2024-01-08',NULL,2,'2024-01-08',NULL,33,1803911),(398,859155,'2024-01-06','2024-01-09','2024-02-01',7,'2024-02-01',NULL,33,1803938),(399,859155,'2024-01-06','2024-01-09','2024-02-01',7,'2024-02-01',NULL,33,1803939),(400,851848,'2024-01-06','2024-01-09','2024-01-23',7,'2024-01-23',NULL,31,1803941),(401,802098,'2024-01-06','2024-01-08','2024-01-18',7,'2024-01-18',NULL,29,1803954),(402,859157,'2024-01-06','2024-01-08','2024-01-18',7,'2024-01-18',NULL,29,1803955),(403,859170,'2024-01-08','2024-01-09','2024-01-26',7,'2024-01-26',NULL,33,1804049),(404,114749,'2024-01-09','2024-01-09','2024-01-12',7,'2024-01-12',NULL,29,1804095),(405,859180,'2024-01-10','2024-01-11','2024-01-26',7,'2024-01-26',NULL,33,1804098),(406,859192,'2024-01-10','2024-01-11','2024-01-26',7,'2024-01-26',NULL,33,1804099),(407,142182,'2024-01-10','2024-01-10','2024-01-23',7,'2024-01-23',NULL,29,1804147),(408,859228,'2024-01-12','2024-01-15','2024-01-26',7,'2024-01-26',NULL,33,1804164),(409,800117,'2024-01-12','2024-01-15','2024-02-06',7,'2024-02-06',NULL,33,1804166),(410,151424,'2024-01-12','2024-01-15','2024-01-30',7,'2024-01-30',NULL,31,1804167),(411,859215,'2024-01-12','2024-01-15','2024-01-27',3,'2024-01-27',7,31,1804177),(412,859229,'2024-01-12','2024-01-12','2024-01-26',3,'2024-01-26',4,29,1804212),(413,515698,'2024-01-16','2024-01-18','2024-01-31',7,'2024-01-31',NULL,32,1804327),(414,859334,'2024-01-19','2024-01-22','2024-02-19',7,'2024-02-19',NULL,33,1804394),(415,165785,'2024-01-19','2024-01-25','2024-02-28',3,'2024-02-28',11,NULL,1804403),(416,101367,'2024-01-19','2024-01-19','2024-02-08',7,'2024-02-08',NULL,29,1804438),(417,503164,'2024-01-19','2024-01-23','2024-01-31',7,'2024-01-31',NULL,32,1804456),(418,775644,'2024-01-22','2024-01-23','2024-02-06',7,'2024-02-06',NULL,33,1804466),(419,859340,'2024-01-22','2024-01-25','2024-02-01',7,'2024-02-01',NULL,31,1804493),(420,859319,'2024-01-23','2024-01-29',NULL,2,'2024-01-29',NULL,33,1804497),(421,859341,'2024-01-23','2024-01-29','2024-02-06',3,'2024-02-06',7,33,1804498),(422,859332,'2024-01-23','2024-01-29',NULL,2,'2024-01-29',NULL,33,1804502),(423,859392,'2024-01-23','2024-01-29',NULL,2,'2024-01-29',NULL,33,1804503),(424,752319,'2024-01-23','2024-01-29',NULL,2,'2024-01-29',NULL,33,1804504),(425,752319,'2024-01-23','2024-01-29',NULL,2,'2024-01-29',NULL,33,1804505),(426,859431,'2024-01-23','2024-01-30','2024-02-10',7,'2024-02-10',NULL,31,1804511),(427,782096,'2024-01-23','2024-01-30','2024-02-10',7,'2024-02-10',NULL,31,1804513),(428,859367,'2024-01-23','2024-01-30',NULL,2,'2024-01-30',NULL,31,1804527),(429,859404,'2024-01-23','2024-01-29','2024-02-20',7,'2024-02-20',NULL,32,1804531),(430,857287,'2024-01-23','2024-01-29','2024-02-20',7,'2024-02-20',NULL,32,1804536),(431,726187,'2024-01-23','2024-01-29',NULL,2,'2024-01-29',NULL,32,1804538),(432,859285,'2024-01-23','2024-01-24','2024-02-02',7,'2024-02-02',NULL,29,1804547),(433,859358,'2024-01-23','2024-01-25','2024-02-01',3,'2024-02-01',11,29,1804597),(434,107595,'2024-01-25','2024-01-25','2024-02-20',3,'2024-02-20',8,29,1804675),(435,122176,'2024-01-25','2024-01-25','2024-02-09',3,'2024-02-09',8,29,1804678),(436,859453,'2024-01-25','2024-01-25','2024-02-07',3,'2024-02-07',8,29,1804681),(437,859435,'2024-01-25','2024-01-25','2024-02-07',7,'2024-02-07',NULL,29,1804699),(438,846742,'2024-01-25','2024-01-25','2024-02-01',7,'2024-02-01',NULL,29,1804701),(439,859461,'2024-01-25','2024-01-29','2024-02-09',7,'2024-02-09',NULL,33,1804716),(440,850776,'2024-01-25','2024-01-29','2024-02-19',7,'2024-02-19',NULL,33,1804718),(441,859464,'2024-01-25','2024-01-29',NULL,2,'2024-01-29',NULL,33,1804719),(442,859483,'2024-01-26','2024-01-30','2024-02-09',7,'2024-02-09',NULL,33,1804737),(443,859481,'2024-01-26','2024-01-30','2024-02-28',3,'2024-02-28',7,31,1804744),(444,857297,'2024-01-26','2024-01-29','2024-02-07',7,'2024-02-07',NULL,29,1804783),(445,859510,'2024-01-29','2024-01-30',NULL,2,'2024-01-30',NULL,31,1804803),(446,859549,'2024-01-30','2024-01-30','2024-02-08',7,'2024-02-08',NULL,29,1804870),(447,845904,'2024-01-30','2024-02-01','2024-02-22',3,'2024-02-22',8,33,1804877),(448,859536,'2024-01-30','2024-02-01',NULL,2,'2024-02-01',NULL,31,1804878),(449,859571,'2024-01-30','2024-01-31','2024-02-22',7,'2024-02-22',NULL,29,1804924),(450,847377,'2024-02-01','2024-02-02','2024-02-07',3,'2024-02-07',1,NULL,1804980),(451,859588,'2024-02-01','2024-02-02','2024-02-09',3,'2024-02-09',6,29,1804995),(452,768917,'2024-02-01','2024-02-05','2024-02-20',7,'2024-02-20',NULL,32,1805031),(453,177673,'2024-02-01','2024-02-02','2024-02-15',7,'2024-02-15',NULL,29,1805040),(454,859637,'2024-02-01','2024-02-02','2024-02-22',3,'2024-02-22',8,29,1805053),(455,859637,'2024-02-01','2024-02-02','2024-02-22',3,'2024-02-22',8,29,1805054),(456,859637,'2024-02-01','2024-02-02','2024-02-22',3,'2024-02-22',8,29,1805055),(457,859643,'2024-02-02','2024-02-05',NULL,2,'2024-02-05',NULL,33,1805061),(458,859646,'2024-02-02','2024-02-05',NULL,2,'2024-02-05',NULL,33,1805062),(459,766647,'2024-02-05','2024-02-08','2024-02-26',3,'2024-02-26',8,33,1805173),(460,65549,'2024-02-05','2024-02-08','2024-02-20',7,'2024-02-20',NULL,32,1805200),(461,859665,'2024-02-05','2024-02-08',NULL,2,'2024-02-08',NULL,32,1805202),(462,818281,'2024-02-05','2024-02-06','2024-02-09',7,'2024-02-09',NULL,29,1805206),(463,859683,'2024-02-06','2024-02-08','2024-02-22',7,'2024-02-22',NULL,33,1805246),(464,822228,'2024-02-06','2024-02-08','2024-02-20',3,'2024-02-20',6,32,1805262),(465,754074,'2024-02-06','2024-02-07','2024-02-26',3,'2024-02-26',8,29,1805275),(466,859691,'2024-02-06','2024-02-07',NULL,2,'2024-02-07',NULL,29,1805301),(467,859711,'2024-02-07','2024-02-08',NULL,2,'2024-02-08',NULL,33,1805305),(468,783591,'2024-02-07','2024-02-07','2024-02-15',7,'2024-02-15',NULL,29,1805310),(469,858984,'2024-02-07','2024-02-07','2024-02-15',3,'2024-02-15',3,29,1805311),(470,859715,'2024-02-08','2024-02-08','2024-02-20',7,'2024-02-20',NULL,29,1805315),(471,17272,'2024-02-08','2024-02-08','2024-02-29',7,'2024-02-29',NULL,29,1805316),(472,124222,'2024-02-08','2024-02-08',NULL,2,'2024-02-08',NULL,29,1805319),(473,735075,'2024-02-08','2024-02-08','2024-02-29',7,'2024-02-29',NULL,29,1805334),(474,17272,'2024-02-08','2024-02-08','2024-02-29',7,'2024-02-29',NULL,29,1805340),(475,859729,'2024-02-08','2024-02-14','2024-02-28',3,'2024-02-28',8,33,1805342),(476,859741,'2024-02-09','2024-02-14','2024-02-28',7,'2024-02-28',NULL,33,1805356),(477,700968,'2024-02-09','2024-02-09',NULL,2,'2024-02-09',NULL,29,1805363),(478,700968,'2024-02-09','2024-02-09',NULL,2,'2024-02-09',NULL,29,1805364),(479,733010,'2024-02-10','2024-02-15',NULL,2,'2024-02-15',NULL,33,1805374),(480,859743,'2024-02-10','2024-02-15',NULL,2,'2024-02-15',NULL,33,1805375),(481,859749,'2024-02-10','2024-02-16','2024-02-28',3,'2024-02-28',11,31,1805378),(482,730587,'2024-02-10','2024-02-15',NULL,2,'2024-02-15',NULL,32,1805397),(483,859748,'2024-02-10','2024-02-15','2024-02-29',7,'2024-02-29',NULL,29,1805406),(484,859812,'2024-02-14','2024-02-15',NULL,2,'2024-02-15',NULL,33,1805445),(485,754796,'2024-02-14','2024-02-15','2024-02-26',3,'2024-02-26',8,33,1805446),(486,859793,'2024-02-14','2024-02-15',NULL,2,'2024-02-15',NULL,32,1805459),(487,100924,'2024-02-14','2024-02-15','2024-02-22',7,'2024-02-22',NULL,29,1805460),(488,833543,'2024-02-14','2024-02-15','2024-02-27',3,'2024-02-27',6,29,1805462),(489,859828,'2024-02-15','2024-02-15',NULL,2,'2024-02-15',NULL,29,1805488),(490,774231,'2024-02-15','2024-02-15','2024-02-22',7,'2024-02-22',NULL,29,1805489),(491,859834,'2024-02-15','2024-02-15','2024-02-29',3,'2024-02-29',8,29,1805490),(492,859831,'2024-02-15','2024-02-15','2024-02-20',3,'2024-02-20',1,29,1805507),(493,859828,'2024-02-15','2024-02-16','2024-02-26',7,'2024-02-26',NULL,29,1805516),(494,138331,'2024-02-16','2024-02-19',NULL,2,'2024-02-19',NULL,33,1805518),(495,859852,'2024-02-16','2024-02-19',NULL,2,'2024-02-19',NULL,33,1805524),(496,859833,'2024-02-16','2024-02-19',NULL,2,'2024-02-19',NULL,33,1805526),(497,859817,'2024-02-16','2024-02-19',NULL,2,'2024-02-19',NULL,33,1805529),(498,797029,'2024-02-16','2024-02-19','2024-02-24',7,'2024-02-24',NULL,32,1805537),(499,859857,'2024-02-16','2024-02-19',NULL,2,'2024-02-19',NULL,33,1805542),(500,100231,'2024-02-16','2024-02-16',NULL,2,'2024-02-16',NULL,29,1805549),(501,859863,'2024-02-19','2024-02-21',NULL,2,'2024-02-21',NULL,33,1805569),(502,752993,'2024-02-19','2024-02-21',NULL,2,'2024-02-21',NULL,33,1805570),(503,859895,'2024-02-19','2024-02-21',NULL,2,'2024-02-21',NULL,31,1805579),(504,859885,'2024-02-19','2024-02-21',NULL,2,'2024-02-21',NULL,32,1805582),(505,859869,'2024-02-19','2024-02-19',NULL,2,'2024-02-19',NULL,29,1805591),(506,859864,'2024-02-19','2024-02-19',NULL,2,'2024-02-19',NULL,29,1805596),(507,810082,'2024-02-19','2024-02-19',NULL,2,'2024-02-19',NULL,29,1805601),(508,859872,'2024-02-19','2024-02-19','2024-02-29',3,'2024-02-29',3,29,1805616),(509,714159,'2024-02-20','2024-02-20',NULL,2,'2024-02-20',NULL,29,1805635),(510,846851,'2024-02-20','2024-02-20',NULL,2,'2024-02-20',NULL,29,1805639),(511,859900,'2024-02-20','2024-02-20','2024-02-26',7,'2024-02-26',NULL,29,1805655),(512,826533,'2024-02-21','2024-02-22',NULL,2,'2024-02-22',NULL,33,1805663),(513,859920,'2024-02-21','2024-02-22',NULL,2,'2024-02-22',NULL,33,1805664),(514,859921,'2024-02-21','2024-02-22',NULL,2,'2024-02-22',NULL,33,1805665),(515,859922,'2024-02-21','2024-02-22',NULL,2,'2024-02-22',NULL,33,1805666),(516,859929,'2024-02-21','2024-02-23',NULL,2,'2024-02-23',NULL,31,1805693),(517,859955,'2024-02-21','2024-02-23',NULL,2,'2024-02-23',NULL,31,1805694),(518,859956,'2024-02-21','2024-02-23',NULL,2,'2024-02-23',NULL,31,1805695),(519,859951,'2024-02-21','2024-02-21',NULL,2,'2024-02-21',NULL,29,1805725),(520,859949,'2024-02-21','2024-02-21',NULL,2,'2024-02-21',NULL,29,1805726),(521,859950,'2024-02-21','2024-02-21',NULL,2,'2024-02-21',NULL,29,1805727),(522,859960,'2024-02-21','2024-02-21','2024-02-29',7,'2024-02-29',NULL,29,1805745),(523,194910,'2024-02-22','2024-02-22','2024-02-29',7,'2024-02-29',NULL,29,1805763),(524,768359,'2024-02-22','2024-02-22',NULL,2,'2024-02-22',NULL,29,1805764),(525,859971,'2024-02-22','2024-02-22',NULL,2,'2024-02-22',NULL,29,1805776),(526,112358,'2024-02-22','2024-02-22',NULL,2,'2024-02-22',NULL,29,1805785),(527,859991,'2024-02-22','2024-02-26',NULL,2,'2024-02-26',NULL,33,1805796),(528,601614,'2024-02-22','2024-02-26',NULL,2,'2024-02-26',NULL,33,1805799),(529,859984,'2024-02-22','2024-02-26',NULL,2,'2024-02-26',NULL,33,1805800),(530,830852,'2024-02-22','2024-02-26',NULL,2,'2024-02-26',NULL,33,1805802),(531,859992,'2024-02-22','2024-02-26',NULL,2,'2024-02-26',NULL,31,1805804),(532,809800,'2024-02-22','2024-02-26',NULL,2,'2024-02-26',NULL,31,1805807),(533,859985,'2024-02-22','2024-02-26',NULL,2,'2024-02-26',NULL,31,1805826),(534,860015,'2024-02-22','2024-02-26',NULL,2,'2024-02-26',NULL,31,1805829),(535,860013,'2024-02-22','2024-02-26',NULL,2,'2024-02-26',NULL,32,1805832),(536,788451,'2024-02-22','2024-02-26',NULL,2,'2024-02-26',NULL,32,1805833),(537,860043,'2024-02-26','2024-02-27',NULL,2,'2024-02-27',NULL,33,1805877),(538,860079,'2024-02-26','2024-02-27',NULL,2,'2024-02-27',NULL,31,1805879),(539,118042,'2024-02-26','2024-02-26',NULL,2,'2024-02-26',NULL,29,1805899),(540,859606,'2024-02-26','2024-02-26',NULL,2,'2024-02-26',NULL,29,1805912),(541,841060,'2024-02-26','2024-02-26',NULL,2,'2024-02-26',NULL,29,1805930),(542,100759,'2024-02-26','2024-02-26',NULL,2,'2024-02-26',NULL,29,1805932),(543,831259,'2024-02-26','2024-02-26',NULL,2,'2024-02-26',NULL,29,1805948),(544,852212,'2024-02-26','2024-02-26',NULL,2,'2024-02-26',NULL,29,1805951),(545,516992,'2024-02-26','2024-02-27',NULL,2,'2024-02-27',NULL,32,1805990),(546,860050,'2024-02-26','2024-02-27',NULL,2,'2024-02-27',NULL,32,1805992),(547,860050,'2024-02-26','2024-02-27',NULL,2,'2024-02-27',NULL,32,1805993),(548,860071,'2024-02-26','2024-02-27',NULL,2,'2024-02-27',NULL,32,1805995),(549,860075,'2024-02-27','2024-02-27',NULL,2,'2024-02-27',NULL,29,1806008),(550,860088,'2024-02-27','2024-02-27',NULL,2,'2024-02-27',NULL,29,1806009),(551,860113,'2024-02-27','2024-02-27',NULL,2,'2024-02-27',NULL,29,1806018),(552,860081,'2024-02-27','2024-02-27',NULL,2,'2024-02-27',NULL,29,1806024),(553,856470,'2024-02-27','2024-02-27',NULL,2,'2024-02-27',NULL,29,1806026),(554,153169,'2024-02-27','2024-02-27',NULL,2,'2024-02-27',NULL,29,1806035),(555,847472,'2024-02-27','2024-02-27',NULL,2,'2024-02-27',NULL,29,1806038),(556,754591,'2024-02-28','2024-02-29',NULL,2,'2024-02-29',NULL,33,1806054),(557,799455,'2024-02-28','2024-02-29',NULL,2,'2024-02-29',NULL,31,1806055),(558,860120,'2024-02-28','2024-02-28',NULL,2,'2024-02-28',NULL,29,1806072),(559,130674,'2024-02-28','2024-02-28',NULL,2,'2024-02-28',NULL,29,1806074),(560,15133,'2024-02-28','2024-02-28',NULL,2,'2024-02-28',NULL,29,1806080),(561,852892,'2024-02-29','2024-02-29',NULL,2,'2024-02-29',NULL,29,1806138);
/*!40000 ALTER TABLE `tarjetas` ENABLE KEYS */;
UNLOCK TABLES;

--
-- Table structure for table `tarjetas2`
--

DROP TABLE IF EXISTS `tarjetas2`;
/*!40101 SET @saved_cs_client     = @@character_set_client */;
/*!50503 SET character_set_client = utf8mb4 */;
CREATE TABLE `tarjetas2` (
  `ID` int NOT NULL,
  `Fecha` date DEFAULT NULL,
  `Hora` varchar(8) COLLATE utf8_bin DEFAULT NULL,
  `Tarjeta_id` int DEFAULT NULL,
  `Tarjeta` varchar(20) COLLATE utf8_bin DEFAULT NULL,
  `Vto` varchar(5) COLLATE utf8_bin DEFAULT NULL,
  `Adicional` varchar(3) COLLATE utf8_bin DEFAULT NULL,
  `Cuenta` int DEFAULT NULL,
  `Tipo_id` int DEFAULT NULL,
  `Tipo` varchar(45) COLLATE utf8_bin DEFAULT NULL,
  `Causa_id` int DEFAULT NULL,
  `Causa` varchar(45) COLLATE utf8_bin DEFAULT NULL,
  `Correo_id` int DEFAULT NULL,
  `Correo` varchar(45) COLLATE utf8_bin DEFAULT NULL,
  `Sucursal_id` int DEFAULT NULL,
  `Sucursal` varchar(45) COLLATE utf8_bin DEFAULT NULL,
  `Operador_id` int DEFAULT NULL,
  `Operador` varchar(45) COLLATE utf8_bin DEFAULT NULL
) ENGINE=InnoDB DEFAULT CHARSET=utf8mb3 COLLATE=utf8_bin;
/*!40101 SET character_set_client = @saved_cs_client */;

--
-- Dumping data for table `tarjetas2`
--

LOCK TABLES `tarjetas2` WRITE;
/*!40000 ALTER TABLE `tarjetas2` DISABLE KEYS */;
INSERT INTO `tarjetas2` VALUES (0,'2023-01-03',NULL,1792996,NULL,NULL,NULL,756914,1,NULL,NULL,NULL,NULL,NULL,NULL,NULL,72,NULL),(0,'2023-01-03',NULL,1793002,NULL,NULL,NULL,767920,1,NULL,NULL,NULL,NULL,NULL,NULL,NULL,72,NULL),(0,'2023-01-03',NULL,1793010,NULL,NULL,NULL,849639,1,NULL,NULL,NULL,NULL,NULL,NULL,NULL,72,NULL),(0,'2023-01-03',NULL,1793017,NULL,NULL,NULL,768746,1,NULL,NULL,NULL,NULL,NULL,NULL,NULL,72,NULL),(0,'2023-01-05',NULL,1793033,NULL,NULL,NULL,712204,1,NULL,NULL,NULL,NULL,NULL,NULL,NULL,72,NULL),(0,'2023-01-09',NULL,1793067,NULL,NULL,NULL,627406,1,NULL,NULL,NULL,NULL,NULL,NULL,NULL,72,NULL),(0,'2023-01-11',NULL,1793214,NULL,NULL,NULL,839729,1,NULL,NULL,NULL,NULL,NULL,NULL,NULL,72,NULL),(0,'2023-01-13',NULL,1793241,NULL,NULL,NULL,852967,1,NULL,NULL,NULL,NULL,NULL,NULL,NULL,72,NULL),(0,'2023-01-13',NULL,1793242,NULL,NULL,NULL,855692,1,NULL,NULL,NULL,NULL,NULL,NULL,NULL,72,NULL),(0,'2023-01-14',NULL,1793266,NULL,NULL,NULL,839309,1,NULL,NULL,NULL,NULL,NULL,NULL,NULL,72,NULL),(0,'2023-01-16',NULL,1793274,NULL,NULL,NULL,738564,1,NULL,NULL,NULL,NULL,NULL,NULL,NULL,70,NULL),(0,'2023-01-17',NULL,1793293,NULL,NULL,NULL,855904,1,NULL,NULL,NULL,NULL,NULL,NULL,NULL,70,NULL),(0,'2023-01-17',NULL,1793302,NULL,NULL,NULL,855888,1,NULL,NULL,NULL,NULL,NULL,NULL,NULL,70,NULL),(0,'2023-01-18',NULL,1793311,NULL,NULL,NULL,795649,1,NULL,NULL,NULL,NULL,NULL,NULL,NULL,70,NULL),(0,'2023-01-18',NULL,1793315,NULL,NULL,NULL,750565,1,NULL,NULL,NULL,NULL,NULL,NULL,NULL,70,NULL),(0,'2023-01-18',NULL,1793316,NULL,NULL,NULL,796246,1,NULL,NULL,NULL,NULL,NULL,NULL,NULL,70,NULL),(0,'2023-01-19',NULL,1793354,NULL,NULL,NULL,832468,1,NULL,NULL,NULL,NULL,NULL,NULL,NULL,70,NULL),(0,'2023-01-23',NULL,1793387,NULL,NULL,NULL,855934,1,NULL,NULL,NULL,NULL,NULL,NULL,NULL,72,NULL),(0,'2023-01-25',NULL,1793396,NULL,NULL,NULL,731162,1,NULL,NULL,NULL,NULL,NULL,NULL,NULL,72,NULL),(0,'2023-01-30',NULL,1793455,NULL,NULL,NULL,844991,1,NULL,NULL,NULL,NULL,NULL,NULL,NULL,70,NULL),(0,'2023-01-31',NULL,1793476,NULL,NULL,NULL,729670,1,NULL,NULL,NULL,NULL,NULL,NULL,NULL,70,NULL),(0,'2023-01-31',NULL,1793480,NULL,NULL,NULL,855965,1,NULL,NULL,NULL,NULL,NULL,NULL,NULL,70,NULL),(0,'2023-02-01',NULL,1793488,NULL,NULL,NULL,701886,1,NULL,NULL,NULL,NULL,NULL,NULL,NULL,70,NULL),(0,'2023-02-01',NULL,1793491,NULL,NULL,NULL,626794,1,NULL,NULL,NULL,NULL,NULL,NULL,NULL,70,NULL),(0,'2023-02-01',NULL,1793493,NULL,NULL,NULL,849213,1,NULL,NULL,NULL,NULL,NULL,NULL,NULL,70,NULL),(0,'2023-02-03',NULL,1793509,NULL,NULL,NULL,302658,1,NULL,NULL,NULL,NULL,NULL,NULL,NULL,72,NULL),(0,'2023-02-03',NULL,1793519,NULL,NULL,NULL,744980,1,NULL,NULL,NULL,NULL,NULL,NULL,NULL,72,NULL),(0,'2023-02-06',NULL,1793543,NULL,NULL,NULL,732857,1,NULL,NULL,NULL,NULL,NULL,NULL,NULL,72,NULL),(0,'2023-02-08',NULL,1793568,NULL,NULL,NULL,703175,1,NULL,NULL,NULL,NULL,NULL,NULL,NULL,72,NULL),(0,'2023-02-09',NULL,1793609,NULL,NULL,NULL,855996,1,NULL,NULL,NULL,NULL,NULL,NULL,NULL,72,NULL),(0,'2023-02-10',NULL,1793634,NULL,NULL,NULL,757941,1,NULL,NULL,NULL,NULL,NULL,NULL,NULL,70,NULL),(0,'2023-02-13',NULL,1793643,NULL,NULL,NULL,856020,1,NULL,NULL,NULL,NULL,NULL,NULL,NULL,70,NULL),(0,'2023-02-13',NULL,1793653,NULL,NULL,NULL,856019,1,NULL,NULL,NULL,NULL,NULL,NULL,NULL,70,NULL),(0,'2023-02-14',NULL,1793662,NULL,NULL,NULL,856027,1,NULL,NULL,NULL,NULL,NULL,NULL,NULL,70,NULL),(0,'2023-02-15',NULL,1793795,NULL,NULL,NULL,701353,1,NULL,NULL,NULL,NULL,NULL,NULL,NULL,70,NULL),(0,'2023-02-22',NULL,1793841,NULL,NULL,NULL,856058,1,NULL,NULL,NULL,NULL,NULL,NULL,NULL,70,NULL),(0,'2023-02-22',NULL,1793844,NULL,NULL,NULL,845613,1,NULL,NULL,NULL,NULL,NULL,NULL,NULL,70,NULL),(0,'2023-02-23',NULL,1793877,NULL,NULL,NULL,856073,1,NULL,NULL,NULL,NULL,NULL,NULL,NULL,72,NULL),(0,'2023-02-27',NULL,1793886,NULL,NULL,NULL,758720,1,NULL,NULL,NULL,NULL,NULL,NULL,NULL,70,NULL),(0,'2023-02-27',NULL,1793895,NULL,NULL,NULL,848491,1,NULL,NULL,NULL,NULL,NULL,NULL,NULL,70,NULL),(0,'2023-03-01',NULL,1793959,NULL,NULL,NULL,741614,1,NULL,NULL,NULL,NULL,NULL,NULL,NULL,72,NULL),(0,'2023-03-01',NULL,1793967,NULL,NULL,NULL,856097,1,NULL,NULL,NULL,NULL,NULL,NULL,NULL,72,NULL),(0,'2023-03-01',NULL,1793971,NULL,NULL,NULL,722134,1,NULL,NULL,NULL,NULL,NULL,NULL,NULL,72,NULL),(0,'2023-03-01',NULL,1793972,NULL,NULL,NULL,839447,1,NULL,NULL,NULL,NULL,NULL,NULL,NULL,72,NULL),(0,'2023-03-03',NULL,1794007,NULL,NULL,NULL,856118,1,NULL,NULL,NULL,NULL,NULL,NULL,NULL,72,NULL),(0,'2023-03-03',NULL,1794008,NULL,NULL,NULL,766107,1,NULL,NULL,NULL,NULL,NULL,NULL,NULL,72,NULL),(0,'2023-03-03',NULL,1794012,NULL,NULL,NULL,141413,1,NULL,NULL,NULL,NULL,NULL,NULL,NULL,72,NULL),(0,'2023-03-03',NULL,1794013,NULL,NULL,NULL,736229,1,NULL,NULL,NULL,NULL,NULL,NULL,NULL,72,NULL),(0,'2023-03-03',NULL,1794030,NULL,NULL,NULL,733118,1,NULL,NULL,NULL,NULL,NULL,NULL,NULL,72,NULL),(0,'2023-03-06',NULL,1794031,NULL,NULL,NULL,138473,1,NULL,NULL,NULL,NULL,NULL,NULL,NULL,72,NULL),(0,'2023-03-06',NULL,1794038,NULL,NULL,NULL,765922,1,NULL,NULL,NULL,NULL,NULL,NULL,NULL,72,NULL),(0,'2023-03-06',NULL,1794047,NULL,NULL,NULL,851896,1,NULL,NULL,NULL,NULL,NULL,NULL,NULL,72,NULL),(0,'2023-03-06',NULL,1794051,NULL,NULL,NULL,856130,1,NULL,NULL,NULL,NULL,NULL,NULL,NULL,72,NULL),(0,'2023-03-06',NULL,1794052,NULL,NULL,NULL,856130,1,NULL,NULL,NULL,NULL,NULL,NULL,NULL,72,NULL),(0,'2023-03-07',NULL,1794166,NULL,NULL,NULL,152565,1,NULL,NULL,NULL,NULL,NULL,NULL,NULL,72,NULL),(0,'2023-03-08',NULL,1794179,NULL,NULL,NULL,174705,1,NULL,NULL,NULL,NULL,NULL,NULL,NULL,72,NULL),(0,'2023-03-08',NULL,1794188,NULL,NULL,NULL,785209,1,NULL,NULL,NULL,NULL,NULL,NULL,NULL,72,NULL),(0,'2023-03-08',NULL,1794189,NULL,NULL,NULL,856137,1,NULL,NULL,NULL,NULL,NULL,NULL,NULL,72,NULL),(0,'2023-03-09',NULL,1794211,NULL,NULL,NULL,753379,1,NULL,NULL,NULL,NULL,NULL,NULL,NULL,72,NULL),(0,'2023-03-13',NULL,1794216,NULL,NULL,NULL,856100,1,NULL,NULL,NULL,NULL,NULL,NULL,NULL,70,NULL),(0,'2023-03-13',NULL,1794222,NULL,NULL,NULL,822495,1,NULL,NULL,NULL,NULL,NULL,NULL,NULL,70,NULL),(0,'2023-03-13',NULL,1794226,NULL,NULL,NULL,771634,1,NULL,NULL,NULL,NULL,NULL,NULL,NULL,70,NULL),(0,'2023-03-13',NULL,1794241,NULL,NULL,NULL,501169,1,NULL,NULL,NULL,NULL,NULL,NULL,NULL,70,NULL),(0,'2023-03-15',NULL,1794272,NULL,NULL,NULL,312045,1,NULL,NULL,NULL,NULL,NULL,NULL,NULL,70,NULL),(0,'2023-03-15',NULL,1794290,NULL,NULL,NULL,856182,1,NULL,NULL,NULL,NULL,NULL,NULL,NULL,70,NULL),(0,'2023-03-15',NULL,1794291,NULL,NULL,NULL,855336,1,NULL,NULL,NULL,NULL,NULL,NULL,NULL,70,NULL),(0,'2023-03-16',NULL,1794301,NULL,NULL,NULL,848773,1,NULL,NULL,NULL,NULL,NULL,NULL,NULL,70,NULL),(0,'2023-03-17',NULL,1794311,NULL,NULL,NULL,856190,1,NULL,NULL,NULL,NULL,NULL,NULL,NULL,72,NULL),(0,'2023-03-20',NULL,1794341,NULL,NULL,NULL,856194,1,NULL,NULL,NULL,NULL,NULL,NULL,NULL,72,NULL),(0,'2023-03-21',NULL,1794353,NULL,NULL,NULL,856204,1,NULL,NULL,NULL,NULL,NULL,NULL,NULL,72,NULL),(0,'2023-03-22',NULL,1794355,NULL,NULL,NULL,828587,1,NULL,NULL,NULL,NULL,NULL,NULL,NULL,72,NULL),(0,'2023-03-22',NULL,1794358,NULL,NULL,NULL,856201,1,NULL,NULL,NULL,NULL,NULL,NULL,NULL,72,NULL),(0,'2023-03-22',NULL,1794359,NULL,NULL,NULL,776122,1,NULL,NULL,NULL,NULL,NULL,NULL,NULL,72,NULL),(0,'2023-03-22',NULL,1794364,NULL,NULL,NULL,856208,1,NULL,NULL,NULL,NULL,NULL,NULL,NULL,72,NULL),(0,'2023-03-23',NULL,1794376,NULL,NULL,NULL,730870,1,NULL,NULL,NULL,NULL,NULL,NULL,NULL,72,NULL),(0,'2023-03-27',NULL,1794392,NULL,NULL,NULL,766278,1,NULL,NULL,NULL,NULL,NULL,NULL,NULL,70,NULL),(0,'2023-03-29',NULL,1794433,NULL,NULL,NULL,779372,1,NULL,NULL,NULL,NULL,NULL,NULL,NULL,70,NULL),(0,'2023-04-05',NULL,1794513,NULL,NULL,NULL,309469,1,NULL,NULL,NULL,NULL,NULL,NULL,NULL,70,NULL),(0,'2023-04-05',NULL,1794516,NULL,NULL,NULL,605449,1,NULL,NULL,NULL,NULL,NULL,NULL,NULL,70,NULL),(0,'2023-04-10',NULL,1794551,NULL,NULL,NULL,856285,1,NULL,NULL,NULL,NULL,NULL,NULL,NULL,70,NULL),(0,'2023-04-10',NULL,1794552,NULL,NULL,NULL,856285,1,NULL,NULL,NULL,NULL,NULL,NULL,NULL,70,NULL),(0,'2023-04-10',NULL,1794563,NULL,NULL,NULL,175633,1,NULL,NULL,NULL,NULL,NULL,NULL,NULL,70,NULL),(0,'2023-04-11',NULL,1794704,NULL,NULL,NULL,855419,1,NULL,NULL,NULL,NULL,NULL,NULL,NULL,70,NULL),(0,'2023-04-12',NULL,1794760,NULL,NULL,NULL,744539,1,NULL,NULL,NULL,NULL,NULL,NULL,NULL,70,NULL),(0,'2023-04-14',NULL,1794829,NULL,NULL,NULL,820888,1,NULL,NULL,NULL,NULL,NULL,NULL,NULL,70,NULL),(0,'2023-04-14',NULL,1794835,NULL,NULL,NULL,726916,1,NULL,NULL,NULL,NULL,NULL,NULL,NULL,70,NULL),(0,'2023-04-14',NULL,1794846,NULL,NULL,NULL,195870,1,NULL,NULL,NULL,NULL,NULL,NULL,NULL,70,NULL),(0,'2023-04-17',NULL,1794861,NULL,NULL,NULL,187877,1,NULL,NULL,NULL,NULL,NULL,NULL,NULL,70,NULL),(0,'2023-04-17',NULL,1794866,NULL,NULL,NULL,853602,1,NULL,NULL,NULL,NULL,NULL,NULL,NULL,70,NULL),(0,'2023-04-18',NULL,1794916,NULL,NULL,NULL,856135,1,NULL,NULL,NULL,NULL,NULL,NULL,NULL,72,NULL),(0,'2023-04-19',NULL,1794930,NULL,NULL,NULL,855516,1,NULL,NULL,NULL,NULL,NULL,NULL,NULL,72,NULL),(0,'2023-04-19',NULL,1794951,NULL,NULL,NULL,773682,1,NULL,NULL,NULL,NULL,NULL,NULL,NULL,72,NULL),(0,'2023-04-19',NULL,1794952,NULL,NULL,NULL,768917,1,NULL,NULL,NULL,NULL,NULL,NULL,NULL,72,NULL),(0,'2023-04-20',NULL,1795048,NULL,NULL,NULL,849606,1,NULL,NULL,NULL,NULL,NULL,NULL,NULL,72,NULL),(0,'2023-04-25',NULL,1795110,NULL,NULL,NULL,815797,1,NULL,NULL,NULL,NULL,NULL,NULL,NULL,70,NULL),(0,'2023-04-26',NULL,1795146,NULL,NULL,NULL,856434,1,NULL,NULL,NULL,NULL,NULL,NULL,NULL,70,NULL),(0,'2023-04-26',NULL,1795151,NULL,NULL,NULL,856430,1,NULL,NULL,NULL,NULL,NULL,NULL,NULL,70,NULL),(0,'2023-05-02',NULL,1795316,NULL,NULL,NULL,104288,1,NULL,NULL,NULL,NULL,NULL,NULL,NULL,72,NULL),(0,'2023-05-02',NULL,1795353,NULL,NULL,NULL,852207,1,NULL,NULL,NULL,NULL,NULL,NULL,NULL,72,NULL),(0,'2023-05-02',NULL,1795371,NULL,NULL,NULL,856506,1,NULL,NULL,NULL,NULL,NULL,NULL,NULL,72,NULL),(0,'2023-05-03',NULL,1795403,NULL,NULL,NULL,854593,1,NULL,NULL,NULL,NULL,NULL,NULL,NULL,72,NULL),(0,'2023-05-09',NULL,1795494,NULL,NULL,NULL,134177,1,NULL,NULL,NULL,NULL,NULL,NULL,NULL,70,NULL),(0,'2023-05-09',NULL,1795528,NULL,NULL,NULL,705844,1,NULL,NULL,NULL,NULL,NULL,NULL,NULL,70,NULL),(0,'2023-05-09',NULL,1795530,NULL,NULL,NULL,301495,1,NULL,NULL,NULL,NULL,NULL,NULL,NULL,70,NULL),(0,'2023-05-09',NULL,1795537,NULL,NULL,NULL,611853,1,NULL,NULL,NULL,NULL,NULL,NULL,NULL,70,NULL),(0,'2023-05-10',NULL,1795563,NULL,NULL,NULL,633656,1,NULL,NULL,NULL,NULL,NULL,NULL,NULL,72,NULL),(0,'2023-05-16',NULL,1795736,NULL,NULL,NULL,803685,1,NULL,NULL,NULL,NULL,NULL,NULL,NULL,70,NULL),(0,'2023-05-19',NULL,1795904,NULL,NULL,NULL,829829,1,NULL,NULL,NULL,NULL,NULL,NULL,NULL,70,NULL),(0,'2023-05-22',NULL,1795950,NULL,NULL,NULL,824011,1,NULL,NULL,NULL,NULL,NULL,NULL,NULL,70,NULL),(0,'2023-05-23',NULL,1796003,NULL,NULL,NULL,856649,1,NULL,NULL,NULL,NULL,NULL,NULL,NULL,70,NULL),(0,'2023-05-29',NULL,1796012,NULL,NULL,NULL,791159,1,NULL,NULL,NULL,NULL,NULL,NULL,NULL,70,NULL),(0,'2023-05-29',NULL,1796050,NULL,NULL,NULL,850370,1,NULL,NULL,NULL,NULL,NULL,NULL,NULL,70,NULL),(0,'2023-05-29',NULL,1796055,NULL,NULL,NULL,856676,1,NULL,NULL,NULL,NULL,NULL,NULL,NULL,70,NULL),(0,'2023-05-29',NULL,1796078,NULL,NULL,NULL,856674,1,NULL,NULL,NULL,NULL,NULL,NULL,NULL,70,NULL),(0,'2023-05-29',NULL,1796079,NULL,NULL,NULL,856675,1,NULL,NULL,NULL,NULL,NULL,NULL,NULL,70,NULL),(0,'2023-05-30',NULL,1796121,NULL,NULL,NULL,856703,1,NULL,NULL,NULL,NULL,NULL,NULL,NULL,70,NULL),(0,'2023-05-30',NULL,1796122,NULL,NULL,NULL,25274,1,NULL,NULL,NULL,NULL,NULL,NULL,NULL,70,NULL),(0,'2023-05-31',NULL,1796133,NULL,NULL,NULL,837055,1,NULL,NULL,NULL,NULL,NULL,NULL,NULL,70,NULL),(0,'2023-05-31',NULL,1796135,NULL,NULL,NULL,856714,1,NULL,NULL,NULL,NULL,NULL,NULL,NULL,70,NULL),(0,'2023-05-31',NULL,1796140,NULL,NULL,NULL,856701,1,NULL,NULL,NULL,NULL,NULL,NULL,NULL,70,NULL),(0,'2023-05-31',NULL,1796151,NULL,NULL,NULL,109068,1,NULL,NULL,NULL,NULL,NULL,NULL,NULL,70,NULL),(0,'2023-05-31',NULL,1796161,NULL,NULL,NULL,141399,1,NULL,NULL,NULL,NULL,NULL,NULL,NULL,70,NULL),(0,'2023-06-01',NULL,1796205,NULL,NULL,NULL,856729,1,NULL,NULL,NULL,NULL,NULL,NULL,NULL,70,NULL),(0,'2023-06-02',NULL,1796207,NULL,NULL,NULL,140431,1,NULL,NULL,NULL,NULL,NULL,NULL,NULL,70,NULL),(0,'2023-06-02',NULL,1796221,NULL,NULL,NULL,102017,1,NULL,NULL,NULL,NULL,NULL,NULL,NULL,70,NULL),(0,'2023-06-06',NULL,1796449,NULL,NULL,NULL,856760,1,NULL,NULL,NULL,NULL,NULL,NULL,NULL,70,NULL),(0,'2023-06-07',NULL,1796453,NULL,NULL,NULL,709930,1,NULL,NULL,NULL,NULL,NULL,NULL,NULL,70,NULL),(0,'2023-06-07',NULL,1796474,NULL,NULL,NULL,726003,1,NULL,NULL,NULL,NULL,NULL,NULL,NULL,70,NULL),(0,'2023-06-09',NULL,1796547,NULL,NULL,NULL,849762,1,NULL,NULL,NULL,NULL,NULL,NULL,NULL,70,NULL),(0,'2023-06-12',NULL,1796556,NULL,NULL,NULL,793008,1,NULL,NULL,NULL,NULL,NULL,NULL,NULL,70,NULL),(0,'2023-06-12',NULL,1796563,NULL,NULL,NULL,831138,1,NULL,NULL,NULL,NULL,NULL,NULL,NULL,70,NULL),(0,'2023-06-12',NULL,1796570,NULL,NULL,NULL,739449,1,NULL,NULL,NULL,NULL,NULL,NULL,NULL,70,NULL),(0,'2023-06-13',NULL,1796591,NULL,NULL,NULL,851732,1,NULL,NULL,NULL,NULL,NULL,NULL,NULL,70,NULL),(0,'2023-06-14',NULL,1796593,NULL,NULL,NULL,856820,1,NULL,NULL,NULL,NULL,NULL,NULL,NULL,70,NULL),(0,'2023-06-21',NULL,1796759,NULL,NULL,NULL,773480,1,NULL,NULL,NULL,NULL,NULL,NULL,NULL,72,NULL),(0,'2023-06-21',NULL,1796774,NULL,NULL,NULL,856858,1,NULL,NULL,NULL,NULL,NULL,NULL,NULL,72,NULL),(0,'2023-06-21',NULL,1796791,NULL,NULL,NULL,848697,1,NULL,NULL,NULL,NULL,NULL,NULL,NULL,72,NULL),(0,'2023-06-22',NULL,1796824,NULL,NULL,NULL,158741,1,NULL,NULL,NULL,NULL,NULL,NULL,NULL,70,NULL),(0,'2023-06-23',NULL,1796868,NULL,NULL,NULL,839661,1,NULL,NULL,NULL,NULL,NULL,NULL,NULL,70,NULL),(0,'2023-06-26',NULL,1796904,NULL,NULL,NULL,856910,1,NULL,NULL,NULL,NULL,NULL,NULL,NULL,70,NULL),(0,'2023-06-27',NULL,1796926,NULL,NULL,NULL,856922,1,NULL,NULL,NULL,NULL,NULL,NULL,NULL,70,NULL),(0,'2023-06-27',NULL,1796938,NULL,NULL,NULL,145466,1,NULL,NULL,NULL,NULL,NULL,NULL,NULL,70,NULL),(0,'2023-06-28',NULL,1796942,NULL,NULL,NULL,856932,1,NULL,NULL,NULL,NULL,NULL,NULL,NULL,70,NULL),(0,'2023-06-28',NULL,1796972,NULL,NULL,NULL,188716,1,NULL,NULL,NULL,NULL,NULL,NULL,NULL,70,NULL),(0,'2023-07-03',NULL,1797107,NULL,NULL,NULL,736036,1,NULL,NULL,NULL,NULL,NULL,NULL,NULL,72,NULL),(0,'2023-07-07',NULL,1797362,NULL,NULL,NULL,857031,1,NULL,NULL,NULL,NULL,NULL,NULL,NULL,70,NULL),(0,'2023-07-07',NULL,1797366,NULL,NULL,NULL,500749,1,NULL,NULL,NULL,NULL,NULL,NULL,NULL,70,NULL),(0,'2023-07-10',NULL,1797403,NULL,NULL,NULL,113153,1,NULL,NULL,NULL,NULL,NULL,NULL,NULL,70,NULL),(0,'2023-07-10',NULL,1797407,NULL,NULL,NULL,857035,1,NULL,NULL,NULL,NULL,NULL,NULL,NULL,70,NULL),(0,'2023-07-12',NULL,1797477,NULL,NULL,NULL,183488,1,NULL,NULL,NULL,NULL,NULL,NULL,NULL,70,NULL),(0,'2023-07-12',NULL,1797478,NULL,NULL,NULL,715869,1,NULL,NULL,NULL,NULL,NULL,NULL,NULL,70,NULL),(0,'2023-07-12',NULL,1797498,NULL,NULL,NULL,857068,1,NULL,NULL,NULL,NULL,NULL,NULL,NULL,70,NULL),(0,'2023-07-14',NULL,1797555,NULL,NULL,NULL,168786,1,NULL,NULL,NULL,NULL,NULL,NULL,NULL,70,NULL),(0,'2023-07-14',NULL,1797563,NULL,NULL,NULL,760676,1,NULL,NULL,NULL,NULL,NULL,NULL,NULL,70,NULL),(0,'2023-07-14',NULL,1797586,NULL,NULL,NULL,857077,1,NULL,NULL,NULL,NULL,NULL,NULL,NULL,70,NULL),(0,'2023-07-14',NULL,1797593,NULL,NULL,NULL,857097,1,NULL,NULL,NULL,NULL,NULL,NULL,NULL,70,NULL),(0,'2023-07-25',NULL,1797821,NULL,NULL,NULL,731539,1,NULL,NULL,NULL,NULL,NULL,NULL,NULL,70,NULL),(0,'2023-07-25',NULL,1797829,NULL,NULL,NULL,857171,1,NULL,NULL,NULL,NULL,NULL,NULL,NULL,70,NULL),(0,'2023-07-25',NULL,1797846,NULL,NULL,NULL,857168,1,NULL,NULL,NULL,NULL,NULL,NULL,NULL,70,NULL),(0,'2023-07-25',NULL,1797870,NULL,NULL,NULL,846676,1,NULL,NULL,NULL,NULL,NULL,NULL,NULL,70,NULL),(0,'2023-07-25',NULL,1797874,NULL,NULL,NULL,857178,1,NULL,NULL,NULL,NULL,NULL,NULL,NULL,70,NULL),(0,'2023-07-25',NULL,1797876,NULL,NULL,NULL,846497,1,NULL,NULL,NULL,NULL,NULL,NULL,NULL,70,NULL),(0,'2023-07-25',NULL,1797877,NULL,NULL,NULL,846728,1,NULL,NULL,NULL,NULL,NULL,NULL,NULL,70,NULL),(0,'2023-07-25',NULL,1797879,NULL,NULL,NULL,857177,1,NULL,NULL,NULL,NULL,NULL,NULL,NULL,70,NULL),(0,'2023-07-25',NULL,1797880,NULL,NULL,NULL,855451,1,NULL,NULL,NULL,NULL,NULL,NULL,NULL,70,NULL),(0,'2023-07-26',NULL,1797897,NULL,NULL,NULL,710738,1,NULL,NULL,NULL,NULL,NULL,NULL,NULL,70,NULL),(0,'2023-07-26',NULL,1797898,NULL,NULL,NULL,819940,1,NULL,NULL,NULL,NULL,NULL,NULL,NULL,70,NULL),(0,'2023-07-27',NULL,1797965,NULL,NULL,NULL,788909,1,NULL,NULL,NULL,NULL,NULL,NULL,NULL,70,NULL),(0,'2023-07-27',NULL,1797988,NULL,NULL,NULL,857205,1,NULL,NULL,NULL,NULL,NULL,NULL,NULL,70,NULL),(0,'2023-07-27',NULL,1797989,NULL,NULL,NULL,852521,1,NULL,NULL,NULL,NULL,NULL,NULL,NULL,70,NULL),(0,'2023-07-27',NULL,1797990,NULL,NULL,NULL,857213,1,NULL,NULL,NULL,NULL,NULL,NULL,NULL,70,NULL),(0,'2023-07-28',NULL,1797991,NULL,NULL,NULL,751367,1,NULL,NULL,NULL,NULL,NULL,NULL,NULL,72,NULL),(0,'2023-07-31',NULL,1798030,NULL,NULL,NULL,825232,1,NULL,NULL,NULL,NULL,NULL,NULL,NULL,72,NULL),(0,'2023-07-31',NULL,1798049,NULL,NULL,NULL,766708,1,NULL,NULL,NULL,NULL,NULL,NULL,NULL,72,NULL),(0,'2023-07-31',NULL,1798052,NULL,NULL,NULL,857230,1,NULL,NULL,NULL,NULL,NULL,NULL,NULL,72,NULL),(0,'2023-07-31',NULL,1798070,NULL,NULL,NULL,848980,1,NULL,NULL,NULL,NULL,NULL,NULL,NULL,72,NULL),(0,'2023-07-31',NULL,1798081,NULL,NULL,NULL,779474,1,NULL,NULL,NULL,NULL,NULL,NULL,NULL,72,NULL),(0,'2023-08-02',NULL,1798138,NULL,NULL,NULL,173785,1,NULL,NULL,NULL,NULL,NULL,NULL,NULL,72,NULL),(0,'2023-08-02',NULL,1798141,NULL,NULL,NULL,770652,1,NULL,NULL,NULL,NULL,NULL,NULL,NULL,72,NULL),(0,'2023-08-03',NULL,1798364,NULL,NULL,NULL,857265,1,NULL,NULL,NULL,NULL,NULL,NULL,NULL,70,NULL),(0,'2023-08-04',NULL,1798372,NULL,NULL,NULL,305732,1,NULL,NULL,NULL,NULL,NULL,NULL,NULL,72,NULL),(0,'2023-08-04',NULL,1798378,NULL,NULL,NULL,855561,1,NULL,NULL,NULL,NULL,NULL,NULL,NULL,72,NULL),(0,'2023-08-04',NULL,1798379,NULL,NULL,NULL,750457,1,NULL,NULL,NULL,NULL,NULL,NULL,NULL,72,NULL),(0,'2023-08-04',NULL,1798399,NULL,NULL,NULL,845981,1,NULL,NULL,NULL,NULL,NULL,NULL,NULL,72,NULL),(0,'2023-08-04',NULL,1798421,NULL,NULL,NULL,734672,1,NULL,NULL,NULL,NULL,NULL,NULL,NULL,72,NULL),(0,'2023-08-07',NULL,1798480,NULL,NULL,NULL,180116,1,NULL,NULL,NULL,NULL,NULL,NULL,NULL,70,NULL),(0,'2023-08-07',NULL,1798481,NULL,NULL,NULL,180116,1,NULL,NULL,NULL,NULL,NULL,NULL,NULL,70,NULL),(0,'2023-08-08',NULL,1798514,NULL,NULL,NULL,132583,1,NULL,NULL,NULL,NULL,NULL,NULL,NULL,72,NULL),(0,'2023-08-08',NULL,1798516,NULL,NULL,NULL,854300,1,NULL,NULL,NULL,NULL,NULL,NULL,NULL,72,NULL),(0,'2023-08-09',NULL,1798533,NULL,NULL,NULL,796499,1,NULL,NULL,NULL,NULL,NULL,NULL,NULL,70,NULL),(0,'2023-08-09',NULL,1798561,NULL,NULL,NULL,767052,1,NULL,NULL,NULL,NULL,NULL,NULL,NULL,70,NULL),(0,'2023-08-09',NULL,1798567,NULL,NULL,NULL,851490,1,NULL,NULL,NULL,NULL,NULL,NULL,NULL,70,NULL),(0,'2023-08-11',NULL,1798596,NULL,NULL,NULL,763560,1,NULL,NULL,NULL,NULL,NULL,NULL,NULL,70,NULL),(0,'2023-08-11',NULL,1798621,NULL,NULL,NULL,705886,1,NULL,NULL,NULL,NULL,NULL,NULL,NULL,70,NULL),(0,'2023-08-11',NULL,1798626,NULL,NULL,NULL,715753,1,NULL,NULL,NULL,NULL,NULL,NULL,NULL,70,NULL),(0,'2023-08-11',NULL,1798638,NULL,NULL,NULL,786049,1,NULL,NULL,NULL,NULL,NULL,NULL,NULL,70,NULL),(0,'2023-08-11',NULL,1798640,NULL,NULL,NULL,791461,1,NULL,NULL,NULL,NULL,NULL,NULL,NULL,70,NULL),(0,'2023-08-14',NULL,1798648,NULL,NULL,NULL,857350,1,NULL,NULL,NULL,NULL,NULL,NULL,NULL,72,NULL),(0,'2023-08-14',NULL,1798675,NULL,NULL,NULL,106628,1,NULL,NULL,NULL,NULL,NULL,NULL,NULL,72,NULL),(0,'2023-08-14',NULL,1798676,NULL,NULL,NULL,106628,1,NULL,NULL,NULL,NULL,NULL,NULL,NULL,72,NULL),(0,'2023-08-14',NULL,1798702,NULL,NULL,NULL,814636,1,NULL,NULL,NULL,NULL,NULL,NULL,NULL,72,NULL),(0,'2023-08-16',NULL,1798771,NULL,NULL,NULL,187098,1,NULL,NULL,NULL,NULL,NULL,NULL,NULL,72,NULL),(0,'2023-08-18',NULL,1798814,NULL,NULL,NULL,725226,1,NULL,NULL,NULL,NULL,NULL,NULL,NULL,72,NULL),(0,'2023-08-18',NULL,1798835,NULL,NULL,NULL,809619,1,NULL,NULL,NULL,NULL,NULL,NULL,NULL,72,NULL),(0,'2023-08-22',NULL,1798856,NULL,NULL,NULL,851561,1,NULL,NULL,NULL,NULL,NULL,NULL,NULL,70,NULL),(0,'2023-08-22',NULL,1798868,NULL,NULL,NULL,857408,1,NULL,NULL,NULL,NULL,NULL,NULL,NULL,70,NULL),(0,'2023-08-22',NULL,1798870,NULL,NULL,NULL,153689,1,NULL,NULL,NULL,NULL,NULL,NULL,NULL,70,NULL),(0,'2023-08-22',NULL,1798877,NULL,NULL,NULL,798371,1,NULL,NULL,NULL,NULL,NULL,NULL,NULL,70,NULL),(0,'2023-08-23',NULL,1798927,NULL,NULL,NULL,857442,1,NULL,NULL,NULL,NULL,NULL,NULL,NULL,70,NULL),(0,'2023-08-23',NULL,1798930,NULL,NULL,NULL,857442,1,NULL,NULL,NULL,NULL,NULL,NULL,NULL,70,NULL),(0,'2023-08-25',NULL,1798941,NULL,NULL,NULL,136716,1,NULL,NULL,NULL,NULL,NULL,NULL,NULL,70,NULL),(0,'2023-08-25',NULL,1798946,NULL,NULL,NULL,841880,1,NULL,NULL,NULL,NULL,NULL,NULL,NULL,70,NULL),(0,'2023-08-25',NULL,1798973,NULL,NULL,NULL,757326,1,NULL,NULL,NULL,NULL,NULL,NULL,NULL,70,NULL),(0,'2023-08-25',NULL,1798977,NULL,NULL,NULL,857447,1,NULL,NULL,NULL,NULL,NULL,NULL,NULL,70,NULL),(0,'2023-08-26',NULL,1798994,NULL,NULL,NULL,857476,1,NULL,NULL,NULL,NULL,NULL,NULL,NULL,70,NULL),(0,'2023-08-28',NULL,1799025,NULL,NULL,NULL,764843,1,NULL,NULL,NULL,NULL,NULL,NULL,NULL,72,NULL),(0,'2023-08-28',NULL,1799032,NULL,NULL,NULL,160402,1,NULL,NULL,NULL,NULL,NULL,NULL,NULL,72,NULL),(0,'2023-08-28',NULL,1799053,NULL,NULL,NULL,852370,1,NULL,NULL,NULL,NULL,NULL,NULL,NULL,72,NULL),(0,'2023-08-28',NULL,1799058,NULL,NULL,NULL,121739,1,NULL,NULL,NULL,NULL,NULL,NULL,NULL,72,NULL),(0,'2023-08-29',NULL,1799091,NULL,NULL,NULL,20757,1,NULL,NULL,NULL,NULL,NULL,NULL,NULL,72,NULL),(0,'2023-08-30',NULL,1799118,NULL,NULL,NULL,857514,1,NULL,NULL,NULL,NULL,NULL,NULL,NULL,70,NULL),(0,'2023-08-30',NULL,1799130,NULL,NULL,NULL,857519,1,NULL,NULL,NULL,NULL,NULL,NULL,NULL,70,NULL),(0,'2023-08-30',NULL,1799133,NULL,NULL,NULL,857523,1,NULL,NULL,NULL,NULL,NULL,NULL,NULL,70,NULL),(0,'2023-08-30',NULL,1799174,NULL,NULL,NULL,855451,1,NULL,NULL,NULL,NULL,NULL,NULL,NULL,70,NULL),(0,'2023-09-01',NULL,1799235,NULL,NULL,NULL,160064,1,NULL,NULL,NULL,NULL,NULL,NULL,NULL,72,NULL),(0,'2023-09-01',NULL,1799279,NULL,NULL,NULL,857529,1,NULL,NULL,NULL,NULL,NULL,NULL,NULL,72,NULL),(0,'2023-09-01',NULL,1799295,NULL,NULL,NULL,857557,1,NULL,NULL,NULL,NULL,NULL,NULL,NULL,72,NULL),(0,'2023-09-01',NULL,1799301,NULL,NULL,NULL,857566,1,NULL,NULL,NULL,NULL,NULL,NULL,NULL,72,NULL),(0,'2023-09-01',NULL,1799302,NULL,NULL,NULL,857567,1,NULL,NULL,NULL,NULL,NULL,NULL,NULL,72,NULL),(0,'2023-09-04',NULL,1799307,NULL,NULL,NULL,857582,1,NULL,NULL,NULL,NULL,NULL,NULL,NULL,70,NULL),(0,'2023-09-05',NULL,1799529,NULL,NULL,NULL,621406,1,NULL,NULL,NULL,NULL,NULL,NULL,NULL,70,NULL),(0,'2023-09-05',NULL,1799537,NULL,NULL,NULL,779172,1,NULL,NULL,NULL,NULL,NULL,NULL,NULL,70,NULL),(0,'2023-09-07',NULL,1799578,NULL,NULL,NULL,857616,1,NULL,NULL,NULL,NULL,NULL,NULL,NULL,70,NULL),(0,'2023-09-07',NULL,1799582,NULL,NULL,NULL,713648,1,NULL,NULL,NULL,NULL,NULL,NULL,NULL,70,NULL),(0,'2023-09-08',NULL,1799612,NULL,NULL,NULL,751147,1,NULL,NULL,NULL,NULL,NULL,NULL,NULL,70,NULL),(0,'2023-09-08',NULL,1799614,NULL,NULL,NULL,744244,1,NULL,NULL,NULL,NULL,NULL,NULL,NULL,70,NULL),(0,'2023-09-08',NULL,1799615,NULL,NULL,NULL,763206,1,NULL,NULL,NULL,NULL,NULL,NULL,NULL,70,NULL),(0,'2023-09-11',NULL,1799665,NULL,NULL,NULL,152600,1,NULL,NULL,NULL,NULL,NULL,NULL,NULL,70,NULL),(0,'2023-09-11',NULL,1799683,NULL,NULL,NULL,817384,1,NULL,NULL,NULL,NULL,NULL,NULL,NULL,70,NULL),(0,'2023-09-11',NULL,1799690,NULL,NULL,NULL,857638,1,NULL,NULL,NULL,NULL,NULL,NULL,NULL,70,NULL),(0,'2023-09-11',NULL,1799707,NULL,NULL,NULL,17203,1,NULL,NULL,NULL,NULL,NULL,NULL,NULL,70,NULL),(0,'2023-09-13',NULL,1799752,NULL,NULL,NULL,847439,1,NULL,NULL,NULL,NULL,NULL,NULL,NULL,72,NULL),(0,'2023-09-13',NULL,1799756,NULL,NULL,NULL,510555,1,NULL,NULL,NULL,NULL,NULL,NULL,NULL,72,NULL),(0,'2023-09-15',NULL,1799967,NULL,NULL,NULL,849458,1,NULL,NULL,NULL,NULL,NULL,NULL,NULL,72,NULL),(0,'2023-09-19',NULL,1800038,NULL,NULL,NULL,857725,1,NULL,NULL,NULL,NULL,NULL,NULL,NULL,72,NULL),(0,'2023-09-19',NULL,1800042,NULL,NULL,NULL,629356,1,NULL,NULL,NULL,NULL,NULL,NULL,NULL,72,NULL),(0,'2023-09-20',NULL,1800054,NULL,NULL,NULL,181269,1,NULL,NULL,NULL,NULL,NULL,NULL,NULL,70,NULL),(0,'2023-09-20',NULL,1800087,NULL,NULL,NULL,191278,1,NULL,NULL,NULL,NULL,NULL,NULL,NULL,70,NULL),(0,'2023-09-20',NULL,1800089,NULL,NULL,NULL,857742,1,NULL,NULL,NULL,NULL,NULL,NULL,NULL,70,NULL),(0,'2023-09-22',NULL,1800129,NULL,NULL,NULL,857766,1,NULL,NULL,NULL,NULL,NULL,NULL,NULL,70,NULL),(0,'2023-09-27',NULL,1800219,NULL,NULL,NULL,831540,1,NULL,NULL,NULL,NULL,NULL,NULL,NULL,72,NULL),(0,'2023-09-27',NULL,1800220,NULL,NULL,NULL,857789,1,NULL,NULL,NULL,NULL,NULL,NULL,NULL,72,NULL),(0,'2023-09-27',NULL,1800227,NULL,NULL,NULL,857796,1,NULL,NULL,NULL,NULL,NULL,NULL,NULL,72,NULL),(0,'2023-09-27',NULL,1800265,NULL,NULL,NULL,166528,1,NULL,NULL,NULL,NULL,NULL,NULL,NULL,72,NULL),(0,'2023-09-27',NULL,1800267,NULL,NULL,NULL,506736,1,NULL,NULL,NULL,NULL,NULL,NULL,NULL,72,NULL),(0,'2023-09-27',NULL,1800268,NULL,NULL,NULL,812157,1,NULL,NULL,NULL,NULL,NULL,NULL,NULL,72,NULL),(0,'2023-09-29',NULL,1800336,NULL,NULL,NULL,705178,1,NULL,NULL,NULL,NULL,NULL,NULL,NULL,72,NULL),(0,'2023-09-29',NULL,1800368,NULL,NULL,NULL,146701,1,NULL,NULL,NULL,NULL,NULL,NULL,NULL,72,NULL),(0,'2023-10-02',NULL,1800373,NULL,NULL,NULL,27756,1,NULL,NULL,NULL,NULL,NULL,NULL,NULL,70,NULL),(0,'2023-10-02',NULL,1800375,NULL,NULL,NULL,123144,1,NULL,NULL,NULL,NULL,NULL,NULL,NULL,70,NULL),(0,'2023-10-03',NULL,1800454,NULL,NULL,NULL,715753,1,NULL,NULL,NULL,NULL,NULL,NULL,NULL,72,NULL),(0,'2023-10-03',NULL,1800466,NULL,NULL,NULL,857819,1,NULL,NULL,NULL,NULL,NULL,NULL,NULL,72,NULL),(0,'2023-10-04',NULL,1800705,NULL,NULL,NULL,65273,1,NULL,NULL,NULL,NULL,NULL,NULL,NULL,70,NULL),(0,'2023-10-05',NULL,1800719,NULL,NULL,NULL,810320,1,NULL,NULL,NULL,NULL,NULL,NULL,NULL,70,NULL),(0,'2023-10-06',NULL,1800739,NULL,NULL,NULL,857935,1,NULL,NULL,NULL,NULL,NULL,NULL,NULL,70,NULL),(0,'2023-10-09',NULL,1800752,NULL,NULL,NULL,857945,1,NULL,NULL,NULL,NULL,NULL,NULL,NULL,72,NULL),(0,'2023-10-10',NULL,1800785,NULL,NULL,NULL,849013,1,NULL,NULL,NULL,NULL,NULL,NULL,NULL,72,NULL),(0,'2023-10-10',NULL,1800786,NULL,NULL,NULL,849013,1,NULL,NULL,NULL,NULL,NULL,NULL,NULL,72,NULL),(0,'2023-10-12',NULL,1800848,NULL,NULL,NULL,103200,1,NULL,NULL,NULL,NULL,NULL,NULL,NULL,72,NULL),(0,'2023-10-17',NULL,1800857,NULL,NULL,NULL,857996,1,NULL,NULL,NULL,NULL,NULL,NULL,NULL,72,NULL),(0,'2023-10-17',NULL,1800893,NULL,NULL,NULL,830500,1,NULL,NULL,NULL,NULL,NULL,NULL,NULL,72,NULL),(0,'2023-10-17',NULL,1800898,NULL,NULL,NULL,797789,1,NULL,NULL,NULL,NULL,NULL,NULL,NULL,72,NULL),(0,'2023-10-18',NULL,1800977,NULL,NULL,NULL,852108,1,NULL,NULL,NULL,NULL,NULL,NULL,NULL,70,NULL),(0,'2023-10-19',NULL,1800983,NULL,NULL,NULL,858051,1,NULL,NULL,NULL,NULL,NULL,NULL,NULL,70,NULL),(0,'2023-10-19',NULL,1800987,NULL,NULL,NULL,116252,1,NULL,NULL,NULL,NULL,NULL,NULL,NULL,70,NULL),(0,'2023-10-19',NULL,1801025,NULL,NULL,NULL,858060,1,NULL,NULL,NULL,NULL,NULL,NULL,NULL,70,NULL),(0,'2023-10-19',NULL,1801037,NULL,NULL,NULL,858061,1,NULL,NULL,NULL,NULL,NULL,NULL,NULL,72,NULL),(0,'2023-10-20',NULL,1801041,NULL,NULL,NULL,745578,1,NULL,NULL,NULL,NULL,NULL,NULL,NULL,70,NULL),(0,'2023-10-25',NULL,1801077,NULL,NULL,NULL,838885,1,NULL,NULL,NULL,NULL,NULL,NULL,NULL,72,NULL),(0,'2023-10-25',NULL,1801107,NULL,NULL,NULL,182830,1,NULL,NULL,NULL,NULL,NULL,NULL,NULL,72,NULL),(0,'2023-10-25',NULL,1801111,NULL,NULL,NULL,28133,1,NULL,NULL,NULL,NULL,NULL,NULL,NULL,72,NULL),(0,'2023-10-27',NULL,1801150,NULL,NULL,NULL,858110,1,NULL,NULL,NULL,NULL,NULL,NULL,NULL,72,NULL),(0,'2023-10-27',NULL,1801179,NULL,NULL,NULL,611073,1,NULL,NULL,NULL,NULL,NULL,NULL,NULL,72,NULL),(0,'2023-10-31',NULL,1801335,NULL,NULL,NULL,858205,1,NULL,NULL,NULL,NULL,NULL,NULL,NULL,72,NULL),(0,'2023-11-01',NULL,1801362,NULL,NULL,NULL,786460,1,NULL,NULL,NULL,NULL,NULL,NULL,NULL,70,NULL),(0,'2023-11-01',NULL,1801370,NULL,NULL,NULL,858204,1,NULL,NULL,NULL,NULL,NULL,NULL,NULL,70,NULL),(0,'2023-11-01',NULL,1801371,NULL,NULL,NULL,857754,1,NULL,NULL,NULL,NULL,NULL,NULL,NULL,70,NULL),(0,'2023-11-01',NULL,1801373,NULL,NULL,NULL,858203,1,NULL,NULL,NULL,NULL,NULL,NULL,NULL,70,NULL),(0,'2023-11-01',NULL,1801386,NULL,NULL,NULL,608559,1,NULL,NULL,NULL,NULL,NULL,NULL,NULL,70,NULL),(0,'2023-11-01',NULL,1801392,NULL,NULL,NULL,858208,1,NULL,NULL,NULL,NULL,NULL,NULL,NULL,70,NULL),(0,'2023-11-01',NULL,1801410,NULL,NULL,NULL,764850,1,NULL,NULL,NULL,NULL,NULL,NULL,NULL,70,NULL),(0,'2023-11-02',NULL,1801443,NULL,NULL,NULL,857978,1,NULL,NULL,NULL,NULL,NULL,NULL,NULL,70,NULL),(0,'2023-11-03',NULL,1801458,NULL,NULL,NULL,808206,1,NULL,NULL,NULL,NULL,NULL,NULL,NULL,70,NULL),(0,'2023-11-06',NULL,1801485,NULL,NULL,NULL,858252,1,NULL,NULL,NULL,NULL,NULL,NULL,NULL,72,NULL),(0,'2023-11-06',NULL,1801486,NULL,NULL,NULL,846606,1,NULL,NULL,NULL,NULL,NULL,NULL,NULL,72,NULL),(0,'2023-11-06',NULL,1801489,NULL,NULL,NULL,858253,1,NULL,NULL,NULL,NULL,NULL,NULL,NULL,72,NULL),(0,'2023-11-08',NULL,1801702,NULL,NULL,NULL,858303,1,NULL,NULL,NULL,NULL,NULL,NULL,NULL,72,NULL),(0,'2023-11-08',NULL,1801718,NULL,NULL,NULL,605075,1,NULL,NULL,NULL,NULL,NULL,NULL,NULL,72,NULL),(0,'2023-11-09',NULL,1801757,NULL,NULL,NULL,764678,1,NULL,NULL,NULL,NULL,NULL,NULL,NULL,70,NULL),(0,'2023-11-09',NULL,1801761,NULL,NULL,NULL,855045,1,NULL,NULL,NULL,NULL,NULL,NULL,NULL,70,NULL),(0,'2023-11-10',NULL,1801765,NULL,NULL,NULL,858313,1,NULL,NULL,NULL,NULL,NULL,NULL,NULL,72,NULL),(0,'2023-11-10',NULL,1801767,NULL,NULL,NULL,630155,1,NULL,NULL,NULL,NULL,NULL,NULL,NULL,72,NULL),(0,'2023-11-10',NULL,1801771,NULL,NULL,NULL,817478,1,NULL,NULL,NULL,NULL,NULL,NULL,NULL,72,NULL),(0,'2023-11-13',NULL,1801966,NULL,NULL,NULL,855354,1,NULL,NULL,NULL,NULL,NULL,NULL,NULL,70,NULL),(0,'2023-11-13',NULL,1801981,NULL,NULL,NULL,98328,1,NULL,NULL,NULL,NULL,NULL,NULL,NULL,70,NULL),(0,'2023-11-15',NULL,1802023,NULL,NULL,NULL,804276,1,NULL,NULL,NULL,NULL,NULL,NULL,NULL,70,NULL),(0,'2023-11-15',NULL,1802027,NULL,NULL,NULL,761364,1,NULL,NULL,NULL,NULL,NULL,NULL,NULL,70,NULL),(0,'2023-11-16',NULL,1802042,NULL,NULL,NULL,851836,1,NULL,NULL,NULL,NULL,NULL,NULL,NULL,70,NULL),(0,'2023-11-16',NULL,1802043,NULL,NULL,NULL,852877,1,NULL,NULL,NULL,NULL,NULL,NULL,NULL,70,NULL),(0,'2023-11-16',NULL,1802047,NULL,NULL,NULL,858391,1,NULL,NULL,NULL,NULL,NULL,NULL,NULL,70,NULL),(0,'2023-11-16',NULL,1802048,NULL,NULL,NULL,858092,1,NULL,NULL,NULL,NULL,NULL,NULL,NULL,70,NULL),(0,'2023-11-21',NULL,1802113,NULL,NULL,NULL,858456,1,NULL,NULL,NULL,NULL,NULL,NULL,NULL,72,NULL),(0,'2023-11-22',NULL,1802189,NULL,NULL,NULL,858458,1,NULL,NULL,NULL,NULL,NULL,NULL,NULL,72,NULL),(0,'2023-11-22',NULL,1802199,NULL,NULL,NULL,797711,1,NULL,NULL,NULL,NULL,NULL,NULL,NULL,72,NULL),(0,'2023-11-22',NULL,1802200,NULL,NULL,NULL,797711,1,NULL,NULL,NULL,NULL,NULL,NULL,NULL,72,NULL),(0,'2023-11-25',NULL,1802256,NULL,NULL,NULL,300492,1,NULL,NULL,NULL,NULL,NULL,NULL,NULL,70,NULL),(0,'2023-11-25',NULL,1802260,NULL,NULL,NULL,858513,1,NULL,NULL,NULL,NULL,NULL,NULL,NULL,70,NULL),(0,'2023-11-25',NULL,1802313,NULL,NULL,NULL,827532,1,NULL,NULL,NULL,NULL,NULL,NULL,NULL,70,NULL),(0,'2023-11-29',NULL,1802404,NULL,NULL,NULL,706016,1,NULL,NULL,NULL,NULL,NULL,NULL,NULL,72,NULL),(0,'2023-11-29',NULL,1802407,NULL,NULL,NULL,858633,1,NULL,NULL,NULL,NULL,NULL,NULL,NULL,72,NULL),(0,'2023-11-29',NULL,1802447,NULL,NULL,NULL,858396,1,NULL,NULL,NULL,NULL,NULL,NULL,NULL,72,NULL),(0,'2023-11-29',NULL,1802480,NULL,NULL,NULL,803279,1,NULL,NULL,NULL,NULL,NULL,NULL,NULL,72,NULL),(0,'2023-11-29',NULL,1802481,NULL,NULL,NULL,803279,1,NULL,NULL,NULL,NULL,NULL,NULL,NULL,72,NULL),(0,'2023-11-29',NULL,1802483,NULL,NULL,NULL,858640,1,NULL,NULL,NULL,NULL,NULL,NULL,NULL,72,NULL),(0,'2023-11-30',NULL,1802567,NULL,NULL,NULL,734438,1,NULL,NULL,NULL,NULL,NULL,NULL,NULL,70,NULL),(0,'2023-12-01',NULL,1802591,NULL,NULL,NULL,858692,1,NULL,NULL,NULL,NULL,NULL,NULL,NULL,70,NULL),(0,'2023-12-02',NULL,1802635,NULL,NULL,NULL,858683,1,NULL,NULL,NULL,NULL,NULL,NULL,NULL,72,NULL),(0,'2023-12-02',NULL,1802645,NULL,NULL,NULL,858701,1,NULL,NULL,NULL,NULL,NULL,NULL,NULL,72,NULL),(0,'2023-12-02',NULL,1802652,NULL,NULL,NULL,848098,1,NULL,NULL,NULL,NULL,NULL,NULL,NULL,72,NULL),(0,'2023-12-02',NULL,1802669,NULL,NULL,NULL,858699,1,NULL,NULL,NULL,NULL,NULL,NULL,NULL,72,NULL),(0,'2023-12-04',NULL,1802681,NULL,NULL,NULL,630873,1,NULL,NULL,NULL,NULL,NULL,NULL,NULL,72,NULL),(0,'2023-12-05',NULL,1802744,NULL,NULL,NULL,819090,1,NULL,NULL,NULL,NULL,NULL,NULL,NULL,72,NULL),(0,'2023-12-05',NULL,1802810,NULL,NULL,NULL,853164,1,NULL,NULL,NULL,NULL,NULL,NULL,NULL,72,NULL),(0,'2023-12-07',NULL,1802894,NULL,NULL,NULL,311747,1,NULL,NULL,NULL,NULL,NULL,NULL,NULL,70,NULL),(0,'2023-12-07',NULL,1802910,NULL,NULL,NULL,858726,1,NULL,NULL,NULL,NULL,NULL,NULL,NULL,70,NULL),(0,'2023-12-12',NULL,1802920,NULL,NULL,NULL,858766,1,NULL,NULL,NULL,NULL,NULL,NULL,NULL,72,NULL),(0,'2023-12-12',NULL,1802930,NULL,NULL,NULL,858790,1,NULL,NULL,NULL,NULL,NULL,NULL,NULL,72,NULL),(0,'2023-12-12',NULL,1802943,NULL,NULL,NULL,858737,1,NULL,NULL,NULL,NULL,NULL,NULL,NULL,72,NULL),(0,'2023-12-12',NULL,1802974,NULL,NULL,NULL,850292,1,NULL,NULL,NULL,NULL,NULL,NULL,NULL,72,NULL),(0,'2023-12-13',NULL,1803004,NULL,NULL,NULL,858761,1,NULL,NULL,NULL,NULL,NULL,NULL,NULL,72,NULL),(0,'2023-12-13',NULL,1803014,NULL,NULL,NULL,836545,1,NULL,NULL,NULL,NULL,NULL,NULL,NULL,72,NULL),(0,'2023-12-13',NULL,1803035,NULL,NULL,NULL,200139,1,NULL,NULL,NULL,NULL,NULL,NULL,NULL,72,NULL),(0,'2023-12-13',NULL,1803060,NULL,NULL,NULL,15050,1,NULL,NULL,NULL,NULL,NULL,NULL,NULL,72,NULL),(0,'2023-12-13',NULL,1803064,NULL,NULL,NULL,858807,1,NULL,NULL,NULL,NULL,NULL,NULL,NULL,72,NULL),(0,'2023-12-13',NULL,1803085,NULL,NULL,NULL,603165,1,NULL,NULL,NULL,NULL,NULL,NULL,NULL,72,NULL),(0,'2023-12-13',NULL,1803098,NULL,NULL,NULL,779498,1,NULL,NULL,NULL,NULL,NULL,NULL,NULL,72,NULL),(0,'2023-12-15',NULL,1803119,NULL,NULL,NULL,314188,1,NULL,NULL,NULL,NULL,NULL,NULL,NULL,72,NULL),(0,'2023-12-15',NULL,1803141,NULL,NULL,NULL,858832,1,NULL,NULL,NULL,NULL,NULL,NULL,NULL,72,NULL),(0,'2023-12-15',NULL,1803147,NULL,NULL,NULL,858823,1,NULL,NULL,NULL,NULL,NULL,NULL,NULL,72,NULL),(0,'2023-12-15',NULL,1803154,NULL,NULL,NULL,858821,1,NULL,NULL,NULL,NULL,NULL,NULL,NULL,72,NULL),(0,'2023-12-18',NULL,1803158,NULL,NULL,NULL,796813,1,NULL,NULL,NULL,NULL,NULL,NULL,NULL,72,NULL),(0,'2023-12-18',NULL,1803162,NULL,NULL,NULL,858869,1,NULL,NULL,NULL,NULL,NULL,NULL,NULL,72,NULL),(0,'2023-12-18',NULL,1803229,NULL,NULL,NULL,858845,1,NULL,NULL,NULL,NULL,NULL,NULL,NULL,72,NULL),(0,'2023-12-20',NULL,1803318,NULL,NULL,NULL,715915,1,NULL,NULL,NULL,NULL,NULL,NULL,NULL,72,NULL),(0,'2023-12-23',NULL,1803385,NULL,NULL,NULL,850752,1,NULL,NULL,NULL,NULL,NULL,NULL,NULL,70,NULL),(0,'2023-12-23',NULL,1803426,NULL,NULL,NULL,859003,1,NULL,NULL,NULL,NULL,NULL,NULL,NULL,70,NULL),(0,'2023-12-23',NULL,1803439,NULL,NULL,NULL,858979,1,NULL,NULL,NULL,NULL,NULL,NULL,NULL,70,NULL),(0,'2023-12-23',NULL,1803447,NULL,NULL,NULL,858991,1,NULL,NULL,NULL,NULL,NULL,NULL,NULL,70,NULL),(0,'2023-12-23',NULL,1803478,NULL,NULL,NULL,770634,1,NULL,NULL,NULL,NULL,NULL,NULL,NULL,70,NULL),(0,'2023-12-26',NULL,1803492,NULL,NULL,NULL,859018,1,NULL,NULL,NULL,NULL,NULL,NULL,NULL,72,NULL),(0,'2023-12-26',NULL,1803503,NULL,NULL,NULL,859005,1,NULL,NULL,NULL,NULL,NULL,NULL,NULL,72,NULL),(0,'2023-12-26',NULL,1803504,NULL,NULL,NULL,859007,1,NULL,NULL,NULL,NULL,NULL,NULL,NULL,72,NULL),(0,'2023-12-27',NULL,1803556,NULL,NULL,NULL,854415,1,NULL,NULL,NULL,NULL,NULL,NULL,NULL,72,NULL),(0,'2023-12-28',NULL,1803591,NULL,NULL,NULL,575025,1,NULL,NULL,NULL,NULL,NULL,NULL,NULL,72,NULL),(0,'2023-12-29',NULL,1803608,NULL,NULL,NULL,309713,1,NULL,NULL,NULL,NULL,NULL,NULL,NULL,72,NULL),(0,'2023-12-29',NULL,1803612,NULL,NULL,NULL,859058,1,NULL,NULL,NULL,NULL,NULL,NULL,NULL,72,NULL),(0,'2023-12-29',NULL,1803619,NULL,NULL,NULL,859049,1,NULL,NULL,NULL,NULL,NULL,NULL,NULL,72,NULL),(0,'2023-12-29',NULL,1803620,NULL,NULL,NULL,859060,1,NULL,NULL,NULL,NULL,NULL,NULL,NULL,72,NULL),(0,'2024-01-02',NULL,1803674,NULL,NULL,NULL,118646,1,NULL,NULL,NULL,NULL,NULL,NULL,NULL,72,NULL),(0,'2024-01-02',NULL,1803712,NULL,NULL,NULL,859043,1,NULL,NULL,NULL,NULL,NULL,NULL,NULL,72,NULL),(0,'2024-01-02',NULL,1803713,NULL,NULL,NULL,114672,1,NULL,NULL,NULL,NULL,NULL,NULL,NULL,72,NULL),(0,'2024-01-03',NULL,1803722,NULL,NULL,NULL,859132,1,NULL,NULL,NULL,NULL,NULL,NULL,NULL,72,NULL),(0,'2024-01-03',NULL,1803733,NULL,NULL,NULL,850040,1,NULL,NULL,NULL,NULL,NULL,NULL,NULL,72,NULL),(0,'2024-01-03',NULL,1803735,NULL,NULL,NULL,114994,1,NULL,NULL,NULL,NULL,NULL,NULL,NULL,72,NULL),(0,'2024-01-03',NULL,1803742,NULL,NULL,NULL,158625,1,NULL,NULL,NULL,NULL,NULL,NULL,NULL,72,NULL),(0,'2024-01-03',NULL,1803760,NULL,NULL,NULL,306214,1,NULL,NULL,NULL,NULL,NULL,NULL,NULL,72,NULL),(0,'2024-01-03',NULL,1803761,NULL,NULL,NULL,859127,1,NULL,NULL,NULL,NULL,NULL,NULL,NULL,72,NULL),(0,'2024-01-03',NULL,1803803,NULL,NULL,NULL,306214,1,NULL,NULL,NULL,NULL,NULL,NULL,NULL,70,NULL),(0,'2024-01-03',NULL,1803809,NULL,NULL,NULL,859101,1,NULL,NULL,NULL,NULL,NULL,NULL,NULL,70,NULL),(0,'2024-01-04',NULL,1803838,NULL,NULL,NULL,858827,1,NULL,NULL,NULL,NULL,NULL,NULL,NULL,72,NULL),(0,'2024-01-04',NULL,1803911,NULL,NULL,NULL,612212,1,NULL,NULL,NULL,NULL,NULL,NULL,NULL,70,NULL),(0,'2024-01-06',NULL,1803938,NULL,NULL,NULL,859155,1,NULL,NULL,NULL,NULL,NULL,NULL,NULL,70,NULL),(0,'2024-01-06',NULL,1803939,NULL,NULL,NULL,859155,1,NULL,NULL,NULL,NULL,NULL,NULL,NULL,70,NULL),(0,'2024-01-06',NULL,1803941,NULL,NULL,NULL,851848,1,NULL,NULL,NULL,NULL,NULL,NULL,NULL,70,NULL),(0,'2024-01-06',NULL,1803954,NULL,NULL,NULL,802098,1,NULL,NULL,NULL,NULL,NULL,NULL,NULL,70,NULL),(0,'2024-01-06',NULL,1803955,NULL,NULL,NULL,859157,1,NULL,NULL,NULL,NULL,NULL,NULL,NULL,70,NULL),(0,'2024-01-08',NULL,1804049,NULL,NULL,NULL,859170,1,NULL,NULL,NULL,NULL,NULL,NULL,NULL,70,NULL),(0,'2024-01-09',NULL,1804095,NULL,NULL,NULL,114749,1,NULL,NULL,NULL,NULL,NULL,NULL,NULL,70,NULL),(0,'2024-01-10',NULL,1804098,NULL,NULL,NULL,859180,1,NULL,NULL,NULL,NULL,NULL,NULL,NULL,70,NULL),(0,'2024-01-10',NULL,1804099,NULL,NULL,NULL,859192,1,NULL,NULL,NULL,NULL,NULL,NULL,NULL,70,NULL),(0,'2024-01-10',NULL,1804147,NULL,NULL,NULL,142182,1,NULL,NULL,NULL,NULL,NULL,NULL,NULL,70,NULL),(0,'2024-01-12',NULL,1804164,NULL,NULL,NULL,859228,1,NULL,NULL,NULL,NULL,NULL,NULL,NULL,70,NULL),(0,'2024-01-12',NULL,1804166,NULL,NULL,NULL,800117,1,NULL,NULL,NULL,NULL,NULL,NULL,NULL,70,NULL),(0,'2024-01-12',NULL,1804167,NULL,NULL,NULL,151424,1,NULL,NULL,NULL,NULL,NULL,NULL,NULL,70,NULL),(0,'2024-01-12',NULL,1804177,NULL,NULL,NULL,859215,1,NULL,NULL,NULL,NULL,NULL,NULL,NULL,70,NULL),(0,'2024-01-12',NULL,1804212,NULL,NULL,NULL,859229,1,NULL,NULL,NULL,NULL,NULL,NULL,NULL,70,NULL),(0,'2024-01-16',NULL,1804327,NULL,NULL,NULL,515698,1,NULL,NULL,NULL,NULL,NULL,NULL,NULL,35,NULL),(0,'2024-01-19',NULL,1804394,NULL,NULL,NULL,859334,1,NULL,NULL,NULL,NULL,NULL,NULL,NULL,35,NULL),(0,'2024-01-19',NULL,1804403,NULL,NULL,NULL,165785,1,NULL,NULL,NULL,NULL,NULL,NULL,NULL,35,NULL),(0,'2024-01-19',NULL,1804438,NULL,NULL,NULL,101367,1,NULL,NULL,NULL,NULL,NULL,NULL,NULL,72,NULL),(0,'2024-01-19',NULL,1804456,NULL,NULL,NULL,503164,1,NULL,NULL,NULL,NULL,NULL,NULL,NULL,72,NULL),(0,'2024-01-22',NULL,1804466,NULL,NULL,NULL,775644,1,NULL,NULL,NULL,NULL,NULL,NULL,NULL,35,NULL),(0,'2024-01-22',NULL,1804493,NULL,NULL,NULL,859340,1,NULL,NULL,NULL,NULL,NULL,NULL,NULL,35,NULL),(0,'2024-01-23',NULL,1804497,NULL,NULL,NULL,859319,1,NULL,NULL,NULL,NULL,NULL,NULL,NULL,70,NULL),(0,'2024-01-23',NULL,1804498,NULL,NULL,NULL,859341,1,NULL,NULL,NULL,NULL,NULL,NULL,NULL,70,NULL),(0,'2024-01-23',NULL,1804502,NULL,NULL,NULL,859332,1,NULL,NULL,NULL,NULL,NULL,NULL,NULL,70,NULL),(0,'2024-01-23',NULL,1804503,NULL,NULL,NULL,859392,1,NULL,NULL,NULL,NULL,NULL,NULL,NULL,70,NULL),(0,'2024-01-23',NULL,1804504,NULL,NULL,NULL,752319,1,NULL,NULL,NULL,NULL,NULL,NULL,NULL,70,NULL),(0,'2024-01-23',NULL,1804505,NULL,NULL,NULL,752319,1,NULL,NULL,NULL,NULL,NULL,NULL,NULL,70,NULL),(0,'2024-01-23',NULL,1804511,NULL,NULL,NULL,859431,1,NULL,NULL,NULL,NULL,NULL,NULL,NULL,70,NULL),(0,'2024-01-23',NULL,1804513,NULL,NULL,NULL,782096,1,NULL,NULL,NULL,NULL,NULL,NULL,NULL,70,NULL),(0,'2024-01-23',NULL,1804527,NULL,NULL,NULL,859367,1,NULL,NULL,NULL,NULL,NULL,NULL,NULL,70,NULL),(0,'2024-01-23',NULL,1804531,NULL,NULL,NULL,859404,1,NULL,NULL,NULL,NULL,NULL,NULL,NULL,70,NULL),(0,'2024-01-23',NULL,1804536,NULL,NULL,NULL,857287,1,NULL,NULL,NULL,NULL,NULL,NULL,NULL,70,NULL),(0,'2024-01-23',NULL,1804538,NULL,NULL,NULL,726187,1,NULL,NULL,NULL,NULL,NULL,NULL,NULL,70,NULL),(0,'2024-01-23',NULL,1804547,NULL,NULL,NULL,859285,1,NULL,NULL,NULL,NULL,NULL,NULL,NULL,70,NULL),(0,'2024-01-23',NULL,1804597,NULL,NULL,NULL,859358,1,NULL,NULL,NULL,NULL,NULL,NULL,NULL,70,NULL),(0,'2024-01-25',NULL,1804675,NULL,NULL,NULL,107595,1,NULL,NULL,NULL,NULL,NULL,NULL,NULL,70,NULL),(0,'2024-01-25',NULL,1804678,NULL,NULL,NULL,122176,1,NULL,NULL,NULL,NULL,NULL,NULL,NULL,70,NULL),(0,'2024-01-25',NULL,1804681,NULL,NULL,NULL,859453,1,NULL,NULL,NULL,NULL,NULL,NULL,NULL,70,NULL),(0,'2024-01-25',NULL,1804699,NULL,NULL,NULL,859435,1,NULL,NULL,NULL,NULL,NULL,NULL,NULL,70,NULL),(0,'2024-01-25',NULL,1804701,NULL,NULL,NULL,846742,1,NULL,NULL,NULL,NULL,NULL,NULL,NULL,70,NULL),(0,'2024-01-25',NULL,1804716,NULL,NULL,NULL,859461,1,NULL,NULL,NULL,NULL,NULL,NULL,NULL,70,NULL),(0,'2024-01-25',NULL,1804718,NULL,NULL,NULL,850776,1,NULL,NULL,NULL,NULL,NULL,NULL,NULL,70,NULL),(0,'2024-01-25',NULL,1804719,NULL,NULL,NULL,859464,1,NULL,NULL,NULL,NULL,NULL,NULL,NULL,70,NULL),(0,'2024-01-26',NULL,1804737,NULL,NULL,NULL,859483,1,NULL,NULL,NULL,NULL,NULL,NULL,NULL,35,NULL),(0,'2024-01-26',NULL,1804744,NULL,NULL,NULL,859481,1,NULL,NULL,NULL,NULL,NULL,NULL,NULL,35,NULL),(0,'2024-01-26',NULL,1804783,NULL,NULL,NULL,857297,1,NULL,NULL,NULL,NULL,NULL,NULL,NULL,35,NULL),(0,'2024-01-29',NULL,1804803,NULL,NULL,NULL,859510,1,NULL,NULL,NULL,NULL,NULL,NULL,NULL,35,NULL),(0,'2024-01-30',NULL,1804870,NULL,NULL,NULL,859549,1,NULL,NULL,NULL,NULL,NULL,NULL,NULL,72,NULL),(0,'2024-01-30',NULL,1804877,NULL,NULL,NULL,845904,1,NULL,NULL,NULL,NULL,NULL,NULL,NULL,70,NULL),(0,'2024-01-30',NULL,1804878,NULL,NULL,NULL,859536,1,NULL,NULL,NULL,NULL,NULL,NULL,NULL,70,NULL),(0,'2024-01-30',NULL,1804924,NULL,NULL,NULL,859571,1,NULL,NULL,NULL,NULL,NULL,NULL,NULL,70,NULL),(0,'2024-02-01',NULL,1804980,NULL,NULL,NULL,847377,1,NULL,NULL,NULL,NULL,NULL,NULL,NULL,72,NULL),(0,'2024-02-01',NULL,1804995,NULL,NULL,NULL,859588,1,NULL,NULL,NULL,NULL,NULL,NULL,NULL,72,NULL),(0,'2024-02-01',NULL,1805031,NULL,NULL,NULL,768917,1,NULL,NULL,NULL,NULL,NULL,NULL,NULL,70,NULL),(0,'2024-02-01',NULL,1805040,NULL,NULL,NULL,177673,1,NULL,NULL,NULL,NULL,NULL,NULL,NULL,70,NULL),(0,'2024-02-01',NULL,1805053,NULL,NULL,NULL,859637,1,NULL,NULL,NULL,NULL,NULL,NULL,NULL,70,NULL),(0,'2024-02-01',NULL,1805054,NULL,NULL,NULL,859637,1,NULL,NULL,NULL,NULL,NULL,NULL,NULL,70,NULL),(0,'2024-02-01',NULL,1805055,NULL,NULL,NULL,859637,1,NULL,NULL,NULL,NULL,NULL,NULL,NULL,70,NULL),(0,'2024-02-02',NULL,1805061,NULL,NULL,NULL,859643,1,NULL,NULL,NULL,NULL,NULL,NULL,NULL,35,NULL),(0,'2024-02-02',NULL,1805062,NULL,NULL,NULL,859646,1,NULL,NULL,NULL,NULL,NULL,NULL,NULL,35,NULL),(0,'2024-02-05',NULL,1805173,NULL,NULL,NULL,766647,1,NULL,NULL,NULL,NULL,NULL,NULL,NULL,35,NULL),(0,'2024-02-05',NULL,1805200,NULL,NULL,NULL,65549,1,NULL,NULL,NULL,NULL,NULL,NULL,NULL,35,NULL),(0,'2024-02-05',NULL,1805202,NULL,NULL,NULL,859665,1,NULL,NULL,NULL,NULL,NULL,NULL,NULL,35,NULL),(0,'2024-02-05',NULL,1805206,NULL,NULL,NULL,818281,1,NULL,NULL,NULL,NULL,NULL,NULL,NULL,35,NULL),(0,'2024-02-06',NULL,1805246,NULL,NULL,NULL,859683,1,NULL,NULL,NULL,NULL,NULL,NULL,NULL,35,NULL),(0,'2024-02-06',NULL,1805262,NULL,NULL,NULL,822228,1,NULL,NULL,NULL,NULL,NULL,NULL,NULL,35,NULL),(0,'2024-02-06',NULL,1805275,NULL,NULL,NULL,754074,1,NULL,NULL,NULL,NULL,NULL,NULL,NULL,35,NULL),(0,'2024-02-06',NULL,1805301,NULL,NULL,NULL,859691,1,NULL,NULL,NULL,NULL,NULL,NULL,NULL,35,NULL),(0,'2024-02-07',NULL,1805305,NULL,NULL,NULL,859711,1,NULL,NULL,NULL,NULL,NULL,NULL,NULL,70,NULL),(0,'2024-02-07',NULL,1805310,NULL,NULL,NULL,783591,1,NULL,NULL,NULL,NULL,NULL,NULL,NULL,70,NULL),(0,'2024-02-07',NULL,1805311,NULL,NULL,NULL,858984,1,NULL,NULL,NULL,NULL,NULL,NULL,NULL,70,NULL),(0,'2024-02-08',NULL,1805315,NULL,NULL,NULL,859715,1,NULL,NULL,NULL,NULL,NULL,NULL,NULL,70,NULL),(0,'2024-02-08',NULL,1805316,NULL,NULL,NULL,17272,1,NULL,NULL,NULL,NULL,NULL,NULL,NULL,70,NULL),(0,'2024-02-08',NULL,1805319,NULL,NULL,NULL,124222,1,NULL,NULL,NULL,NULL,NULL,NULL,NULL,70,NULL),(0,'2024-02-08',NULL,1805334,NULL,NULL,NULL,735075,1,NULL,NULL,NULL,NULL,NULL,NULL,NULL,70,NULL),(0,'2024-02-08',NULL,1805340,NULL,NULL,NULL,17272,1,NULL,NULL,NULL,NULL,NULL,NULL,NULL,70,NULL),(0,'2024-02-08',NULL,1805342,NULL,NULL,NULL,859729,1,NULL,NULL,NULL,NULL,NULL,NULL,NULL,35,NULL),(0,'2024-02-09',NULL,1805356,NULL,NULL,NULL,859741,1,NULL,NULL,NULL,NULL,NULL,NULL,NULL,35,NULL),(0,'2024-02-09',NULL,1805363,NULL,NULL,NULL,700968,1,NULL,NULL,NULL,NULL,NULL,NULL,NULL,35,NULL),(0,'2024-02-09',NULL,1805364,NULL,NULL,NULL,700968,1,NULL,NULL,NULL,NULL,NULL,NULL,NULL,35,NULL),(0,'2024-02-10',NULL,1805374,NULL,NULL,NULL,733010,1,NULL,NULL,NULL,NULL,NULL,NULL,NULL,35,NULL),(0,'2024-02-10',NULL,1805375,NULL,NULL,NULL,859743,1,NULL,NULL,NULL,NULL,NULL,NULL,NULL,35,NULL),(0,'2024-02-10',NULL,1805378,NULL,NULL,NULL,859749,1,NULL,NULL,NULL,NULL,NULL,NULL,NULL,35,NULL),(0,'2024-02-10',NULL,1805397,NULL,NULL,NULL,730587,1,NULL,NULL,NULL,NULL,NULL,NULL,NULL,35,NULL),(0,'2024-02-10',NULL,1805406,NULL,NULL,NULL,859748,1,NULL,NULL,NULL,NULL,NULL,NULL,NULL,35,NULL),(0,'2024-02-14',NULL,1805445,NULL,NULL,NULL,859812,1,NULL,NULL,NULL,NULL,NULL,NULL,NULL,70,NULL),(0,'2024-02-14',NULL,1805446,NULL,NULL,NULL,754796,1,NULL,NULL,NULL,NULL,NULL,NULL,NULL,70,NULL),(0,'2024-02-14',NULL,1805459,NULL,NULL,NULL,859793,1,NULL,NULL,NULL,NULL,NULL,NULL,NULL,70,NULL),(0,'2024-02-14',NULL,1805460,NULL,NULL,NULL,100924,1,NULL,NULL,NULL,NULL,NULL,NULL,NULL,70,NULL),(0,'2024-02-14',NULL,1805462,NULL,NULL,NULL,833543,1,NULL,NULL,NULL,NULL,NULL,NULL,NULL,70,NULL),(0,'2024-02-15',NULL,1805488,NULL,NULL,NULL,859828,1,NULL,NULL,NULL,NULL,NULL,NULL,NULL,70,NULL),(0,'2024-02-15',NULL,1805489,NULL,NULL,NULL,774231,1,NULL,NULL,NULL,NULL,NULL,NULL,NULL,70,NULL),(0,'2024-02-15',NULL,1805490,NULL,NULL,NULL,859834,1,NULL,NULL,NULL,NULL,NULL,NULL,NULL,70,NULL),(0,'2024-02-15',NULL,1805507,NULL,NULL,NULL,859831,1,NULL,NULL,NULL,NULL,NULL,NULL,NULL,70,NULL),(0,'2024-02-15',NULL,1805516,NULL,NULL,NULL,859828,1,NULL,NULL,NULL,NULL,NULL,NULL,NULL,70,NULL),(0,'2024-02-16',NULL,1805518,NULL,NULL,NULL,138331,1,NULL,NULL,NULL,NULL,NULL,NULL,NULL,70,NULL),(0,'2024-02-16',NULL,1805524,NULL,NULL,NULL,859852,1,NULL,NULL,NULL,NULL,NULL,NULL,NULL,70,NULL),(0,'2024-02-16',NULL,1805526,NULL,NULL,NULL,859833,1,NULL,NULL,NULL,NULL,NULL,NULL,NULL,70,NULL),(0,'2024-02-16',NULL,1805529,NULL,NULL,NULL,859817,1,NULL,NULL,NULL,NULL,NULL,NULL,NULL,70,NULL),(0,'2024-02-16',NULL,1805537,NULL,NULL,NULL,797029,1,NULL,NULL,NULL,NULL,NULL,NULL,NULL,70,NULL),(0,'2024-02-16',NULL,1805542,NULL,NULL,NULL,859857,1,NULL,NULL,NULL,NULL,NULL,NULL,NULL,70,NULL),(0,'2024-02-16',NULL,1805549,NULL,NULL,NULL,100231,1,NULL,NULL,NULL,NULL,NULL,NULL,NULL,70,NULL),(0,'2024-02-19',NULL,1805569,NULL,NULL,NULL,859863,1,NULL,NULL,NULL,NULL,NULL,NULL,NULL,70,NULL),(0,'2024-02-19',NULL,1805570,NULL,NULL,NULL,752993,1,NULL,NULL,NULL,NULL,NULL,NULL,NULL,70,NULL),(0,'2024-02-19',NULL,1805579,NULL,NULL,NULL,859895,1,NULL,NULL,NULL,NULL,NULL,NULL,NULL,70,NULL),(0,'2024-02-19',NULL,1805582,NULL,NULL,NULL,859885,1,NULL,NULL,NULL,NULL,NULL,NULL,NULL,70,NULL),(0,'2024-02-19',NULL,1805591,NULL,NULL,NULL,859869,1,NULL,NULL,NULL,NULL,NULL,NULL,NULL,70,NULL),(0,'2024-02-19',NULL,1805596,NULL,NULL,NULL,859864,1,NULL,NULL,NULL,NULL,NULL,NULL,NULL,70,NULL),(0,'2024-02-19',NULL,1805601,NULL,NULL,NULL,810082,1,NULL,NULL,NULL,NULL,NULL,NULL,NULL,70,NULL),(0,'2024-02-19',NULL,1805616,NULL,NULL,NULL,859872,1,NULL,NULL,NULL,NULL,NULL,NULL,NULL,70,NULL),(0,'2024-02-20',NULL,1805635,NULL,NULL,NULL,714159,1,NULL,NULL,NULL,NULL,NULL,NULL,NULL,70,NULL),(0,'2024-02-20',NULL,1805639,NULL,NULL,NULL,846851,1,NULL,NULL,NULL,NULL,NULL,NULL,NULL,70,NULL),(0,'2024-02-20',NULL,1805655,NULL,NULL,NULL,859900,1,NULL,NULL,NULL,NULL,NULL,NULL,NULL,70,NULL),(0,'2024-02-21',NULL,1805663,NULL,NULL,NULL,826533,1,NULL,NULL,NULL,NULL,NULL,NULL,NULL,70,NULL),(0,'2024-02-21',NULL,1805664,NULL,NULL,NULL,859920,1,NULL,NULL,NULL,NULL,NULL,NULL,NULL,70,NULL),(0,'2024-02-21',NULL,1805665,NULL,NULL,NULL,859921,1,NULL,NULL,NULL,NULL,NULL,NULL,NULL,70,NULL),(0,'2024-02-21',NULL,1805666,NULL,NULL,NULL,859922,1,NULL,NULL,NULL,NULL,NULL,NULL,NULL,70,NULL),(0,'2024-02-21',NULL,1805693,NULL,NULL,NULL,859929,1,NULL,NULL,NULL,NULL,NULL,NULL,NULL,70,NULL),(0,'2024-02-21',NULL,1805694,NULL,NULL,NULL,859955,1,NULL,NULL,NULL,NULL,NULL,NULL,NULL,70,NULL),(0,'2024-02-21',NULL,1805695,NULL,NULL,NULL,859956,1,NULL,NULL,NULL,NULL,NULL,NULL,NULL,70,NULL),(0,'2024-02-21',NULL,1805725,NULL,NULL,NULL,859951,1,NULL,NULL,NULL,NULL,NULL,NULL,NULL,70,NULL),(0,'2024-02-21',NULL,1805726,NULL,NULL,NULL,859949,1,NULL,NULL,NULL,NULL,NULL,NULL,NULL,70,NULL),(0,'2024-02-21',NULL,1805727,NULL,NULL,NULL,859950,1,NULL,NULL,NULL,NULL,NULL,NULL,NULL,70,NULL),(0,'2024-02-21',NULL,1805745,NULL,NULL,NULL,859960,1,NULL,NULL,NULL,NULL,NULL,NULL,NULL,70,NULL),(0,'2024-02-22',NULL,1805763,NULL,NULL,NULL,194910,1,NULL,NULL,NULL,NULL,NULL,NULL,NULL,70,NULL),(0,'2024-02-22',NULL,1805764,NULL,NULL,NULL,768359,1,NULL,NULL,NULL,NULL,NULL,NULL,NULL,70,NULL),(0,'2024-02-22',NULL,1805776,NULL,NULL,NULL,859971,1,NULL,NULL,NULL,NULL,NULL,NULL,NULL,70,NULL),(0,'2024-02-22',NULL,1805785,NULL,NULL,NULL,112358,1,NULL,NULL,NULL,NULL,NULL,NULL,NULL,70,NULL),(0,'2024-02-22',NULL,1805796,NULL,NULL,NULL,859991,1,NULL,NULL,NULL,NULL,NULL,NULL,NULL,70,NULL),(0,'2024-02-22',NULL,1805799,NULL,NULL,NULL,601614,1,NULL,NULL,NULL,NULL,NULL,NULL,NULL,70,NULL),(0,'2024-02-22',NULL,1805800,NULL,NULL,NULL,859984,1,NULL,NULL,NULL,NULL,NULL,NULL,NULL,70,NULL),(0,'2024-02-22',NULL,1805802,NULL,NULL,NULL,830852,1,NULL,NULL,NULL,NULL,NULL,NULL,NULL,70,NULL),(0,'2024-02-22',NULL,1805804,NULL,NULL,NULL,859992,1,NULL,NULL,NULL,NULL,NULL,NULL,NULL,70,NULL),(0,'2024-02-22',NULL,1805807,NULL,NULL,NULL,809800,1,NULL,NULL,NULL,NULL,NULL,NULL,NULL,70,NULL),(0,'2024-02-22',NULL,1805826,NULL,NULL,NULL,859985,1,NULL,NULL,NULL,NULL,NULL,NULL,NULL,70,NULL),(0,'2024-02-22',NULL,1805829,NULL,NULL,NULL,860015,1,NULL,NULL,NULL,NULL,NULL,NULL,NULL,70,NULL),(0,'2024-02-22',NULL,1805832,NULL,NULL,NULL,860013,1,NULL,NULL,NULL,NULL,NULL,NULL,NULL,70,NULL),(0,'2024-02-22',NULL,1805833,NULL,NULL,NULL,788451,1,NULL,NULL,NULL,NULL,NULL,NULL,NULL,70,NULL),(0,'2024-02-26',NULL,1805877,NULL,NULL,NULL,860043,1,NULL,NULL,NULL,NULL,NULL,NULL,NULL,72,NULL),(0,'2024-02-26',NULL,1805879,NULL,NULL,NULL,860079,1,NULL,NULL,NULL,NULL,NULL,NULL,NULL,72,NULL),(0,'2024-02-26',NULL,1805899,NULL,NULL,NULL,118042,1,NULL,NULL,NULL,NULL,NULL,NULL,NULL,72,NULL),(0,'2024-02-26',NULL,1805912,NULL,NULL,NULL,859606,1,NULL,NULL,NULL,NULL,NULL,NULL,NULL,72,NULL),(0,'2024-02-26',NULL,1805930,NULL,NULL,NULL,841060,1,NULL,NULL,NULL,NULL,NULL,NULL,NULL,72,NULL),(0,'2024-02-26',NULL,1805932,NULL,NULL,NULL,100759,1,NULL,NULL,NULL,NULL,NULL,NULL,NULL,72,NULL),(0,'2024-02-26',NULL,1805948,NULL,NULL,NULL,831259,1,NULL,NULL,NULL,NULL,NULL,NULL,NULL,72,NULL),(0,'2024-02-26',NULL,1805951,NULL,NULL,NULL,852212,1,NULL,NULL,NULL,NULL,NULL,NULL,NULL,72,NULL),(0,'2024-02-26',NULL,1805990,NULL,NULL,NULL,516992,1,NULL,NULL,NULL,NULL,NULL,NULL,NULL,72,NULL),(0,'2024-02-26',NULL,1805992,NULL,NULL,NULL,860050,1,NULL,NULL,NULL,NULL,NULL,NULL,NULL,72,NULL),(0,'2024-02-26',NULL,1805993,NULL,NULL,NULL,860050,1,NULL,NULL,NULL,NULL,NULL,NULL,NULL,72,NULL),(0,'2024-02-26',NULL,1805995,NULL,NULL,NULL,860071,1,NULL,NULL,NULL,NULL,NULL,NULL,NULL,72,NULL),(0,'2024-02-27',NULL,1806008,NULL,NULL,NULL,860075,1,NULL,NULL,NULL,NULL,NULL,NULL,NULL,72,NULL),(0,'2024-02-27',NULL,1806009,NULL,NULL,NULL,860088,1,NULL,NULL,NULL,NULL,NULL,NULL,NULL,72,NULL),(0,'2024-02-27',NULL,1806018,NULL,NULL,NULL,860113,1,NULL,NULL,NULL,NULL,NULL,NULL,NULL,72,NULL),(0,'2024-02-27',NULL,1806024,NULL,NULL,NULL,860081,1,NULL,NULL,NULL,NULL,NULL,NULL,NULL,72,NULL),(0,'2024-02-27',NULL,1806026,NULL,NULL,NULL,856470,1,NULL,NULL,NULL,NULL,NULL,NULL,NULL,72,NULL),(0,'2024-02-27',NULL,1806035,NULL,NULL,NULL,153169,1,NULL,NULL,NULL,NULL,NULL,NULL,NULL,72,NULL),(0,'2024-02-27',NULL,1806038,NULL,NULL,NULL,847472,1,NULL,NULL,NULL,NULL,NULL,NULL,NULL,72,NULL),(0,'2024-02-28',NULL,1806054,NULL,NULL,NULL,754591,1,NULL,NULL,NULL,NULL,NULL,NULL,NULL,72,NULL),(0,'2024-02-28',NULL,1806055,NULL,NULL,NULL,799455,1,NULL,NULL,NULL,NULL,NULL,NULL,NULL,72,NULL),(0,'2024-02-28',NULL,1806072,NULL,NULL,NULL,860120,1,NULL,NULL,NULL,NULL,NULL,NULL,NULL,72,NULL),(0,'2024-02-28',NULL,1806074,NULL,NULL,NULL,130674,1,NULL,NULL,NULL,NULL,NULL,NULL,NULL,72,NULL),(0,'2024-02-28',NULL,1806080,NULL,NULL,NULL,15133,1,NULL,NULL,NULL,NULL,NULL,NULL,NULL,72,NULL),(0,'2024-02-29',NULL,1806138,NULL,NULL,NULL,852892,1,NULL,NULL,NULL,NULL,NULL,NULL,NULL,72,NULL),(0,'2023-01-04',NULL,1793010,NULL,NULL,NULL,849639,2,NULL,NULL,NULL,29,NULL,NULL,NULL,12,NULL),(0,'2023-01-04',NULL,1793017,NULL,NULL,NULL,768746,2,NULL,NULL,NULL,29,NULL,NULL,NULL,12,NULL),(0,'2023-01-05',NULL,1793033,NULL,NULL,NULL,712204,2,NULL,NULL,NULL,29,NULL,NULL,NULL,45,NULL),(0,'2023-01-19',NULL,1793266,NULL,NULL,NULL,839309,2,NULL,NULL,NULL,29,NULL,NULL,NULL,44,NULL),(0,'2023-01-17',NULL,1793293,NULL,NULL,NULL,855904,2,NULL,NULL,NULL,29,NULL,NULL,NULL,12,NULL),(0,'2023-01-17',NULL,1793302,NULL,NULL,NULL,855888,2,NULL,NULL,NULL,29,NULL,NULL,NULL,12,NULL),(0,'2023-01-19',NULL,1793354,NULL,NULL,NULL,832468,2,NULL,NULL,NULL,29,NULL,NULL,NULL,44,NULL),(0,'2023-01-23',NULL,1793387,NULL,NULL,NULL,855934,2,NULL,NULL,NULL,29,NULL,NULL,NULL,12,NULL),(0,'2023-01-31',NULL,1793476,NULL,NULL,NULL,729670,2,NULL,NULL,NULL,29,NULL,NULL,NULL,45,NULL),(0,'2023-01-31',NULL,1793480,NULL,NULL,NULL,855965,2,NULL,NULL,NULL,29,NULL,NULL,NULL,45,NULL),(0,'2023-02-01',NULL,1793491,NULL,NULL,NULL,626794,2,NULL,NULL,NULL,29,NULL,NULL,NULL,45,NULL),(0,'2023-02-01',NULL,1793493,NULL,NULL,NULL,849213,2,NULL,NULL,NULL,29,NULL,NULL,NULL,45,NULL),(0,'2023-02-10',NULL,1793609,NULL,NULL,NULL,855996,2,NULL,NULL,NULL,29,NULL,NULL,NULL,45,NULL),(0,'2023-02-10',NULL,1793634,NULL,NULL,NULL,757941,2,NULL,NULL,NULL,29,NULL,NULL,NULL,45,NULL),(0,'2023-02-13',NULL,1793653,NULL,NULL,NULL,856019,2,NULL,NULL,NULL,29,NULL,NULL,NULL,45,NULL),(0,'2023-02-14',NULL,1793662,NULL,NULL,NULL,856027,2,NULL,NULL,NULL,29,NULL,NULL,NULL,45,NULL),(0,'2023-02-15',NULL,1793795,NULL,NULL,NULL,701353,2,NULL,NULL,NULL,29,NULL,NULL,NULL,45,NULL),(0,'2023-02-23',NULL,1793877,NULL,NULL,NULL,856073,2,NULL,NULL,NULL,29,NULL,NULL,NULL,45,NULL),(0,'2023-03-01',NULL,1793967,NULL,NULL,NULL,856097,2,NULL,NULL,NULL,29,NULL,NULL,NULL,12,NULL),(0,'2023-03-01',NULL,1793971,NULL,NULL,NULL,722134,2,NULL,NULL,NULL,29,NULL,NULL,NULL,12,NULL),(0,'2023-03-01',NULL,1793972,NULL,NULL,NULL,839447,2,NULL,NULL,NULL,29,NULL,NULL,NULL,12,NULL),(0,'2023-03-03',NULL,1794007,NULL,NULL,NULL,856118,2,NULL,NULL,NULL,29,NULL,NULL,NULL,45,NULL),(0,'2023-03-03',NULL,1794008,NULL,NULL,NULL,766107,2,NULL,NULL,NULL,29,NULL,NULL,NULL,45,NULL),(0,'2023-03-03',NULL,1794012,NULL,NULL,NULL,141413,2,NULL,NULL,NULL,29,NULL,NULL,NULL,45,NULL),(0,'2023-03-03',NULL,1794013,NULL,NULL,NULL,736229,2,NULL,NULL,NULL,29,NULL,NULL,NULL,45,NULL),(0,'2023-03-07',NULL,1794047,NULL,NULL,NULL,851896,2,NULL,NULL,NULL,29,NULL,NULL,NULL,45,NULL),(0,'2023-03-07',NULL,1794051,NULL,NULL,NULL,856130,2,NULL,NULL,NULL,29,NULL,NULL,NULL,45,NULL),(0,'2023-03-07',NULL,1794052,NULL,NULL,NULL,856130,2,NULL,NULL,NULL,29,NULL,NULL,NULL,45,NULL),(0,'2023-03-07',NULL,1794166,NULL,NULL,NULL,152565,2,NULL,NULL,NULL,29,NULL,NULL,NULL,45,NULL),(0,'2023-03-09',NULL,1794211,NULL,NULL,NULL,753379,2,NULL,NULL,NULL,29,NULL,NULL,NULL,12,NULL),(0,'2023-03-15',NULL,1794290,NULL,NULL,NULL,856182,2,NULL,NULL,NULL,29,NULL,NULL,NULL,45,NULL),(0,'2023-03-15',NULL,1794291,NULL,NULL,NULL,855336,2,NULL,NULL,NULL,29,NULL,NULL,NULL,45,NULL),(0,'2023-03-16',NULL,1794301,NULL,NULL,NULL,848773,2,NULL,NULL,NULL,29,NULL,NULL,NULL,44,NULL),(0,'2023-03-20',NULL,1794341,NULL,NULL,NULL,856194,2,NULL,NULL,NULL,29,NULL,NULL,NULL,45,NULL),(0,'2023-03-21',NULL,1794353,NULL,NULL,NULL,856204,2,NULL,NULL,NULL,29,NULL,NULL,NULL,45,NULL),(0,'2023-03-22',NULL,1794364,NULL,NULL,NULL,856208,2,NULL,NULL,NULL,29,NULL,NULL,NULL,45,NULL),(0,'2023-03-23',NULL,1794376,NULL,NULL,NULL,730870,2,NULL,NULL,NULL,29,NULL,NULL,NULL,45,NULL),(0,'2023-04-11',NULL,1794563,NULL,NULL,NULL,175633,2,NULL,NULL,NULL,29,NULL,NULL,NULL,45,NULL),(0,'2023-04-11',NULL,1794704,NULL,NULL,NULL,855419,2,NULL,NULL,NULL,29,NULL,NULL,NULL,45,NULL),(0,'2023-04-14',NULL,1794835,NULL,NULL,NULL,726916,2,NULL,NULL,NULL,29,NULL,NULL,NULL,45,NULL),(0,'2023-04-14',NULL,1794846,NULL,NULL,NULL,195870,2,NULL,NULL,NULL,29,NULL,NULL,NULL,45,NULL),(0,'2023-04-17',NULL,1794866,NULL,NULL,NULL,853602,2,NULL,NULL,NULL,29,NULL,NULL,NULL,44,NULL),(0,'2023-04-18',NULL,1794916,NULL,NULL,NULL,856135,2,NULL,NULL,NULL,29,NULL,NULL,NULL,12,NULL),(0,'2023-04-19',NULL,1794930,NULL,NULL,NULL,855516,2,NULL,NULL,NULL,29,NULL,NULL,NULL,12,NULL),(0,'2023-04-21',NULL,1795048,NULL,NULL,NULL,849606,2,NULL,NULL,NULL,29,NULL,NULL,NULL,12,NULL),(0,'2023-04-26',NULL,1795110,NULL,NULL,NULL,815797,2,NULL,NULL,NULL,29,NULL,NULL,NULL,45,NULL),(0,'2023-05-03',NULL,1795316,NULL,NULL,NULL,104288,2,NULL,NULL,NULL,29,NULL,NULL,NULL,45,NULL),(0,'2023-05-03',NULL,1795353,NULL,NULL,NULL,852207,2,NULL,NULL,NULL,29,NULL,NULL,NULL,45,NULL),(0,'2023-05-03',NULL,1795403,NULL,NULL,NULL,854593,2,NULL,NULL,NULL,29,NULL,NULL,NULL,45,NULL),(0,'2023-05-10',NULL,1795494,NULL,NULL,NULL,134177,2,NULL,NULL,NULL,29,NULL,NULL,NULL,44,NULL),(0,'2023-05-10',NULL,1795563,NULL,NULL,NULL,633656,2,NULL,NULL,NULL,29,NULL,NULL,NULL,44,NULL),(0,'2023-05-16',NULL,1795736,NULL,NULL,NULL,803685,2,NULL,NULL,NULL,29,NULL,NULL,NULL,44,NULL),(0,'2023-05-23',NULL,1795950,NULL,NULL,NULL,824011,2,NULL,NULL,NULL,29,NULL,NULL,NULL,45,NULL),(0,'2023-05-30',NULL,1796050,NULL,NULL,NULL,850370,2,NULL,NULL,NULL,29,NULL,NULL,NULL,12,NULL),(0,'2023-05-30',NULL,1796055,NULL,NULL,NULL,856676,2,NULL,NULL,NULL,29,NULL,NULL,NULL,12,NULL),(0,'2023-05-30',NULL,1796078,NULL,NULL,NULL,856674,2,NULL,NULL,NULL,29,NULL,NULL,NULL,12,NULL),(0,'2023-05-30',NULL,1796079,NULL,NULL,NULL,856675,2,NULL,NULL,NULL,29,NULL,NULL,NULL,12,NULL),(0,'2023-05-30',NULL,1796121,NULL,NULL,NULL,856703,2,NULL,NULL,NULL,29,NULL,NULL,NULL,12,NULL),(0,'2023-05-30',NULL,1796122,NULL,NULL,NULL,25274,2,NULL,NULL,NULL,29,NULL,NULL,NULL,12,NULL),(0,'2023-05-31',NULL,1796151,NULL,NULL,NULL,109068,2,NULL,NULL,NULL,29,NULL,NULL,NULL,45,NULL),(0,'2023-09-26',NULL,1796161,NULL,NULL,NULL,141399,2,NULL,NULL,NULL,29,NULL,NULL,NULL,44,NULL),(0,'2023-06-01',NULL,1796205,NULL,NULL,NULL,856729,2,NULL,NULL,NULL,29,NULL,NULL,NULL,12,NULL),(0,'2023-06-02',NULL,1796221,NULL,NULL,NULL,102017,2,NULL,NULL,NULL,29,NULL,NULL,NULL,45,NULL),(0,'2023-06-06',NULL,1796449,NULL,NULL,NULL,856760,2,NULL,NULL,NULL,29,NULL,NULL,NULL,44,NULL),(0,'2023-06-09',NULL,1796547,NULL,NULL,NULL,849762,2,NULL,NULL,NULL,29,NULL,NULL,NULL,45,NULL),(0,'2023-06-12',NULL,1796570,NULL,NULL,NULL,739449,2,NULL,NULL,NULL,29,NULL,NULL,NULL,45,NULL),(0,'2023-06-13',NULL,1796591,NULL,NULL,NULL,851732,2,NULL,NULL,NULL,29,NULL,NULL,NULL,45,NULL),(0,'2023-06-21',NULL,1796774,NULL,NULL,NULL,856858,2,NULL,NULL,NULL,29,NULL,NULL,NULL,12,NULL),(0,'2023-06-21',NULL,1796791,NULL,NULL,NULL,848697,2,NULL,NULL,NULL,29,NULL,NULL,NULL,12,NULL),(0,'2023-06-22',NULL,1796824,NULL,NULL,NULL,158741,2,NULL,NULL,NULL,29,NULL,NULL,NULL,45,NULL),(0,'2023-06-23',NULL,1796868,NULL,NULL,NULL,839661,2,NULL,NULL,NULL,29,NULL,NULL,NULL,45,NULL),(0,'2023-06-26',NULL,1796904,NULL,NULL,NULL,856910,2,NULL,NULL,NULL,29,NULL,NULL,NULL,45,NULL),(0,'2023-06-27',NULL,1796926,NULL,NULL,NULL,856922,2,NULL,NULL,NULL,29,NULL,NULL,NULL,45,NULL),(0,'2023-06-27',NULL,1796938,NULL,NULL,NULL,145466,2,NULL,NULL,NULL,29,NULL,NULL,NULL,45,NULL),(0,'2023-06-28',NULL,1796942,NULL,NULL,NULL,856932,2,NULL,NULL,NULL,29,NULL,NULL,NULL,45,NULL),(0,'2023-07-10',NULL,1797403,NULL,NULL,NULL,113153,2,NULL,NULL,NULL,29,NULL,NULL,NULL,45,NULL),(0,'2023-07-10',NULL,1797407,NULL,NULL,NULL,857035,2,NULL,NULL,NULL,29,NULL,NULL,NULL,45,NULL),(0,'2023-07-14',NULL,1797555,NULL,NULL,NULL,168786,2,NULL,NULL,NULL,29,NULL,NULL,NULL,45,NULL),(0,'2023-07-14',NULL,1797563,NULL,NULL,NULL,760676,2,NULL,NULL,NULL,29,NULL,NULL,NULL,45,NULL),(0,'2023-07-25',NULL,1797870,NULL,NULL,NULL,846676,2,NULL,NULL,NULL,29,NULL,NULL,NULL,44,NULL),(0,'2023-07-25',NULL,1797874,NULL,NULL,NULL,857178,2,NULL,NULL,NULL,29,NULL,NULL,NULL,44,NULL),(0,'2023-07-25',NULL,1797876,NULL,NULL,NULL,846497,2,NULL,NULL,NULL,29,NULL,NULL,NULL,44,NULL),(0,'2023-07-25',NULL,1797877,NULL,NULL,NULL,846728,2,NULL,NULL,NULL,29,NULL,NULL,NULL,44,NULL),(0,'2023-07-25',NULL,1797879,NULL,NULL,NULL,857177,2,NULL,NULL,NULL,29,NULL,NULL,NULL,44,NULL),(0,'2023-07-25',NULL,1797880,NULL,NULL,NULL,855451,2,NULL,NULL,NULL,29,NULL,NULL,NULL,44,NULL),(0,'2023-07-26',NULL,1797897,NULL,NULL,NULL,710738,2,NULL,NULL,NULL,29,NULL,NULL,NULL,12,NULL),(0,'2023-07-26',NULL,1797898,NULL,NULL,NULL,819940,2,NULL,NULL,NULL,29,NULL,NULL,NULL,12,NULL),(0,'2023-07-28',NULL,1797989,NULL,NULL,NULL,852521,2,NULL,NULL,NULL,29,NULL,NULL,NULL,12,NULL),(0,'2023-07-31',NULL,1798049,NULL,NULL,NULL,766708,2,NULL,NULL,NULL,29,NULL,NULL,NULL,12,NULL),(0,'2023-07-31',NULL,1798052,NULL,NULL,NULL,857230,2,NULL,NULL,NULL,29,NULL,NULL,NULL,12,NULL),(0,'2023-08-02',NULL,1798138,NULL,NULL,NULL,173785,2,NULL,NULL,NULL,29,NULL,NULL,NULL,45,NULL),(0,'2023-08-03',NULL,1798364,NULL,NULL,NULL,857265,2,NULL,NULL,NULL,29,NULL,NULL,NULL,45,NULL),(0,'2023-08-04',NULL,1798399,NULL,NULL,NULL,845981,2,NULL,NULL,NULL,29,NULL,NULL,NULL,45,NULL),(0,'2023-08-08',NULL,1798514,NULL,NULL,NULL,132583,2,NULL,NULL,NULL,29,NULL,NULL,NULL,44,NULL),(0,'2023-08-08',NULL,1798516,NULL,NULL,NULL,854300,2,NULL,NULL,NULL,29,NULL,NULL,NULL,44,NULL),(0,'2023-08-11',NULL,1798626,NULL,NULL,NULL,715753,2,NULL,NULL,NULL,29,NULL,NULL,NULL,45,NULL),(0,'2023-08-16',NULL,1798675,NULL,NULL,NULL,106628,2,NULL,NULL,NULL,29,NULL,NULL,NULL,45,NULL),(0,'2023-08-16',NULL,1798676,NULL,NULL,NULL,106628,2,NULL,NULL,NULL,29,NULL,NULL,NULL,45,NULL),(0,'2023-08-18',NULL,1798835,NULL,NULL,NULL,809619,2,NULL,NULL,NULL,29,NULL,NULL,NULL,45,NULL),(0,'2023-08-22',NULL,1798856,NULL,NULL,NULL,851561,2,NULL,NULL,NULL,29,NULL,NULL,NULL,45,NULL),(0,'2023-08-22',NULL,1798868,NULL,NULL,NULL,857408,2,NULL,NULL,NULL,29,NULL,NULL,NULL,45,NULL),(0,'2023-08-22',NULL,1798870,NULL,NULL,NULL,153689,2,NULL,NULL,NULL,29,NULL,NULL,NULL,45,NULL),(0,'2023-08-28',NULL,1798973,NULL,NULL,NULL,757326,2,NULL,NULL,NULL,29,NULL,NULL,NULL,12,NULL),(0,'2023-08-28',NULL,1798977,NULL,NULL,NULL,857447,2,NULL,NULL,NULL,29,NULL,NULL,NULL,12,NULL),(0,'2023-08-28',NULL,1798994,NULL,NULL,NULL,857476,2,NULL,NULL,NULL,29,NULL,NULL,NULL,12,NULL),(0,'2023-08-28',NULL,1799053,NULL,NULL,NULL,852370,2,NULL,NULL,NULL,29,NULL,NULL,NULL,45,NULL),(0,'2023-08-28',NULL,1799058,NULL,NULL,NULL,121739,2,NULL,NULL,NULL,29,NULL,NULL,NULL,45,NULL),(0,'2023-08-29',NULL,1799091,NULL,NULL,NULL,20757,2,NULL,NULL,NULL,29,NULL,NULL,NULL,45,NULL),(0,'2023-08-30',NULL,1799174,NULL,NULL,NULL,855451,2,NULL,NULL,NULL,29,NULL,NULL,NULL,45,NULL),(0,'2023-09-01',NULL,1799235,NULL,NULL,NULL,160064,2,NULL,NULL,NULL,29,NULL,NULL,NULL,45,NULL),(0,'2023-09-07',NULL,1799578,NULL,NULL,NULL,857616,2,NULL,NULL,NULL,29,NULL,NULL,NULL,45,NULL),(0,'2023-09-07',NULL,1799582,NULL,NULL,NULL,713648,2,NULL,NULL,NULL,29,NULL,NULL,NULL,45,NULL),(0,'2023-09-11',NULL,1799683,NULL,NULL,NULL,817384,2,NULL,NULL,NULL,29,NULL,NULL,NULL,45,NULL),(0,'2023-09-11',NULL,1799690,NULL,NULL,NULL,857638,2,NULL,NULL,NULL,29,NULL,NULL,NULL,45,NULL),(0,'2023-09-11',NULL,1799707,NULL,NULL,NULL,17203,2,NULL,NULL,NULL,29,NULL,NULL,NULL,45,NULL),(0,'2023-09-13',NULL,1799752,NULL,NULL,NULL,847439,2,NULL,NULL,NULL,29,NULL,NULL,NULL,45,NULL),(0,'2023-09-15',NULL,1799967,NULL,NULL,NULL,849458,2,NULL,NULL,NULL,29,NULL,NULL,NULL,45,NULL),(0,'2023-09-19',NULL,1800038,NULL,NULL,NULL,857725,2,NULL,NULL,NULL,29,NULL,NULL,NULL,44,NULL),(0,'2023-09-19',NULL,1800042,NULL,NULL,NULL,629356,2,NULL,NULL,NULL,29,NULL,NULL,NULL,44,NULL),(0,'2023-09-20',NULL,1800087,NULL,NULL,NULL,191278,2,NULL,NULL,NULL,29,NULL,NULL,NULL,45,NULL),(0,'2023-09-20',NULL,1800089,NULL,NULL,NULL,857742,2,NULL,NULL,NULL,29,NULL,NULL,NULL,45,NULL),(0,'2023-10-02',NULL,1800373,NULL,NULL,NULL,27756,2,NULL,NULL,NULL,29,NULL,NULL,NULL,12,NULL),(0,'2023-10-02',NULL,1800375,NULL,NULL,NULL,123144,2,NULL,NULL,NULL,29,NULL,NULL,NULL,12,NULL),(0,'2023-10-03',NULL,1800454,NULL,NULL,NULL,715753,2,NULL,NULL,NULL,29,NULL,NULL,NULL,12,NULL),(0,'2023-10-03',NULL,1800466,NULL,NULL,NULL,857819,2,NULL,NULL,NULL,29,NULL,NULL,NULL,12,NULL),(0,'2023-10-06',NULL,1800739,NULL,NULL,NULL,857935,2,NULL,NULL,NULL,29,NULL,NULL,NULL,12,NULL),(0,'2023-10-10',NULL,1800785,NULL,NULL,NULL,849013,2,NULL,NULL,NULL,29,NULL,NULL,NULL,45,NULL),(0,'2023-10-10',NULL,1800786,NULL,NULL,NULL,849013,2,NULL,NULL,NULL,29,NULL,NULL,NULL,45,NULL),(0,'2023-10-12',NULL,1800848,NULL,NULL,NULL,103200,2,NULL,NULL,NULL,29,NULL,NULL,NULL,44,NULL),(0,'2023-10-17',NULL,1800898,NULL,NULL,NULL,797789,2,NULL,NULL,NULL,29,NULL,NULL,NULL,45,NULL),(0,'2023-10-19',NULL,1800983,NULL,NULL,NULL,858051,2,NULL,NULL,NULL,29,NULL,NULL,NULL,45,NULL),(0,'2023-10-19',NULL,1800987,NULL,NULL,NULL,116252,2,NULL,NULL,NULL,29,NULL,NULL,NULL,45,NULL),(0,'2023-10-26',NULL,1801107,NULL,NULL,NULL,182830,2,NULL,NULL,NULL,29,NULL,NULL,NULL,45,NULL),(0,'2023-10-26',NULL,1801111,NULL,NULL,NULL,28133,2,NULL,NULL,NULL,29,NULL,NULL,NULL,45,NULL),(0,'2023-10-27',NULL,1801179,NULL,NULL,NULL,611073,2,NULL,NULL,NULL,29,NULL,NULL,NULL,45,NULL),(0,'2023-10-31',NULL,1801335,NULL,NULL,NULL,858205,2,NULL,NULL,NULL,29,NULL,NULL,NULL,45,NULL),(0,'2023-11-01',NULL,1801362,NULL,NULL,NULL,786460,2,NULL,NULL,NULL,29,NULL,NULL,NULL,45,NULL),(0,'2023-11-01',NULL,1801392,NULL,NULL,NULL,858208,2,NULL,NULL,NULL,29,NULL,NULL,NULL,45,NULL),(0,'2023-11-01',NULL,1801410,NULL,NULL,NULL,764850,2,NULL,NULL,NULL,29,NULL,NULL,NULL,45,NULL),(0,'2023-11-02',NULL,1801443,NULL,NULL,NULL,857978,2,NULL,NULL,NULL,29,NULL,NULL,NULL,45,NULL),(0,'2023-11-06',NULL,1801485,NULL,NULL,NULL,858252,2,NULL,NULL,NULL,29,NULL,NULL,NULL,45,NULL),(0,'2023-11-06',NULL,1801486,NULL,NULL,NULL,846606,2,NULL,NULL,NULL,29,NULL,NULL,NULL,45,NULL),(0,'2023-11-08',NULL,1801718,NULL,NULL,NULL,605075,2,NULL,NULL,NULL,29,NULL,NULL,NULL,45,NULL),(0,'2023-11-09',NULL,1801757,NULL,NULL,NULL,764678,2,NULL,NULL,NULL,29,NULL,NULL,NULL,45,NULL),(0,'2023-11-09',NULL,1801761,NULL,NULL,NULL,855045,2,NULL,NULL,NULL,29,NULL,NULL,NULL,45,NULL),(0,'2023-11-13',NULL,1801981,NULL,NULL,NULL,98328,2,NULL,NULL,NULL,29,NULL,NULL,NULL,45,NULL),(0,'2023-11-15',NULL,1802027,NULL,NULL,NULL,761364,2,NULL,NULL,NULL,29,NULL,NULL,NULL,45,NULL),(0,'2023-11-16',NULL,1802042,NULL,NULL,NULL,851836,2,NULL,NULL,NULL,29,NULL,NULL,NULL,12,NULL),(0,'2023-11-16',NULL,1802043,NULL,NULL,NULL,852877,2,NULL,NULL,NULL,29,NULL,NULL,NULL,12,NULL),(0,'2023-11-16',NULL,1802047,NULL,NULL,NULL,858391,2,NULL,NULL,NULL,29,NULL,NULL,NULL,12,NULL),(0,'2023-11-16',NULL,1802048,NULL,NULL,NULL,858092,2,NULL,NULL,NULL,29,NULL,NULL,NULL,12,NULL),(0,'2023-11-21',NULL,1802113,NULL,NULL,NULL,858456,2,NULL,NULL,NULL,29,NULL,NULL,NULL,45,NULL),(0,'2023-11-22',NULL,1802189,NULL,NULL,NULL,858458,2,NULL,NULL,NULL,29,NULL,NULL,NULL,45,NULL),(0,'2023-11-22',NULL,1802199,NULL,NULL,NULL,797711,2,NULL,NULL,NULL,29,NULL,NULL,NULL,45,NULL),(0,'2023-11-22',NULL,1802200,NULL,NULL,NULL,797711,2,NULL,NULL,NULL,29,NULL,NULL,NULL,45,NULL),(0,'2023-11-30',NULL,1802447,NULL,NULL,NULL,858396,2,NULL,NULL,NULL,29,NULL,NULL,NULL,45,NULL),(0,'2023-11-30',NULL,1802480,NULL,NULL,NULL,803279,2,NULL,NULL,NULL,29,NULL,NULL,NULL,45,NULL),(0,'2023-11-30',NULL,1802481,NULL,NULL,NULL,803279,2,NULL,NULL,NULL,29,NULL,NULL,NULL,45,NULL),(0,'2023-11-30',NULL,1802483,NULL,NULL,NULL,858640,2,NULL,NULL,NULL,29,NULL,NULL,NULL,45,NULL),(0,'2023-12-01',NULL,1802567,NULL,NULL,NULL,734438,2,NULL,NULL,NULL,29,NULL,NULL,NULL,45,NULL),(0,'2023-12-04',NULL,1802635,NULL,NULL,NULL,858683,2,NULL,NULL,NULL,29,NULL,NULL,NULL,45,NULL),(0,'2023-12-04',NULL,1802645,NULL,NULL,NULL,858701,2,NULL,NULL,NULL,29,NULL,NULL,NULL,45,NULL),(0,'2023-12-05',NULL,1802681,NULL,NULL,NULL,630873,2,NULL,NULL,NULL,29,NULL,NULL,NULL,45,NULL),(0,'2023-12-06',NULL,1802810,NULL,NULL,NULL,853164,2,NULL,NULL,NULL,29,NULL,NULL,NULL,12,NULL),(0,'2023-12-07',NULL,1802910,NULL,NULL,NULL,858726,2,NULL,NULL,NULL,29,NULL,NULL,NULL,12,NULL),(0,'2023-12-12',NULL,1802920,NULL,NULL,NULL,858766,2,NULL,NULL,NULL,29,NULL,NULL,NULL,45,NULL),(0,'2023-12-12',NULL,1802930,NULL,NULL,NULL,858790,2,NULL,NULL,NULL,29,NULL,NULL,NULL,45,NULL),(0,'2023-12-12',NULL,1802943,NULL,NULL,NULL,858737,2,NULL,NULL,NULL,29,NULL,NULL,NULL,45,NULL),(0,'2023-12-12',NULL,1802974,NULL,NULL,NULL,850292,2,NULL,NULL,NULL,29,NULL,NULL,NULL,45,NULL),(0,'2023-12-13',NULL,1803060,NULL,NULL,NULL,15050,2,NULL,NULL,NULL,29,NULL,NULL,NULL,45,NULL),(0,'2023-12-13',NULL,1803064,NULL,NULL,NULL,858807,2,NULL,NULL,NULL,29,NULL,NULL,NULL,45,NULL),(0,'2023-12-15',NULL,1803141,NULL,NULL,NULL,858832,2,NULL,NULL,NULL,29,NULL,NULL,NULL,45,NULL),(0,'2023-12-26',NULL,1803385,NULL,NULL,NULL,850752,2,NULL,NULL,NULL,29,NULL,NULL,NULL,45,NULL),(0,'2023-12-26',NULL,1803426,NULL,NULL,NULL,859003,2,NULL,NULL,NULL,29,NULL,NULL,NULL,45,NULL),(0,'2023-12-26',NULL,1803503,NULL,NULL,NULL,859005,2,NULL,NULL,NULL,29,NULL,NULL,NULL,45,NULL),(0,'2023-12-26',NULL,1803504,NULL,NULL,NULL,859007,2,NULL,NULL,NULL,29,NULL,NULL,NULL,45,NULL),(0,'2023-12-27',NULL,1803556,NULL,NULL,NULL,854415,2,NULL,NULL,NULL,29,NULL,NULL,NULL,45,NULL),(0,'2023-12-28',NULL,1803591,NULL,NULL,NULL,575025,2,NULL,NULL,NULL,29,NULL,NULL,NULL,12,NULL),(0,'2024-01-02',NULL,1803674,NULL,NULL,NULL,118646,2,NULL,NULL,NULL,29,NULL,NULL,NULL,44,NULL),(0,'2024-01-02',NULL,1803712,NULL,NULL,NULL,859043,2,NULL,NULL,NULL,29,NULL,NULL,NULL,44,NULL),(0,'2024-01-02',NULL,1803713,NULL,NULL,NULL,114672,2,NULL,NULL,NULL,29,NULL,NULL,NULL,44,NULL),(0,'2024-01-03',NULL,1803733,NULL,NULL,NULL,850040,2,NULL,NULL,NULL,29,NULL,NULL,NULL,12,NULL),(0,'2024-01-03',NULL,1803735,NULL,NULL,NULL,114994,2,NULL,NULL,NULL,29,NULL,NULL,NULL,12,NULL),(0,'2024-01-03',NULL,1803742,NULL,NULL,NULL,158625,2,NULL,NULL,NULL,29,NULL,NULL,NULL,12,NULL),(0,'2024-01-16',NULL,1803838,NULL,NULL,NULL,858827,2,NULL,NULL,NULL,29,NULL,NULL,NULL,12,NULL),(0,'2024-01-08',NULL,1803954,NULL,NULL,NULL,802098,2,NULL,NULL,NULL,29,NULL,NULL,NULL,45,NULL),(0,'2024-01-08',NULL,1803955,NULL,NULL,NULL,859157,2,NULL,NULL,NULL,29,NULL,NULL,NULL,45,NULL),(0,'2024-01-09',NULL,1804095,NULL,NULL,NULL,114749,2,NULL,NULL,NULL,29,NULL,NULL,NULL,45,NULL),(0,'2024-01-10',NULL,1804147,NULL,NULL,NULL,142182,2,NULL,NULL,NULL,29,NULL,NULL,NULL,45,NULL),(0,'2024-01-12',NULL,1804212,NULL,NULL,NULL,859229,2,NULL,NULL,NULL,29,NULL,NULL,NULL,45,NULL),(0,'2024-01-19',NULL,1804438,NULL,NULL,NULL,101367,2,NULL,NULL,NULL,29,NULL,NULL,NULL,45,NULL),(0,'2024-01-24',NULL,1804547,NULL,NULL,NULL,859285,2,NULL,NULL,NULL,29,NULL,NULL,NULL,12,NULL),(0,'2024-01-25',NULL,1804597,NULL,NULL,NULL,859358,2,NULL,NULL,NULL,29,NULL,NULL,NULL,12,NULL),(0,'2024-01-25',NULL,1804675,NULL,NULL,NULL,107595,2,NULL,NULL,NULL,29,NULL,NULL,NULL,12,NULL),(0,'2024-01-25',NULL,1804678,NULL,NULL,NULL,122176,2,NULL,NULL,NULL,29,NULL,NULL,NULL,12,NULL),(0,'2024-01-25',NULL,1804681,NULL,NULL,NULL,859453,2,NULL,NULL,NULL,29,NULL,NULL,NULL,12,NULL),(0,'2024-01-25',NULL,1804699,NULL,NULL,NULL,859435,2,NULL,NULL,NULL,29,NULL,NULL,NULL,12,NULL),(0,'2024-01-25',NULL,1804701,NULL,NULL,NULL,846742,2,NULL,NULL,NULL,29,NULL,NULL,NULL,12,NULL),(0,'2024-01-29',NULL,1804783,NULL,NULL,NULL,857297,2,NULL,NULL,NULL,29,NULL,NULL,NULL,12,NULL),(0,'2024-01-30',NULL,1804870,NULL,NULL,NULL,859549,2,NULL,NULL,NULL,29,NULL,NULL,NULL,12,NULL),(0,'2024-01-31',NULL,1804924,NULL,NULL,NULL,859571,2,NULL,NULL,NULL,29,NULL,NULL,NULL,12,NULL),(0,'2024-02-02',NULL,1804980,NULL,NULL,NULL,847377,2,NULL,NULL,NULL,29,NULL,NULL,NULL,12,NULL),(0,'2024-02-02',NULL,1804995,NULL,NULL,NULL,859588,2,NULL,NULL,NULL,29,NULL,NULL,NULL,12,NULL),(0,'2024-02-02',NULL,1805040,NULL,NULL,NULL,177673,2,NULL,NULL,NULL,29,NULL,NULL,NULL,12,NULL),(0,'2024-02-02',NULL,1805053,NULL,NULL,NULL,859637,2,NULL,NULL,NULL,29,NULL,NULL,NULL,12,NULL),(0,'2024-02-02',NULL,1805054,NULL,NULL,NULL,859637,2,NULL,NULL,NULL,29,NULL,NULL,NULL,12,NULL),(0,'2024-02-02',NULL,1805055,NULL,NULL,NULL,859637,2,NULL,NULL,NULL,29,NULL,NULL,NULL,12,NULL),(0,'2024-02-06',NULL,1805206,NULL,NULL,NULL,818281,2,NULL,NULL,NULL,29,NULL,NULL,NULL,44,NULL),(0,'2024-02-07',NULL,1805275,NULL,NULL,NULL,754074,2,NULL,NULL,NULL,29,NULL,NULL,NULL,12,NULL),(0,'2024-02-07',NULL,1805301,NULL,NULL,NULL,859691,2,NULL,NULL,NULL,29,NULL,NULL,NULL,12,NULL),(0,'2024-02-07',NULL,1805310,NULL,NULL,NULL,783591,2,NULL,NULL,NULL,29,NULL,NULL,NULL,12,NULL),(0,'2024-02-07',NULL,1805311,NULL,NULL,NULL,858984,2,NULL,NULL,NULL,29,NULL,NULL,NULL,12,NULL),(0,'2024-02-08',NULL,1805315,NULL,NULL,NULL,859715,2,NULL,NULL,NULL,29,NULL,NULL,NULL,12,NULL),(0,'2024-02-08',NULL,1805316,NULL,NULL,NULL,17272,2,NULL,NULL,NULL,29,NULL,NULL,NULL,12,NULL),(0,'2024-02-08',NULL,1805319,NULL,NULL,NULL,124222,2,NULL,NULL,NULL,29,NULL,NULL,NULL,12,NULL),(0,'2024-02-08',NULL,1805334,NULL,NULL,NULL,735075,2,NULL,NULL,NULL,29,NULL,NULL,NULL,12,NULL),(0,'2024-02-08',NULL,1805340,NULL,NULL,NULL,17272,2,NULL,NULL,NULL,29,NULL,NULL,NULL,12,NULL),(0,'2024-02-09',NULL,1805363,NULL,NULL,NULL,700968,2,NULL,NULL,NULL,29,NULL,NULL,NULL,12,NULL),(0,'2024-02-09',NULL,1805364,NULL,NULL,NULL,700968,2,NULL,NULL,NULL,29,NULL,NULL,NULL,12,NULL),(0,'2024-02-15',NULL,1805406,NULL,NULL,NULL,859748,2,NULL,NULL,NULL,29,NULL,NULL,NULL,12,NULL),(0,'2024-02-15',NULL,1805460,NULL,NULL,NULL,100924,2,NULL,NULL,NULL,29,NULL,NULL,NULL,12,NULL),(0,'2024-02-15',NULL,1805462,NULL,NULL,NULL,833543,2,NULL,NULL,NULL,29,NULL,NULL,NULL,12,NULL),(0,'2024-02-15',NULL,1805488,NULL,NULL,NULL,859828,2,NULL,NULL,NULL,29,NULL,NULL,NULL,12,NULL),(0,'2024-02-15',NULL,1805489,NULL,NULL,NULL,774231,2,NULL,NULL,NULL,29,NULL,NULL,NULL,12,NULL),(0,'2024-02-15',NULL,1805490,NULL,NULL,NULL,859834,2,NULL,NULL,NULL,29,NULL,NULL,NULL,12,NULL),(0,'2024-02-15',NULL,1805507,NULL,NULL,NULL,859831,2,NULL,NULL,NULL,29,NULL,NULL,NULL,12,NULL),(0,'2024-02-16',NULL,1805516,NULL,NULL,NULL,859828,2,NULL,NULL,NULL,29,NULL,NULL,NULL,45,NULL),(0,'2024-02-16',NULL,1805549,NULL,NULL,NULL,100231,2,NULL,NULL,NULL,29,NULL,NULL,NULL,45,NULL),(0,'2024-02-19',NULL,1805591,NULL,NULL,NULL,859869,2,NULL,NULL,NULL,29,NULL,NULL,NULL,45,NULL),(0,'2024-02-19',NULL,1805596,NULL,NULL,NULL,859864,2,NULL,NULL,NULL,29,NULL,NULL,NULL,45,NULL),(0,'2024-02-19',NULL,1805601,NULL,NULL,NULL,810082,2,NULL,NULL,NULL,29,NULL,NULL,NULL,45,NULL),(0,'2024-02-19',NULL,1805616,NULL,NULL,NULL,859872,2,NULL,NULL,NULL,29,NULL,NULL,NULL,45,NULL),(0,'2024-02-20',NULL,1805635,NULL,NULL,NULL,714159,2,NULL,NULL,NULL,29,NULL,NULL,NULL,45,NULL),(0,'2024-02-20',NULL,1805639,NULL,NULL,NULL,846851,2,NULL,NULL,NULL,29,NULL,NULL,NULL,45,NULL),(0,'2024-02-20',NULL,1805655,NULL,NULL,NULL,859900,2,NULL,NULL,NULL,29,NULL,NULL,NULL,45,NULL),(0,'2024-02-21',NULL,1805725,NULL,NULL,NULL,859951,2,NULL,NULL,NULL,29,NULL,NULL,NULL,45,NULL),(0,'2024-02-21',NULL,1805726,NULL,NULL,NULL,859949,2,NULL,NULL,NULL,29,NULL,NULL,NULL,45,NULL),(0,'2024-02-21',NULL,1805727,NULL,NULL,NULL,859950,2,NULL,NULL,NULL,29,NULL,NULL,NULL,45,NULL),(0,'2024-02-21',NULL,1805745,NULL,NULL,NULL,859960,2,NULL,NULL,NULL,29,NULL,NULL,NULL,45,NULL),(0,'2024-02-22',NULL,1805763,NULL,NULL,NULL,194910,2,NULL,NULL,NULL,29,NULL,NULL,NULL,45,NULL),(0,'2024-02-22',NULL,1805764,NULL,NULL,NULL,768359,2,NULL,NULL,NULL,29,NULL,NULL,NULL,45,NULL),(0,'2024-02-22',NULL,1805776,NULL,NULL,NULL,859971,2,NULL,NULL,NULL,29,NULL,NULL,NULL,45,NULL),(0,'2024-02-22',NULL,1805785,NULL,NULL,NULL,112358,2,NULL,NULL,NULL,29,NULL,NULL,NULL,45,NULL),(0,'2024-02-26',NULL,1805899,NULL,NULL,NULL,118042,2,NULL,NULL,NULL,29,NULL,NULL,NULL,45,NULL),(0,'2024-02-26',NULL,1805912,NULL,NULL,NULL,859606,2,NULL,NULL,NULL,29,NULL,NULL,NULL,45,NULL),(0,'2024-02-26',NULL,1805930,NULL,NULL,NULL,841060,2,NULL,NULL,NULL,29,NULL,NULL,NULL,45,NULL),(0,'2024-02-26',NULL,1805932,NULL,NULL,NULL,100759,2,NULL,NULL,NULL,29,NULL,NULL,NULL,45,NULL),(0,'2024-02-26',NULL,1805948,NULL,NULL,NULL,831259,2,NULL,NULL,NULL,29,NULL,NULL,NULL,45,NULL),(0,'2024-02-26',NULL,1805951,NULL,NULL,NULL,852212,2,NULL,NULL,NULL,29,NULL,NULL,NULL,45,NULL),(0,'2024-02-27',NULL,1806008,NULL,NULL,NULL,860075,2,NULL,NULL,NULL,29,NULL,NULL,NULL,45,NULL),(0,'2024-02-27',NULL,1806009,NULL,NULL,NULL,860088,2,NULL,NULL,NULL,29,NULL,NULL,NULL,45,NULL),(0,'2024-02-27',NULL,1806018,NULL,NULL,NULL,860113,2,NULL,NULL,NULL,29,NULL,NULL,NULL,45,NULL),(0,'2024-02-27',NULL,1806024,NULL,NULL,NULL,860081,2,NULL,NULL,NULL,29,NULL,NULL,NULL,45,NULL),(0,'2024-02-27',NULL,1806026,NULL,NULL,NULL,856470,2,NULL,NULL,NULL,29,NULL,NULL,NULL,45,NULL),(0,'2024-02-27',NULL,1806035,NULL,NULL,NULL,153169,2,NULL,NULL,NULL,29,NULL,NULL,NULL,45,NULL),(0,'2024-02-27',NULL,1806038,NULL,NULL,NULL,847472,2,NULL,NULL,NULL,29,NULL,NULL,NULL,45,NULL),(0,'2024-02-28',NULL,1806072,NULL,NULL,NULL,860120,2,NULL,NULL,NULL,29,NULL,NULL,NULL,12,NULL),(0,'2024-02-28',NULL,1806074,NULL,NULL,NULL,130674,2,NULL,NULL,NULL,29,NULL,NULL,NULL,12,NULL),(0,'2024-02-28',NULL,1806080,NULL,NULL,NULL,15133,2,NULL,NULL,NULL,29,NULL,NULL,NULL,12,NULL),(0,'2024-02-29',NULL,1806138,NULL,NULL,NULL,852892,2,NULL,NULL,NULL,29,NULL,NULL,NULL,45,NULL),(0,'2023-02-23',NULL,1793841,NULL,NULL,NULL,856058,2,NULL,NULL,NULL,31,NULL,NULL,NULL,27,NULL),(0,'2023-03-20',NULL,1794311,NULL,NULL,NULL,856190,2,NULL,NULL,NULL,31,NULL,NULL,NULL,27,NULL),(0,'2023-04-19',NULL,1794829,NULL,NULL,NULL,820888,2,NULL,NULL,NULL,31,NULL,NULL,NULL,27,NULL),(0,'2023-05-31',NULL,1796003,NULL,NULL,NULL,856649,2,NULL,NULL,NULL,31,NULL,NULL,NULL,27,NULL),(0,'2023-06-02',NULL,1796135,NULL,NULL,NULL,856714,2,NULL,NULL,NULL,31,NULL,NULL,NULL,27,NULL),(0,'2023-06-02',NULL,1796140,NULL,NULL,NULL,856701,2,NULL,NULL,NULL,31,NULL,NULL,NULL,27,NULL),(0,'2023-06-22',NULL,1796759,NULL,NULL,NULL,773480,2,NULL,NULL,NULL,31,NULL,NULL,NULL,27,NULL),(0,'2023-07-10',NULL,1797362,NULL,NULL,NULL,857031,2,NULL,NULL,NULL,31,NULL,NULL,NULL,27,NULL),(0,'2023-07-13',NULL,1797477,NULL,NULL,NULL,183488,2,NULL,NULL,NULL,31,NULL,NULL,NULL,27,NULL),(0,'2023-07-13',NULL,1797478,NULL,NULL,NULL,715869,2,NULL,NULL,NULL,31,NULL,NULL,NULL,27,NULL),(0,'2023-07-13',NULL,1797498,NULL,NULL,NULL,857068,2,NULL,NULL,NULL,31,NULL,NULL,NULL,27,NULL),(0,'2023-07-17',NULL,1797586,NULL,NULL,NULL,857077,2,NULL,NULL,NULL,31,NULL,NULL,NULL,27,NULL),(0,'2023-07-27',NULL,1797829,NULL,NULL,NULL,857171,2,NULL,NULL,NULL,31,NULL,NULL,NULL,27,NULL),(0,'2023-07-31',NULL,1797990,NULL,NULL,NULL,857213,2,NULL,NULL,NULL,31,NULL,NULL,NULL,27,NULL),(0,'2023-08-10',NULL,1798567,NULL,NULL,NULL,851490,2,NULL,NULL,NULL,31,NULL,NULL,NULL,27,NULL),(0,'2023-08-14',NULL,1798596,NULL,NULL,NULL,763560,2,NULL,NULL,NULL,31,NULL,NULL,NULL,27,NULL),(0,'2023-08-29',NULL,1799032,NULL,NULL,NULL,160402,2,NULL,NULL,NULL,31,NULL,NULL,NULL,27,NULL),(0,'2023-08-31',NULL,1799130,NULL,NULL,NULL,857519,2,NULL,NULL,NULL,31,NULL,NULL,NULL,27,NULL),(0,'2023-09-28',NULL,1800227,NULL,NULL,NULL,857796,2,NULL,NULL,NULL,31,NULL,NULL,NULL,27,NULL),(0,'2023-10-02',NULL,1800336,NULL,NULL,NULL,705178,2,NULL,NULL,NULL,31,NULL,NULL,NULL,27,NULL),(0,'2023-10-10',NULL,1800752,NULL,NULL,NULL,857945,2,NULL,NULL,NULL,31,NULL,NULL,NULL,27,NULL),(0,'2023-10-23',NULL,1801025,NULL,NULL,NULL,858060,2,NULL,NULL,NULL,31,NULL,NULL,NULL,27,NULL),(0,'2023-10-26',NULL,1801037,NULL,NULL,NULL,858061,2,NULL,NULL,NULL,31,NULL,NULL,NULL,27,NULL),(0,'2023-10-30',NULL,1801150,NULL,NULL,NULL,858110,2,NULL,NULL,NULL,31,NULL,NULL,NULL,27,NULL),(0,'2023-11-28',NULL,1802260,NULL,NULL,NULL,858513,2,NULL,NULL,NULL,31,NULL,NULL,NULL,27,NULL),(0,'2023-11-28',NULL,1802313,NULL,NULL,NULL,827532,2,NULL,NULL,NULL,31,NULL,NULL,NULL,27,NULL),(0,'2023-12-14',NULL,1803035,NULL,NULL,NULL,200139,2,NULL,NULL,NULL,31,NULL,NULL,NULL,27,NULL),(0,'2023-12-20',NULL,1803162,NULL,NULL,NULL,858869,2,NULL,NULL,NULL,31,NULL,NULL,NULL,27,NULL),(0,'2023-12-28',NULL,1803492,NULL,NULL,NULL,859018,2,NULL,NULL,NULL,31,NULL,NULL,NULL,27,NULL),(0,'2024-01-02',NULL,1803619,NULL,NULL,NULL,859049,2,NULL,NULL,NULL,31,NULL,NULL,NULL,27,NULL),(0,'2024-01-02',NULL,1803620,NULL,NULL,NULL,859060,2,NULL,NULL,NULL,31,NULL,NULL,NULL,27,NULL),(0,'2024-01-09',NULL,1803809,NULL,NULL,NULL,859101,2,NULL,NULL,NULL,31,NULL,NULL,NULL,27,NULL),(0,'2024-01-09',NULL,1803941,NULL,NULL,NULL,851848,2,NULL,NULL,NULL,31,NULL,NULL,NULL,27,NULL),(0,'2024-01-15',NULL,1804167,NULL,NULL,NULL,151424,2,NULL,NULL,NULL,31,NULL,NULL,NULL,27,NULL),(0,'2024-01-15',NULL,1804177,NULL,NULL,NULL,859215,2,NULL,NULL,NULL,31,NULL,NULL,NULL,27,NULL),(0,'2024-01-25',NULL,1804403,NULL,NULL,NULL,165785,2,NULL,NULL,NULL,31,NULL,NULL,NULL,27,NULL),(0,'2024-01-25',NULL,1804493,NULL,NULL,NULL,859340,2,NULL,NULL,NULL,31,NULL,NULL,NULL,27,NULL),(0,'2024-01-30',NULL,1804511,NULL,NULL,NULL,859431,2,NULL,NULL,NULL,31,NULL,NULL,NULL,27,NULL),(0,'2024-01-30',NULL,1804513,NULL,NULL,NULL,782096,2,NULL,NULL,NULL,31,NULL,NULL,NULL,27,NULL),(0,'2024-01-30',NULL,1804527,NULL,NULL,NULL,859367,2,NULL,NULL,NULL,31,NULL,NULL,NULL,27,NULL),(0,'2024-01-30',NULL,1804744,NULL,NULL,NULL,859481,2,NULL,NULL,NULL,31,NULL,NULL,NULL,27,NULL),(0,'2024-01-30',NULL,1804803,NULL,NULL,NULL,859510,2,NULL,NULL,NULL,31,NULL,NULL,NULL,27,NULL),(0,'2024-02-01',NULL,1804878,NULL,NULL,NULL,859536,2,NULL,NULL,NULL,31,NULL,NULL,NULL,27,NULL),(0,'2024-02-16',NULL,1805378,NULL,NULL,NULL,859749,2,NULL,NULL,NULL,31,NULL,NULL,NULL,27,NULL),(0,'2024-02-21',NULL,1805579,NULL,NULL,NULL,859895,2,NULL,NULL,NULL,31,NULL,NULL,NULL,27,NULL),(0,'2024-02-23',NULL,1805693,NULL,NULL,NULL,859929,2,NULL,NULL,NULL,31,NULL,NULL,NULL,27,NULL),(0,'2024-02-23',NULL,1805694,NULL,NULL,NULL,859955,2,NULL,NULL,NULL,31,NULL,NULL,NULL,27,NULL),(0,'2024-02-23',NULL,1805695,NULL,NULL,NULL,859956,2,NULL,NULL,NULL,31,NULL,NULL,NULL,27,NULL),(0,'2024-02-26',NULL,1805804,NULL,NULL,NULL,859992,2,NULL,NULL,NULL,31,NULL,NULL,NULL,27,NULL),(0,'2024-02-26',NULL,1805807,NULL,NULL,NULL,809800,2,NULL,NULL,NULL,31,NULL,NULL,NULL,27,NULL),(0,'2024-02-26',NULL,1805826,NULL,NULL,NULL,859985,2,NULL,NULL,NULL,31,NULL,NULL,NULL,27,NULL),(0,'2024-02-26',NULL,1805829,NULL,NULL,NULL,860015,2,NULL,NULL,NULL,31,NULL,NULL,NULL,27,NULL),(0,'2024-02-27',NULL,1805879,NULL,NULL,NULL,860079,2,NULL,NULL,NULL,31,NULL,NULL,NULL,27,NULL),(0,'2024-02-29',NULL,1806055,NULL,NULL,NULL,799455,2,NULL,NULL,NULL,31,NULL,NULL,NULL,27,NULL),(0,'2023-01-12',NULL,1793214,NULL,NULL,NULL,839729,2,NULL,NULL,NULL,34,NULL,NULL,NULL,27,NULL),(0,'2023-01-23',NULL,1793315,NULL,NULL,NULL,750565,2,NULL,NULL,NULL,30,NULL,NULL,NULL,27,NULL),(0,'2023-01-23',NULL,1793316,NULL,NULL,NULL,796246,2,NULL,NULL,NULL,30,NULL,NULL,NULL,27,NULL),(0,'2023-02-03',NULL,1793488,NULL,NULL,NULL,701886,2,NULL,NULL,NULL,30,NULL,NULL,NULL,27,NULL),(0,'2023-02-09',NULL,1793568,NULL,NULL,NULL,703175,2,NULL,NULL,NULL,30,NULL,NULL,NULL,27,NULL),(0,'2023-03-07',NULL,1794038,NULL,NULL,NULL,765922,2,NULL,NULL,NULL,30,NULL,NULL,NULL,27,NULL),(0,'2023-10-03',NULL,1800368,NULL,NULL,NULL,146701,2,NULL,NULL,NULL,30,NULL,NULL,NULL,84,NULL),(0,'2023-02-06',NULL,1793519,NULL,NULL,NULL,744980,2,NULL,NULL,NULL,32,NULL,NULL,NULL,84,NULL),(0,'2023-02-07',NULL,1793543,NULL,NULL,NULL,732857,2,NULL,NULL,NULL,32,NULL,NULL,NULL,84,NULL),(0,'2023-02-23',NULL,1793844,NULL,NULL,NULL,845613,2,NULL,NULL,NULL,32,NULL,NULL,NULL,84,NULL),(0,'2023-03-14',NULL,1794241,NULL,NULL,NULL,501169,2,NULL,NULL,NULL,32,NULL,NULL,NULL,84,NULL),(0,'2023-03-30',NULL,1794433,NULL,NULL,NULL,779372,2,NULL,NULL,NULL,32,NULL,NULL,NULL,84,NULL),(0,'2023-04-20',NULL,1794951,NULL,NULL,NULL,773682,2,NULL,NULL,NULL,32,NULL,NULL,NULL,84,NULL),(0,'2023-04-20',NULL,1794952,NULL,NULL,NULL,768917,2,NULL,NULL,NULL,32,NULL,NULL,NULL,84,NULL),(0,'2023-04-27',NULL,1795151,NULL,NULL,NULL,856430,2,NULL,NULL,NULL,32,NULL,NULL,NULL,84,NULL),(0,'2023-05-22',NULL,1795904,NULL,NULL,NULL,829829,2,NULL,NULL,NULL,32,NULL,NULL,NULL,84,NULL),(0,'2023-06-08',NULL,1796474,NULL,NULL,NULL,726003,2,NULL,NULL,NULL,32,NULL,NULL,NULL,84,NULL),(0,'2023-06-13',NULL,1796563,NULL,NULL,NULL,831138,2,NULL,NULL,NULL,32,NULL,NULL,NULL,84,NULL),(0,'2023-07-04',NULL,1797107,NULL,NULL,NULL,736036,2,NULL,NULL,NULL,32,NULL,NULL,NULL,84,NULL),(0,'2023-07-11',NULL,1797366,NULL,NULL,NULL,500749,2,NULL,NULL,NULL,32,NULL,NULL,NULL,84,NULL),(0,'2023-07-17',NULL,1797593,NULL,NULL,NULL,857097,2,NULL,NULL,NULL,32,NULL,NULL,NULL,84,NULL),(0,'2023-07-27',NULL,1797846,NULL,NULL,NULL,857168,2,NULL,NULL,NULL,32,NULL,NULL,NULL,84,NULL),(0,'2023-07-31',NULL,1797965,NULL,NULL,NULL,788909,2,NULL,NULL,NULL,32,NULL,NULL,NULL,84,NULL),(0,'2023-08-01',NULL,1798070,NULL,NULL,NULL,848980,2,NULL,NULL,NULL,32,NULL,NULL,NULL,84,NULL),(0,'2023-08-01',NULL,1798081,NULL,NULL,NULL,779474,2,NULL,NULL,NULL,32,NULL,NULL,NULL,84,NULL),(0,'2023-08-03',NULL,1798141,NULL,NULL,NULL,770652,2,NULL,NULL,NULL,32,NULL,NULL,NULL,84,NULL),(0,'2023-08-07',NULL,1798421,NULL,NULL,NULL,734672,2,NULL,NULL,NULL,32,NULL,NULL,NULL,84,NULL),(0,'2023-08-08',NULL,1798480,NULL,NULL,NULL,180116,2,NULL,NULL,NULL,32,NULL,NULL,NULL,84,NULL),(0,'2023-08-08',NULL,1798481,NULL,NULL,NULL,180116,2,NULL,NULL,NULL,32,NULL,NULL,NULL,84,NULL),(0,'2023-08-10',NULL,1798533,NULL,NULL,NULL,796499,2,NULL,NULL,NULL,32,NULL,NULL,NULL,84,NULL),(0,'2023-08-14',NULL,1798638,NULL,NULL,NULL,786049,2,NULL,NULL,NULL,32,NULL,NULL,NULL,84,NULL),(0,'2023-08-14',NULL,1798640,NULL,NULL,NULL,791461,2,NULL,NULL,NULL,32,NULL,NULL,NULL,84,NULL),(0,'2023-08-15',NULL,1798702,NULL,NULL,NULL,814636,2,NULL,NULL,NULL,32,NULL,NULL,NULL,84,NULL),(0,'2023-08-17',NULL,1798771,NULL,NULL,NULL,187098,2,NULL,NULL,NULL,32,NULL,NULL,NULL,84,NULL),(0,'2023-08-31',NULL,1799133,NULL,NULL,NULL,857523,2,NULL,NULL,NULL,32,NULL,NULL,NULL,84,NULL),(0,'2023-09-05',NULL,1799279,NULL,NULL,NULL,857529,2,NULL,NULL,NULL,32,NULL,NULL,NULL,84,NULL),(0,'2023-09-05',NULL,1799295,NULL,NULL,NULL,857557,2,NULL,NULL,NULL,32,NULL,NULL,NULL,84,NULL),(0,'2023-09-12',NULL,1799665,NULL,NULL,NULL,152600,2,NULL,NULL,NULL,32,NULL,NULL,NULL,84,NULL),(0,'2023-09-14',NULL,1799756,NULL,NULL,NULL,510555,2,NULL,NULL,NULL,32,NULL,NULL,NULL,84,NULL),(0,'2023-09-26',NULL,1800129,NULL,NULL,NULL,857766,2,NULL,NULL,NULL,32,NULL,NULL,NULL,84,NULL),(0,'2023-09-28',NULL,1800265,NULL,NULL,NULL,166528,2,NULL,NULL,NULL,32,NULL,NULL,NULL,84,NULL),(0,'2023-09-28',NULL,1800267,NULL,NULL,NULL,506736,2,NULL,NULL,NULL,32,NULL,NULL,NULL,84,NULL),(0,'2023-09-28',NULL,1800268,NULL,NULL,NULL,812157,2,NULL,NULL,NULL,32,NULL,NULL,NULL,84,NULL),(0,'2023-10-05',NULL,1800705,NULL,NULL,NULL,65273,2,NULL,NULL,NULL,32,NULL,NULL,NULL,84,NULL),(0,'2023-10-19',NULL,1800893,NULL,NULL,NULL,830500,2,NULL,NULL,NULL,32,NULL,NULL,NULL,84,NULL),(0,'2023-10-19',NULL,1800977,NULL,NULL,NULL,852108,2,NULL,NULL,NULL,32,NULL,NULL,NULL,84,NULL),(0,'2023-11-02',NULL,1801386,NULL,NULL,NULL,608559,2,NULL,NULL,NULL,32,NULL,NULL,NULL,84,NULL),(0,'2023-11-06',NULL,1801458,NULL,NULL,NULL,808206,2,NULL,NULL,NULL,32,NULL,NULL,NULL,84,NULL),(0,'2023-11-07',NULL,1801489,NULL,NULL,NULL,858253,2,NULL,NULL,NULL,32,NULL,NULL,NULL,84,NULL),(0,'2023-11-14',NULL,1801966,NULL,NULL,NULL,855354,2,NULL,NULL,NULL,32,NULL,NULL,NULL,84,NULL),(0,'2023-11-16',NULL,1802023,NULL,NULL,NULL,804276,2,NULL,NULL,NULL,32,NULL,NULL,NULL,84,NULL),(0,'2023-12-05',NULL,1802669,NULL,NULL,NULL,858699,2,NULL,NULL,NULL,32,NULL,NULL,NULL,84,NULL),(0,'2023-12-15',NULL,1803085,NULL,NULL,NULL,603165,2,NULL,NULL,NULL,32,NULL,NULL,NULL,84,NULL),(0,'2023-12-15',NULL,1803098,NULL,NULL,NULL,779498,2,NULL,NULL,NULL,32,NULL,NULL,NULL,84,NULL),(0,'2023-12-18',NULL,1803147,NULL,NULL,NULL,858823,2,NULL,NULL,NULL,32,NULL,NULL,NULL,84,NULL),(0,'2023-12-19',NULL,1803229,NULL,NULL,NULL,858845,2,NULL,NULL,NULL,32,NULL,NULL,NULL,84,NULL),(0,'2023-12-21',NULL,1803318,NULL,NULL,NULL,715915,2,NULL,NULL,NULL,32,NULL,NULL,NULL,84,NULL),(0,'2023-12-28',NULL,1803478,NULL,NULL,NULL,770634,2,NULL,NULL,NULL,32,NULL,NULL,NULL,84,NULL),(0,'2024-01-18',NULL,1804327,NULL,NULL,NULL,515698,2,NULL,NULL,NULL,32,NULL,NULL,NULL,84,NULL),(0,'2024-01-23',NULL,1804456,NULL,NULL,NULL,503164,2,NULL,NULL,NULL,32,NULL,NULL,NULL,25,NULL),(0,'2024-01-29',NULL,1804531,NULL,NULL,NULL,859404,2,NULL,NULL,NULL,32,NULL,NULL,NULL,84,NULL),(0,'2024-01-29',NULL,1804536,NULL,NULL,NULL,857287,2,NULL,NULL,NULL,32,NULL,NULL,NULL,84,NULL),(0,'2024-01-29',NULL,1804538,NULL,NULL,NULL,726187,2,NULL,NULL,NULL,32,NULL,NULL,NULL,84,NULL),(0,'2024-02-05',NULL,1805031,NULL,NULL,NULL,768917,2,NULL,NULL,NULL,32,NULL,NULL,NULL,84,NULL),(0,'2024-02-08',NULL,1805200,NULL,NULL,NULL,65549,2,NULL,NULL,NULL,32,NULL,NULL,NULL,84,NULL),(0,'2024-02-08',NULL,1805202,NULL,NULL,NULL,859665,2,NULL,NULL,NULL,32,NULL,NULL,NULL,84,NULL),(0,'2024-02-08',NULL,1805262,NULL,NULL,NULL,822228,2,NULL,NULL,NULL,32,NULL,NULL,NULL,84,NULL),(0,'2024-02-15',NULL,1805397,NULL,NULL,NULL,730587,2,NULL,NULL,NULL,32,NULL,NULL,NULL,84,NULL),(0,'2024-02-15',NULL,1805459,NULL,NULL,NULL,859793,2,NULL,NULL,NULL,32,NULL,NULL,NULL,84,NULL),(0,'2024-02-19',NULL,1805537,NULL,NULL,NULL,797029,2,NULL,NULL,NULL,32,NULL,NULL,NULL,84,NULL),(0,'2024-02-21',NULL,1805582,NULL,NULL,NULL,859885,2,NULL,NULL,NULL,32,NULL,NULL,NULL,84,NULL),(0,'2024-02-26',NULL,1805832,NULL,NULL,NULL,860013,2,NULL,NULL,NULL,32,NULL,NULL,NULL,84,NULL),(0,'2024-02-26',NULL,1805833,NULL,NULL,NULL,788451,2,NULL,NULL,NULL,32,NULL,NULL,NULL,84,NULL),(0,'2024-02-27',NULL,1805990,NULL,NULL,NULL,516992,2,NULL,NULL,NULL,32,NULL,NULL,NULL,84,NULL),(0,'2024-02-27',NULL,1805992,NULL,NULL,NULL,860050,2,NULL,NULL,NULL,32,NULL,NULL,NULL,84,NULL),(0,'2024-02-27',NULL,1805993,NULL,NULL,NULL,860050,2,NULL,NULL,NULL,32,NULL,NULL,NULL,84,NULL),(0,'2024-02-27',NULL,1805995,NULL,NULL,NULL,860071,2,NULL,NULL,NULL,32,NULL,NULL,NULL,84,NULL),(0,'2023-01-06',NULL,1792996,NULL,NULL,NULL,756914,2,NULL,NULL,NULL,33,NULL,NULL,NULL,29,NULL),(0,'2023-01-06',NULL,1793002,NULL,NULL,NULL,767920,2,NULL,NULL,NULL,33,NULL,NULL,NULL,29,NULL),(0,'2023-01-10',NULL,1793067,NULL,NULL,NULL,627406,2,NULL,NULL,NULL,33,NULL,NULL,NULL,29,NULL),(0,'2023-01-16',NULL,1793241,NULL,NULL,NULL,852967,2,NULL,NULL,NULL,33,NULL,NULL,NULL,29,NULL),(0,'2023-01-16',NULL,1793242,NULL,NULL,NULL,855692,2,NULL,NULL,NULL,33,NULL,NULL,NULL,29,NULL),(0,'2023-01-23',NULL,1793274,NULL,NULL,NULL,738564,2,NULL,NULL,NULL,33,NULL,NULL,NULL,29,NULL),(0,'2023-01-23',NULL,1793311,NULL,NULL,NULL,795649,2,NULL,NULL,NULL,33,NULL,NULL,NULL,29,NULL),(0,'2023-01-31',NULL,1793396,NULL,NULL,NULL,731162,2,NULL,NULL,NULL,33,NULL,NULL,NULL,29,NULL),(0,'2023-01-31',NULL,1793455,NULL,NULL,NULL,844991,2,NULL,NULL,NULL,33,NULL,NULL,NULL,29,NULL),(0,'2023-02-06',NULL,1793509,NULL,NULL,NULL,302658,2,NULL,NULL,NULL,33,NULL,NULL,NULL,29,NULL),(0,'2023-02-14',NULL,1793643,NULL,NULL,NULL,856020,2,NULL,NULL,NULL,33,NULL,NULL,NULL,29,NULL),(0,'2023-03-01',NULL,1793886,NULL,NULL,NULL,758720,2,NULL,NULL,NULL,33,NULL,NULL,NULL,29,NULL),(0,'2023-03-01',NULL,1793895,NULL,NULL,NULL,848491,2,NULL,NULL,NULL,33,NULL,NULL,NULL,29,NULL),(0,'2023-03-02',NULL,1793959,NULL,NULL,NULL,741614,2,NULL,NULL,NULL,33,NULL,NULL,NULL,29,NULL),(0,'2023-03-07',NULL,1794031,NULL,NULL,NULL,138473,2,NULL,NULL,NULL,33,NULL,NULL,NULL,29,NULL),(0,'2023-03-09',NULL,1794179,NULL,NULL,NULL,174705,2,NULL,NULL,NULL,33,NULL,NULL,NULL,29,NULL),(0,'2023-03-09',NULL,1794188,NULL,NULL,NULL,785209,2,NULL,NULL,NULL,33,NULL,NULL,NULL,29,NULL),(0,'2023-03-09',NULL,1794189,NULL,NULL,NULL,856137,2,NULL,NULL,NULL,33,NULL,NULL,NULL,29,NULL),(0,'2023-03-15',NULL,1794216,NULL,NULL,NULL,856100,2,NULL,NULL,NULL,33,NULL,NULL,NULL,29,NULL),(0,'2023-03-15',NULL,1794222,NULL,NULL,NULL,822495,2,NULL,NULL,NULL,33,NULL,NULL,NULL,29,NULL),(0,'2023-03-15',NULL,1794226,NULL,NULL,NULL,771634,2,NULL,NULL,NULL,33,NULL,NULL,NULL,29,NULL),(0,'2023-03-16',NULL,1794272,NULL,NULL,NULL,312045,2,NULL,NULL,NULL,33,NULL,NULL,NULL,29,NULL),(0,'2023-03-23',NULL,1794355,NULL,NULL,NULL,828587,2,NULL,NULL,NULL,33,NULL,NULL,NULL,29,NULL),(0,'2023-03-23',NULL,1794358,NULL,NULL,NULL,856201,2,NULL,NULL,NULL,33,NULL,NULL,NULL,29,NULL),(0,'2023-03-23',NULL,1794359,NULL,NULL,NULL,776122,2,NULL,NULL,NULL,33,NULL,NULL,NULL,29,NULL),(0,'2023-03-29',NULL,1794392,NULL,NULL,NULL,766278,2,NULL,NULL,NULL,33,NULL,NULL,NULL,29,NULL),(0,'2023-04-06',NULL,1794513,NULL,NULL,NULL,309469,2,NULL,NULL,NULL,33,NULL,NULL,NULL,29,NULL),(0,'2023-04-06',NULL,1794516,NULL,NULL,NULL,605449,2,NULL,NULL,NULL,33,NULL,NULL,NULL,29,NULL),(0,'2023-04-11',NULL,1794551,NULL,NULL,NULL,856285,2,NULL,NULL,NULL,33,NULL,NULL,NULL,29,NULL),(0,'2023-04-11',NULL,1794552,NULL,NULL,NULL,856285,2,NULL,NULL,NULL,33,NULL,NULL,NULL,29,NULL),(0,'2023-04-13',NULL,1794760,NULL,NULL,NULL,744539,2,NULL,NULL,NULL,33,NULL,NULL,NULL,29,NULL),(0,'2023-04-18',NULL,1794861,NULL,NULL,NULL,187877,2,NULL,NULL,NULL,33,NULL,NULL,NULL,29,NULL),(0,'2023-04-27',NULL,1795146,NULL,NULL,NULL,856434,2,NULL,NULL,NULL,33,NULL,NULL,NULL,29,NULL),(0,'2023-05-04',NULL,1795371,NULL,NULL,NULL,856506,2,NULL,NULL,NULL,33,NULL,NULL,NULL,29,NULL),(0,'2023-05-11',NULL,1795528,NULL,NULL,NULL,705844,2,NULL,NULL,NULL,33,NULL,NULL,NULL,29,NULL),(0,'2023-05-11',NULL,1795530,NULL,NULL,NULL,301495,2,NULL,NULL,NULL,33,NULL,NULL,NULL,29,NULL),(0,'2023-05-11',NULL,1795537,NULL,NULL,NULL,611853,2,NULL,NULL,NULL,33,NULL,NULL,NULL,29,NULL),(0,'2023-05-30',NULL,1796012,NULL,NULL,NULL,791159,2,NULL,NULL,NULL,33,NULL,NULL,NULL,29,NULL),(0,'2023-06-01',NULL,1796133,NULL,NULL,NULL,837055,2,NULL,NULL,NULL,33,NULL,NULL,NULL,29,NULL),(0,'2023-06-05',NULL,1796207,NULL,NULL,NULL,140431,2,NULL,NULL,NULL,33,NULL,NULL,NULL,29,NULL),(0,'2023-06-08',NULL,1796453,NULL,NULL,NULL,709930,2,NULL,NULL,NULL,33,NULL,NULL,NULL,29,NULL),(0,'2023-06-13',NULL,1796556,NULL,NULL,NULL,793008,2,NULL,NULL,NULL,33,NULL,NULL,NULL,29,NULL),(0,'2023-06-15',NULL,1796593,NULL,NULL,NULL,856820,2,NULL,NULL,NULL,33,NULL,NULL,NULL,29,NULL),(0,'2023-06-29',NULL,1796972,NULL,NULL,NULL,188716,2,NULL,NULL,NULL,33,NULL,NULL,NULL,29,NULL),(0,'2023-07-27',NULL,1797821,NULL,NULL,NULL,731539,2,NULL,NULL,NULL,33,NULL,NULL,NULL,29,NULL),(0,'2023-07-31',NULL,1797988,NULL,NULL,NULL,857205,2,NULL,NULL,NULL,33,NULL,NULL,NULL,29,NULL),(0,'2023-07-31',NULL,1797991,NULL,NULL,NULL,751367,2,NULL,NULL,NULL,33,NULL,NULL,NULL,29,NULL),(0,'2023-08-02',NULL,1798030,NULL,NULL,NULL,825232,2,NULL,NULL,NULL,33,NULL,NULL,NULL,29,NULL),(0,'2023-08-07',NULL,1798372,NULL,NULL,NULL,305732,2,NULL,NULL,NULL,33,NULL,NULL,NULL,29,NULL),(0,'2023-08-07',NULL,1798378,NULL,NULL,NULL,855561,2,NULL,NULL,NULL,33,NULL,NULL,NULL,29,NULL),(0,'2023-08-07',NULL,1798379,NULL,NULL,NULL,750457,2,NULL,NULL,NULL,33,NULL,NULL,NULL,29,NULL),(0,'2023-08-10',NULL,1798561,NULL,NULL,NULL,767052,2,NULL,NULL,NULL,33,NULL,NULL,NULL,29,NULL),(0,'2023-08-15',NULL,1798621,NULL,NULL,NULL,705886,2,NULL,NULL,NULL,33,NULL,NULL,NULL,29,NULL),(0,'2023-08-15',NULL,1798648,NULL,NULL,NULL,857350,2,NULL,NULL,NULL,33,NULL,NULL,NULL,29,NULL),(0,'2023-08-22',NULL,1798814,NULL,NULL,NULL,725226,2,NULL,NULL,NULL,33,NULL,NULL,NULL,29,NULL),(0,'2023-08-24',NULL,1798877,NULL,NULL,NULL,798371,2,NULL,NULL,NULL,33,NULL,NULL,NULL,29,NULL),(0,'2023-08-24',NULL,1798927,NULL,NULL,NULL,857442,2,NULL,NULL,NULL,33,NULL,NULL,NULL,29,NULL),(0,'2023-08-24',NULL,1798930,NULL,NULL,NULL,857442,2,NULL,NULL,NULL,33,NULL,NULL,NULL,29,NULL),(0,'2023-08-28',NULL,1798941,NULL,NULL,NULL,136716,2,NULL,NULL,NULL,33,NULL,NULL,NULL,29,NULL),(0,'2023-08-28',NULL,1798946,NULL,NULL,NULL,841880,2,NULL,NULL,NULL,33,NULL,NULL,NULL,29,NULL),(0,'2023-08-29',NULL,1799025,NULL,NULL,NULL,764843,2,NULL,NULL,NULL,33,NULL,NULL,NULL,29,NULL),(0,'2023-08-31',NULL,1799118,NULL,NULL,NULL,857514,2,NULL,NULL,NULL,33,NULL,NULL,NULL,29,NULL),(0,'2023-09-05',NULL,1799301,NULL,NULL,NULL,857566,2,NULL,NULL,NULL,33,NULL,NULL,NULL,29,NULL),(0,'2023-09-05',NULL,1799302,NULL,NULL,NULL,857567,2,NULL,NULL,NULL,33,NULL,NULL,NULL,29,NULL),(0,'2023-09-05',NULL,1799307,NULL,NULL,NULL,857582,2,NULL,NULL,NULL,33,NULL,NULL,NULL,29,NULL),(0,'2023-09-07',NULL,1799529,NULL,NULL,NULL,621406,2,NULL,NULL,NULL,33,NULL,NULL,NULL,29,NULL),(0,'2023-09-07',NULL,1799537,NULL,NULL,NULL,779172,2,NULL,NULL,NULL,33,NULL,NULL,NULL,29,NULL),(0,'2023-09-11',NULL,1799612,NULL,NULL,NULL,751147,2,NULL,NULL,NULL,33,NULL,NULL,NULL,29,NULL),(0,'2023-09-11',NULL,1799614,NULL,NULL,NULL,744244,2,NULL,NULL,NULL,33,NULL,NULL,NULL,29,NULL),(0,'2023-09-11',NULL,1799615,NULL,NULL,NULL,763206,2,NULL,NULL,NULL,33,NULL,NULL,NULL,29,NULL),(0,'2023-09-21',NULL,1800054,NULL,NULL,NULL,181269,2,NULL,NULL,NULL,33,NULL,NULL,NULL,29,NULL),(0,'2023-09-29',NULL,1800219,NULL,NULL,NULL,831540,2,NULL,NULL,NULL,33,NULL,NULL,NULL,29,NULL),(0,'2023-09-29',NULL,1800220,NULL,NULL,NULL,857789,2,NULL,NULL,NULL,33,NULL,NULL,NULL,29,NULL),(0,'2023-10-09',NULL,1800719,NULL,NULL,NULL,810320,2,NULL,NULL,NULL,33,NULL,NULL,NULL,29,NULL),(0,'2023-10-19',NULL,1800857,NULL,NULL,NULL,857996,2,NULL,NULL,NULL,33,NULL,NULL,NULL,29,NULL),(0,'2023-10-23',NULL,1801041,NULL,NULL,NULL,745578,2,NULL,NULL,NULL,33,NULL,NULL,NULL,29,NULL),(0,'2023-10-31',NULL,1801077,NULL,NULL,NULL,838885,2,NULL,NULL,NULL,33,NULL,NULL,NULL,29,NULL),(0,'2023-11-02',NULL,1801370,NULL,NULL,NULL,858204,2,NULL,NULL,NULL,33,NULL,NULL,NULL,29,NULL),(0,'2023-11-02',NULL,1801371,NULL,NULL,NULL,857754,2,NULL,NULL,NULL,33,NULL,NULL,NULL,29,NULL),(0,'2023-11-02',NULL,1801373,NULL,NULL,NULL,858203,2,NULL,NULL,NULL,33,NULL,NULL,NULL,29,NULL),(0,'2023-11-09',NULL,1801702,NULL,NULL,NULL,858303,2,NULL,NULL,NULL,33,NULL,NULL,NULL,29,NULL),(0,'2023-11-13',NULL,1801765,NULL,NULL,NULL,858313,2,NULL,NULL,NULL,33,NULL,NULL,NULL,29,NULL),(0,'2023-11-13',NULL,1801767,NULL,NULL,NULL,630155,2,NULL,NULL,NULL,33,NULL,NULL,NULL,29,NULL),(0,'2023-11-13',NULL,1801771,NULL,NULL,NULL,817478,2,NULL,NULL,NULL,33,NULL,NULL,NULL,29,NULL),(0,'2023-11-28',NULL,1802256,NULL,NULL,NULL,300492,2,NULL,NULL,NULL,33,NULL,NULL,NULL,29,NULL),(0,'2023-12-04',NULL,1802404,NULL,NULL,NULL,706016,2,NULL,NULL,NULL,33,NULL,NULL,NULL,29,NULL),(0,'2023-12-04',NULL,1802407,NULL,NULL,NULL,858633,2,NULL,NULL,NULL,33,NULL,NULL,NULL,29,NULL),(0,'2023-12-04',NULL,1802591,NULL,NULL,NULL,858692,2,NULL,NULL,NULL,33,NULL,NULL,NULL,29,NULL),(0,'2023-12-05',NULL,1802652,NULL,NULL,NULL,848098,2,NULL,NULL,NULL,33,NULL,NULL,NULL,29,NULL),(0,'2023-12-07',NULL,1802744,NULL,NULL,NULL,819090,2,NULL,NULL,NULL,33,NULL,NULL,NULL,29,NULL),(0,'2023-12-12',NULL,1802894,NULL,NULL,NULL,311747,2,NULL,NULL,NULL,33,NULL,NULL,NULL,29,NULL),(0,'2023-12-14',NULL,1803004,NULL,NULL,NULL,858761,2,NULL,NULL,NULL,33,NULL,NULL,NULL,29,NULL),(0,'2023-12-14',NULL,1803014,NULL,NULL,NULL,836545,2,NULL,NULL,NULL,33,NULL,NULL,NULL,29,NULL),(0,'2023-12-18',NULL,1803119,NULL,NULL,NULL,314188,2,NULL,NULL,NULL,33,NULL,NULL,NULL,29,NULL),(0,'2023-12-18',NULL,1803154,NULL,NULL,NULL,858821,2,NULL,NULL,NULL,33,NULL,NULL,NULL,29,NULL),(0,'2023-12-28',NULL,1803439,NULL,NULL,NULL,858979,2,NULL,NULL,NULL,33,NULL,NULL,NULL,29,NULL),(0,'2023-12-28',NULL,1803447,NULL,NULL,NULL,858991,2,NULL,NULL,NULL,33,NULL,NULL,NULL,29,NULL),(0,'2023-12-30',NULL,1803608,NULL,NULL,NULL,309713,2,NULL,NULL,NULL,33,NULL,NULL,NULL,29,NULL),(0,'2023-12-30',NULL,1803612,NULL,NULL,NULL,859058,2,NULL,NULL,NULL,33,NULL,NULL,NULL,29,NULL),(0,'2024-01-05',NULL,1803722,NULL,NULL,NULL,859132,2,NULL,NULL,NULL,33,NULL,NULL,NULL,29,NULL),(0,'2024-01-08',NULL,1803760,NULL,NULL,NULL,306214,2,NULL,NULL,NULL,33,NULL,NULL,NULL,29,NULL),(0,'2024-01-05',NULL,1803761,NULL,NULL,NULL,859127,2,NULL,NULL,NULL,33,NULL,NULL,NULL,29,NULL),(0,'2024-01-05',NULL,1803803,NULL,NULL,NULL,306214,2,NULL,NULL,NULL,33,NULL,NULL,NULL,29,NULL),(0,'2024-01-08',NULL,1803911,NULL,NULL,NULL,612212,2,NULL,NULL,NULL,33,NULL,NULL,NULL,29,NULL),(0,'2024-01-09',NULL,1803938,NULL,NULL,NULL,859155,2,NULL,NULL,NULL,33,NULL,NULL,NULL,29,NULL),(0,'2024-01-09',NULL,1803939,NULL,NULL,NULL,859155,2,NULL,NULL,NULL,33,NULL,NULL,NULL,29,NULL),(0,'2024-01-09',NULL,1804049,NULL,NULL,NULL,859170,2,NULL,NULL,NULL,33,NULL,NULL,NULL,29,NULL),(0,'2024-01-11',NULL,1804098,NULL,NULL,NULL,859180,2,NULL,NULL,NULL,33,NULL,NULL,NULL,29,NULL),(0,'2024-01-11',NULL,1804099,NULL,NULL,NULL,859192,2,NULL,NULL,NULL,33,NULL,NULL,NULL,29,NULL),(0,'2024-01-15',NULL,1804164,NULL,NULL,NULL,859228,2,NULL,NULL,NULL,33,NULL,NULL,NULL,29,NULL),(0,'2024-01-15',NULL,1804166,NULL,NULL,NULL,800117,2,NULL,NULL,NULL,33,NULL,NULL,NULL,29,NULL),(0,'2024-01-22',NULL,1804394,NULL,NULL,NULL,859334,2,NULL,NULL,NULL,33,NULL,NULL,NULL,29,NULL),(0,'2024-01-23',NULL,1804466,NULL,NULL,NULL,775644,2,NULL,NULL,NULL,33,NULL,NULL,NULL,29,NULL),(0,'2024-01-29',NULL,1804497,NULL,NULL,NULL,859319,2,NULL,NULL,NULL,33,NULL,NULL,NULL,29,NULL),(0,'2024-01-29',NULL,1804498,NULL,NULL,NULL,859341,2,NULL,NULL,NULL,33,NULL,NULL,NULL,29,NULL),(0,'2024-01-29',NULL,1804502,NULL,NULL,NULL,859332,2,NULL,NULL,NULL,33,NULL,NULL,NULL,29,NULL),(0,'2024-01-29',NULL,1804503,NULL,NULL,NULL,859392,2,NULL,NULL,NULL,33,NULL,NULL,NULL,29,NULL),(0,'2024-01-29',NULL,1804504,NULL,NULL,NULL,752319,2,NULL,NULL,NULL,33,NULL,NULL,NULL,29,NULL),(0,'2024-01-29',NULL,1804505,NULL,NULL,NULL,752319,2,NULL,NULL,NULL,33,NULL,NULL,NULL,29,NULL),(0,'2024-01-29',NULL,1804716,NULL,NULL,NULL,859461,2,NULL,NULL,NULL,33,NULL,NULL,NULL,29,NULL),(0,'2024-01-29',NULL,1804718,NULL,NULL,NULL,850776,2,NULL,NULL,NULL,33,NULL,NULL,NULL,29,NULL),(0,'2024-01-29',NULL,1804719,NULL,NULL,NULL,859464,2,NULL,NULL,NULL,33,NULL,NULL,NULL,29,NULL),(0,'2024-01-30',NULL,1804737,NULL,NULL,NULL,859483,2,NULL,NULL,NULL,33,NULL,NULL,NULL,29,NULL),(0,'2024-02-01',NULL,1804877,NULL,NULL,NULL,845904,2,NULL,NULL,NULL,33,NULL,NULL,NULL,29,NULL),(0,'2024-02-05',NULL,1805061,NULL,NULL,NULL,859643,2,NULL,NULL,NULL,33,NULL,NULL,NULL,29,NULL),(0,'2024-02-05',NULL,1805062,NULL,NULL,NULL,859646,2,NULL,NULL,NULL,33,NULL,NULL,NULL,29,NULL),(0,'2024-02-08',NULL,1805173,NULL,NULL,NULL,766647,2,NULL,NULL,NULL,33,NULL,NULL,NULL,29,NULL),(0,'2024-02-08',NULL,1805246,NULL,NULL,NULL,859683,2,NULL,NULL,NULL,33,NULL,NULL,NULL,29,NULL),(0,'2024-02-08',NULL,1805305,NULL,NULL,NULL,859711,2,NULL,NULL,NULL,33,NULL,NULL,NULL,29,NULL),(0,'2024-02-14',NULL,1805342,NULL,NULL,NULL,859729,2,NULL,NULL,NULL,33,NULL,NULL,NULL,29,NULL),(0,'2024-02-14',NULL,1805356,NULL,NULL,NULL,859741,2,NULL,NULL,NULL,33,NULL,NULL,NULL,29,NULL),(0,'2024-02-15',NULL,1805374,NULL,NULL,NULL,733010,2,NULL,NULL,NULL,33,NULL,NULL,NULL,29,NULL),(0,'2024-02-15',NULL,1805375,NULL,NULL,NULL,859743,2,NULL,NULL,NULL,33,NULL,NULL,NULL,29,NULL),(0,'2024-02-15',NULL,1805445,NULL,NULL,NULL,859812,2,NULL,NULL,NULL,33,NULL,NULL,NULL,29,NULL),(0,'2024-02-15',NULL,1805446,NULL,NULL,NULL,754796,2,NULL,NULL,NULL,33,NULL,NULL,NULL,29,NULL),(0,'2024-02-19',NULL,1805518,NULL,NULL,NULL,138331,2,NULL,NULL,NULL,33,NULL,NULL,NULL,29,NULL),(0,'2024-02-19',NULL,1805524,NULL,NULL,NULL,859852,2,NULL,NULL,NULL,33,NULL,NULL,NULL,29,NULL),(0,'2024-02-19',NULL,1805526,NULL,NULL,NULL,859833,2,NULL,NULL,NULL,33,NULL,NULL,NULL,29,NULL),(0,'2024-02-19',NULL,1805529,NULL,NULL,NULL,859817,2,NULL,NULL,NULL,33,NULL,NULL,NULL,29,NULL),(0,'2024-02-19',NULL,1805542,NULL,NULL,NULL,859857,2,NULL,NULL,NULL,33,NULL,NULL,NULL,29,NULL),(0,'2024-02-21',NULL,1805569,NULL,NULL,NULL,859863,2,NULL,NULL,NULL,33,NULL,NULL,NULL,29,NULL),(0,'2024-02-21',NULL,1805570,NULL,NULL,NULL,752993,2,NULL,NULL,NULL,33,NULL,NULL,NULL,29,NULL),(0,'2024-02-22',NULL,1805663,NULL,NULL,NULL,826533,2,NULL,NULL,NULL,33,NULL,NULL,NULL,29,NULL),(0,'2024-02-22',NULL,1805664,NULL,NULL,NULL,859920,2,NULL,NULL,NULL,33,NULL,NULL,NULL,29,NULL),(0,'2024-02-22',NULL,1805665,NULL,NULL,NULL,859921,2,NULL,NULL,NULL,33,NULL,NULL,NULL,29,NULL),(0,'2024-02-22',NULL,1805666,NULL,NULL,NULL,859922,2,NULL,NULL,NULL,33,NULL,NULL,NULL,29,NULL),(0,'2024-02-26',NULL,1805796,NULL,NULL,NULL,859991,2,NULL,NULL,NULL,33,NULL,NULL,NULL,29,NULL),(0,'2024-02-26',NULL,1805799,NULL,NULL,NULL,601614,2,NULL,NULL,NULL,33,NULL,NULL,NULL,29,NULL),(0,'2024-02-26',NULL,1805800,NULL,NULL,NULL,859984,2,NULL,NULL,NULL,33,NULL,NULL,NULL,29,NULL),(0,'2024-02-26',NULL,1805802,NULL,NULL,NULL,830852,2,NULL,NULL,NULL,33,NULL,NULL,NULL,29,NULL),(0,'2024-02-27',NULL,1805877,NULL,NULL,NULL,860043,2,NULL,NULL,NULL,33,NULL,NULL,NULL,29,NULL),(0,'2024-02-29',NULL,1806054,NULL,NULL,NULL,754591,2,NULL,NULL,NULL,33,NULL,NULL,NULL,29,NULL),(0,'2023-03-08',NULL,1794030,NULL,NULL,NULL,733118,2,NULL,NULL,NULL,NULL,NULL,NULL,NULL,84,NULL),(0,'2023-12-19',NULL,1803158,NULL,NULL,NULL,796813,2,NULL,NULL,NULL,NULL,NULL,NULL,NULL,29,NULL),(0,'2023-04-20',NULL,1794051,NULL,NULL,NULL,856130,3,NULL,11,NULL,29,NULL,NULL,NULL,12,NULL),(0,'2023-04-20',NULL,1794052,NULL,NULL,NULL,856130,3,NULL,11,NULL,29,NULL,NULL,NULL,12,NULL),(0,'2023-03-22',NULL,1794290,NULL,NULL,NULL,856182,3,NULL,11,NULL,29,NULL,NULL,NULL,12,NULL),(0,'2023-03-28',NULL,1794364,NULL,NULL,NULL,856208,3,NULL,6,NULL,29,NULL,NULL,NULL,45,NULL),(0,'2023-04-19',NULL,1794866,NULL,NULL,NULL,853602,3,NULL,11,NULL,29,NULL,NULL,NULL,12,NULL),(0,'2023-05-15',NULL,1794930,NULL,NULL,NULL,855516,3,NULL,8,NULL,29,NULL,NULL,NULL,45,NULL),(0,'2023-06-14',NULL,1796205,NULL,NULL,NULL,856729,3,NULL,3,NULL,29,NULL,NULL,NULL,44,NULL),(0,'2023-07-07',NULL,1796824,NULL,NULL,NULL,158741,3,NULL,2,NULL,29,NULL,NULL,NULL,45,NULL),(0,'2023-07-18',NULL,1796904,NULL,NULL,NULL,856910,3,NULL,8,NULL,29,NULL,NULL,NULL,44,NULL),(0,'2023-08-02',NULL,1797874,NULL,NULL,NULL,857178,3,NULL,11,NULL,29,NULL,NULL,NULL,12,NULL),(0,'2023-08-10',NULL,1797876,NULL,NULL,NULL,846497,3,NULL,1,NULL,29,NULL,NULL,NULL,45,NULL),(0,'2023-08-10',NULL,1797989,NULL,NULL,NULL,852521,3,NULL,8,NULL,29,NULL,NULL,NULL,45,NULL),(0,'2023-08-15',NULL,1798138,NULL,NULL,NULL,173785,3,NULL,8,NULL,29,NULL,NULL,NULL,45,NULL),(0,'2023-08-25',NULL,1798868,NULL,NULL,NULL,857408,3,NULL,2,NULL,29,NULL,NULL,NULL,45,NULL),(0,'2023-08-29',NULL,1798994,NULL,NULL,NULL,857476,3,NULL,11,NULL,29,NULL,NULL,NULL,45,NULL),(0,'2023-09-12',NULL,1799053,NULL,NULL,NULL,852370,3,NULL,8,NULL,29,NULL,NULL,NULL,45,NULL),(0,'2023-09-22',NULL,1799174,NULL,NULL,NULL,855451,3,NULL,8,NULL,29,NULL,NULL,NULL,12,NULL),(0,'2023-09-29',NULL,1799683,NULL,NULL,NULL,817384,3,NULL,11,NULL,29,NULL,NULL,NULL,12,NULL),(0,'2023-09-21',NULL,1800038,NULL,NULL,NULL,857725,3,NULL,1,NULL,29,NULL,NULL,NULL,12,NULL),(0,'2023-09-29',NULL,1800087,NULL,NULL,NULL,191278,3,NULL,7,NULL,29,NULL,NULL,NULL,12,NULL),(0,'2023-11-07',NULL,1800983,NULL,NULL,NULL,858051,3,NULL,8,NULL,29,NULL,NULL,NULL,45,NULL),(0,'2023-11-07',NULL,1800987,NULL,NULL,NULL,116252,3,NULL,8,NULL,29,NULL,NULL,NULL,45,NULL),(0,'2023-11-22',NULL,1801485,NULL,NULL,NULL,858252,3,NULL,6,NULL,29,NULL,NULL,NULL,45,NULL),(0,'2023-12-12',NULL,1802189,NULL,NULL,NULL,858458,3,NULL,8,NULL,29,NULL,NULL,NULL,12,NULL),(0,'2023-12-12',NULL,1802483,NULL,NULL,NULL,858640,3,NULL,7,NULL,29,NULL,NULL,NULL,12,NULL),(0,'2023-12-20',NULL,1802645,NULL,NULL,NULL,858701,3,NULL,11,NULL,29,NULL,NULL,NULL,45,NULL),(0,'2023-12-28',NULL,1802910,NULL,NULL,NULL,858726,3,NULL,5,NULL,29,NULL,NULL,NULL,12,NULL),(0,'2023-12-15',NULL,1802920,NULL,NULL,NULL,858766,3,NULL,2,NULL,29,NULL,NULL,NULL,12,NULL),(0,'2023-12-28',NULL,1802930,NULL,NULL,NULL,858790,3,NULL,8,NULL,29,NULL,NULL,NULL,12,NULL),(0,'2024-01-02',NULL,1803060,NULL,NULL,NULL,15050,3,NULL,6,NULL,29,NULL,NULL,NULL,12,NULL),(0,'2023-12-29',NULL,1803141,NULL,NULL,NULL,858832,3,NULL,8,NULL,29,NULL,NULL,NULL,45,NULL),(0,'2024-01-17',NULL,1803426,NULL,NULL,NULL,859003,3,NULL,8,NULL,29,NULL,NULL,NULL,45,NULL),(0,'2024-01-02',NULL,1803556,NULL,NULL,NULL,854415,3,NULL,6,NULL,29,NULL,NULL,NULL,12,NULL),(0,'2024-01-05',NULL,1803591,NULL,NULL,NULL,575025,3,NULL,7,NULL,29,NULL,NULL,NULL,12,NULL),(0,'2024-01-05',NULL,1803712,NULL,NULL,NULL,859043,3,NULL,2,NULL,29,NULL,NULL,NULL,12,NULL),(0,'2024-01-24',NULL,1803838,NULL,NULL,NULL,858827,3,NULL,2,NULL,29,NULL,NULL,NULL,45,NULL),(0,'2024-01-26',NULL,1804212,NULL,NULL,NULL,859229,3,NULL,4,NULL,29,NULL,NULL,NULL,45,NULL),(0,'2024-02-01',NULL,1804597,NULL,NULL,NULL,859358,3,NULL,11,NULL,29,NULL,NULL,NULL,12,NULL),(0,'2024-02-20',NULL,1804675,NULL,NULL,NULL,107595,3,NULL,8,NULL,29,NULL,NULL,NULL,45,NULL),(0,'2024-02-09',NULL,1804678,NULL,NULL,NULL,122176,3,NULL,8,NULL,29,NULL,NULL,NULL,12,NULL),(0,'2024-02-07',NULL,1804681,NULL,NULL,NULL,859453,3,NULL,8,NULL,29,NULL,NULL,NULL,12,NULL),(0,'2024-02-09',NULL,1804995,NULL,NULL,NULL,859588,3,NULL,6,NULL,29,NULL,NULL,NULL,12,NULL),(0,'2024-02-22',NULL,1805053,NULL,NULL,NULL,859637,3,NULL,8,NULL,29,NULL,NULL,NULL,45,NULL),(0,'2024-02-22',NULL,1805054,NULL,NULL,NULL,859637,3,NULL,8,NULL,29,NULL,NULL,NULL,45,NULL),(0,'2024-02-22',NULL,1805055,NULL,NULL,NULL,859637,3,NULL,8,NULL,29,NULL,NULL,NULL,45,NULL),(0,'2024-02-26',NULL,1805275,NULL,NULL,NULL,754074,3,NULL,8,NULL,29,NULL,NULL,NULL,45,NULL),(0,'2024-02-15',NULL,1805311,NULL,NULL,NULL,858984,3,NULL,3,NULL,29,NULL,NULL,NULL,45,NULL),(0,'2024-02-27',NULL,1805462,NULL,NULL,NULL,833543,3,NULL,6,NULL,29,NULL,NULL,NULL,12,NULL),(0,'2024-02-29',NULL,1805490,NULL,NULL,NULL,859834,3,NULL,8,NULL,29,NULL,NULL,NULL,12,NULL),(0,'2024-02-20',NULL,1805507,NULL,NULL,NULL,859831,3,NULL,1,NULL,29,NULL,NULL,NULL,45,NULL),(0,'2024-02-29',NULL,1805616,NULL,NULL,NULL,859872,3,NULL,3,NULL,29,NULL,NULL,NULL,12,NULL),(0,'2023-02-28',NULL,1793841,NULL,NULL,NULL,856058,3,NULL,1,NULL,31,NULL,NULL,NULL,27,NULL),(0,'2023-06-07',NULL,1796140,NULL,NULL,NULL,856701,3,NULL,1,NULL,31,NULL,NULL,NULL,27,NULL),(0,'2023-09-11',NULL,1799032,NULL,NULL,NULL,160402,3,NULL,10,NULL,31,NULL,NULL,NULL,27,NULL),(0,'2024-01-02',NULL,1803162,NULL,NULL,NULL,858869,3,NULL,8,NULL,31,NULL,NULL,NULL,27,NULL),(0,'2024-01-27',NULL,1803809,NULL,NULL,NULL,859101,3,NULL,1,NULL,31,NULL,NULL,NULL,27,NULL),(0,'2024-01-27',NULL,1804177,NULL,NULL,NULL,859215,3,NULL,7,NULL,31,NULL,NULL,NULL,27,NULL),(0,'2024-02-28',NULL,1804744,NULL,NULL,NULL,859481,3,NULL,7,NULL,31,NULL,NULL,NULL,27,NULL),(0,'2024-02-28',NULL,1805378,NULL,NULL,NULL,859749,3,NULL,11,NULL,31,NULL,NULL,NULL,27,NULL),(0,'2023-02-06',NULL,1793214,NULL,NULL,NULL,839729,3,NULL,8,NULL,34,NULL,NULL,NULL,27,NULL),(0,'2023-02-07',NULL,1793316,NULL,NULL,NULL,796246,3,NULL,7,NULL,30,NULL,NULL,NULL,27,NULL),(0,'2023-05-10',NULL,1794951,NULL,NULL,NULL,773682,3,NULL,8,NULL,32,NULL,NULL,NULL,84,NULL),(0,'2023-07-13',NULL,1797107,NULL,NULL,NULL,736036,3,NULL,7,NULL,32,NULL,NULL,NULL,84,NULL),(0,'2023-12-30',NULL,1802669,NULL,NULL,NULL,858699,3,NULL,8,NULL,32,NULL,NULL,NULL,84,NULL),(0,'2023-12-30',NULL,1803098,NULL,NULL,NULL,779498,3,NULL,2,NULL,32,NULL,NULL,NULL,84,NULL),(0,'2024-02-20',NULL,1805262,NULL,NULL,NULL,822228,3,NULL,6,NULL,32,NULL,NULL,NULL,84,NULL),(0,'2023-02-23',NULL,1793643,NULL,NULL,NULL,856020,3,NULL,8,NULL,33,NULL,NULL,NULL,29,NULL),(0,'2023-05-12',NULL,1794189,NULL,NULL,NULL,856137,3,NULL,8,NULL,33,NULL,NULL,NULL,29,NULL),(0,'2023-04-10',NULL,1794358,NULL,NULL,NULL,856201,3,NULL,8,NULL,33,NULL,NULL,NULL,29,NULL),(0,'2023-05-05',NULL,1794359,NULL,NULL,NULL,776122,3,NULL,8,NULL,33,NULL,NULL,NULL,29,NULL),(0,'2023-04-17',NULL,1794551,NULL,NULL,NULL,856285,3,NULL,8,NULL,33,NULL,NULL,NULL,29,NULL),(0,'2023-04-17',NULL,1794552,NULL,NULL,NULL,856285,3,NULL,8,NULL,33,NULL,NULL,NULL,29,NULL),(0,'2023-10-04',NULL,1800220,NULL,NULL,NULL,857789,3,NULL,6,NULL,33,NULL,NULL,NULL,29,NULL),(0,'2023-11-01',NULL,1800857,NULL,NULL,NULL,857996,3,NULL,6,NULL,33,NULL,NULL,NULL,29,NULL),(0,'2023-11-28',NULL,1801373,NULL,NULL,NULL,858203,3,NULL,1,NULL,33,NULL,NULL,NULL,29,NULL),(0,'2024-01-11',NULL,1802894,NULL,NULL,NULL,311747,3,NULL,8,NULL,33,NULL,NULL,NULL,29,NULL),(0,'2024-02-06',NULL,1803004,NULL,NULL,NULL,858761,3,NULL,8,NULL,33,NULL,NULL,NULL,29,NULL),(0,'2024-01-10',NULL,1803154,NULL,NULL,NULL,858821,3,NULL,2,NULL,33,NULL,NULL,NULL,29,NULL),(0,'2024-01-10',NULL,1803439,NULL,NULL,NULL,858979,3,NULL,8,NULL,33,NULL,NULL,NULL,29,NULL),(0,'2024-01-10',NULL,1803447,NULL,NULL,NULL,858991,3,NULL,8,NULL,33,NULL,NULL,NULL,29,NULL),(0,'2024-01-19',NULL,1803612,NULL,NULL,NULL,859058,3,NULL,6,NULL,33,NULL,NULL,NULL,29,NULL),(0,'2024-01-19',NULL,1803803,NULL,NULL,NULL,306214,3,NULL,11,NULL,33,NULL,NULL,NULL,29,NULL),(0,'2024-02-06',NULL,1804498,NULL,NULL,NULL,859341,3,NULL,7,NULL,33,NULL,NULL,NULL,29,NULL),(0,'2024-02-22',NULL,1804877,NULL,NULL,NULL,845904,3,NULL,8,NULL,33,NULL,NULL,NULL,29,NULL),(0,'2024-02-26',NULL,1805173,NULL,NULL,NULL,766647,3,NULL,8,NULL,33,NULL,NULL,NULL,29,NULL),(0,'2024-02-28',NULL,1805342,NULL,NULL,NULL,859729,3,NULL,8,NULL,33,NULL,NULL,NULL,29,NULL),(0,'2024-02-26',NULL,1805446,NULL,NULL,NULL,754796,3,NULL,8,NULL,33,NULL,NULL,NULL,29,NULL),(0,'2023-08-03',NULL,1797898,NULL,NULL,NULL,819940,3,NULL,2,NULL,NULL,NULL,NULL,NULL,12,NULL),(0,'2024-02-28',NULL,1804403,NULL,NULL,NULL,165785,3,NULL,11,NULL,NULL,NULL,NULL,NULL,27,NULL),(0,'2024-02-07',NULL,1804980,NULL,NULL,NULL,847377,3,NULL,1,NULL,NULL,NULL,NULL,NULL,12,NULL),(0,'2023-01-18',NULL,1793010,NULL,NULL,NULL,849639,7,NULL,NULL,NULL,29,NULL,NULL,NULL,44,NULL),(0,'2023-01-27',NULL,1793017,NULL,NULL,NULL,768746,7,NULL,NULL,NULL,29,NULL,NULL,NULL,12,NULL),(0,'2023-01-19',NULL,1793033,NULL,NULL,NULL,712204,7,NULL,NULL,NULL,29,NULL,NULL,NULL,44,NULL),(0,'2023-02-15',NULL,1793266,NULL,NULL,NULL,839309,7,NULL,NULL,NULL,29,NULL,NULL,NULL,45,NULL),(0,'2023-01-27',NULL,1793302,NULL,NULL,NULL,855888,7,NULL,NULL,NULL,29,NULL,NULL,NULL,12,NULL),(0,'2023-01-31',NULL,1793354,NULL,NULL,NULL,832468,7,NULL,NULL,NULL,29,NULL,NULL,NULL,45,NULL),(0,'2023-02-06',NULL,1793387,NULL,NULL,NULL,855934,7,NULL,NULL,NULL,29,NULL,NULL,NULL,45,NULL),(0,'2023-02-17',NULL,1793476,NULL,NULL,NULL,729670,7,NULL,NULL,NULL,29,NULL,NULL,NULL,45,NULL),(0,'2023-02-14',NULL,1793491,NULL,NULL,NULL,626794,7,NULL,NULL,NULL,29,NULL,NULL,NULL,45,NULL),(0,'2023-02-24',NULL,1793493,NULL,NULL,NULL,849213,7,NULL,NULL,NULL,29,NULL,NULL,NULL,45,NULL),(0,'2023-02-17',NULL,1793609,NULL,NULL,NULL,855996,7,NULL,NULL,NULL,29,NULL,NULL,NULL,12,NULL),(0,'2023-02-24',NULL,1793634,NULL,NULL,NULL,757941,7,NULL,NULL,NULL,29,NULL,NULL,NULL,45,NULL),(0,'2023-02-28',NULL,1793662,NULL,NULL,NULL,856027,7,NULL,NULL,NULL,29,NULL,NULL,NULL,12,NULL),(0,'2023-03-02',NULL,1793795,NULL,NULL,NULL,701353,7,NULL,NULL,NULL,29,NULL,NULL,NULL,45,NULL),(0,'2023-03-21',NULL,1793967,NULL,NULL,NULL,856097,7,NULL,NULL,NULL,29,NULL,NULL,NULL,45,NULL),(0,'2023-03-03',NULL,1793971,NULL,NULL,NULL,722134,7,NULL,NULL,NULL,29,NULL,NULL,NULL,45,NULL),(0,'2023-03-03',NULL,1793972,NULL,NULL,NULL,839447,7,NULL,NULL,NULL,29,NULL,NULL,NULL,45,NULL),(0,'2023-03-11',NULL,1794008,NULL,NULL,NULL,766107,7,NULL,NULL,NULL,29,NULL,NULL,NULL,44,NULL),(0,'2023-03-30',NULL,1794012,NULL,NULL,NULL,141413,7,NULL,NULL,NULL,29,NULL,NULL,NULL,45,NULL),(0,'2023-03-15',NULL,1794013,NULL,NULL,NULL,736229,7,NULL,NULL,NULL,29,NULL,NULL,NULL,12,NULL),(0,'2023-03-22',NULL,1794047,NULL,NULL,NULL,851896,7,NULL,NULL,NULL,29,NULL,NULL,NULL,12,NULL),(0,'2023-03-15',NULL,1794166,NULL,NULL,NULL,152565,7,NULL,NULL,NULL,29,NULL,NULL,NULL,45,NULL),(0,'2023-03-21',NULL,1794211,NULL,NULL,NULL,753379,7,NULL,NULL,NULL,29,NULL,NULL,NULL,45,NULL),(0,'2023-03-31',NULL,1794291,NULL,NULL,NULL,855336,7,NULL,NULL,NULL,29,NULL,NULL,NULL,45,NULL),(0,'2023-03-29',NULL,1794301,NULL,NULL,NULL,848773,7,NULL,NULL,NULL,29,NULL,NULL,NULL,45,NULL),(0,'2023-04-04',NULL,1794341,NULL,NULL,NULL,856194,7,NULL,NULL,NULL,29,NULL,NULL,NULL,45,NULL),(0,'2023-04-27',NULL,1794353,NULL,NULL,NULL,856204,7,NULL,NULL,NULL,29,NULL,NULL,NULL,45,NULL),(0,'2023-04-05',NULL,1794376,NULL,NULL,NULL,730870,7,NULL,NULL,NULL,29,NULL,NULL,NULL,12,NULL),(0,'2023-04-19',NULL,1794563,NULL,NULL,NULL,175633,7,NULL,NULL,NULL,29,NULL,NULL,NULL,12,NULL),(0,'2023-04-19',NULL,1794704,NULL,NULL,NULL,855419,7,NULL,NULL,NULL,29,NULL,NULL,NULL,12,NULL),(0,'2023-04-27',NULL,1794835,NULL,NULL,NULL,726916,7,NULL,NULL,NULL,29,NULL,NULL,NULL,44,NULL),(0,'2023-04-25',NULL,1794846,NULL,NULL,NULL,195870,7,NULL,NULL,NULL,29,NULL,NULL,NULL,45,NULL),(0,'2023-04-20',NULL,1794916,NULL,NULL,NULL,856135,7,NULL,NULL,NULL,29,NULL,NULL,NULL,12,NULL),(0,'2023-04-28',NULL,1795048,NULL,NULL,NULL,849606,7,NULL,NULL,NULL,29,NULL,NULL,NULL,44,NULL),(0,'2023-05-22',NULL,1795110,NULL,NULL,NULL,815797,7,NULL,NULL,NULL,29,NULL,NULL,NULL,44,NULL),(0,'2023-05-24',NULL,1795316,NULL,NULL,NULL,104288,7,NULL,NULL,NULL,29,NULL,NULL,NULL,44,NULL),(0,'2023-05-05',NULL,1795353,NULL,NULL,NULL,852207,7,NULL,NULL,NULL,29,NULL,NULL,NULL,45,NULL),(0,'2023-05-16',NULL,1795563,NULL,NULL,NULL,633656,7,NULL,NULL,NULL,29,NULL,NULL,NULL,12,NULL),(0,'2023-05-23',NULL,1795736,NULL,NULL,NULL,803685,7,NULL,NULL,NULL,29,NULL,NULL,NULL,45,NULL),(0,'2023-06-06',NULL,1795950,NULL,NULL,NULL,824011,7,NULL,NULL,NULL,29,NULL,NULL,NULL,44,NULL),(0,'2023-06-13',NULL,1796050,NULL,NULL,NULL,850370,7,NULL,NULL,NULL,29,NULL,NULL,NULL,45,NULL),(0,'2023-06-02',NULL,1796055,NULL,NULL,NULL,856676,7,NULL,NULL,NULL,29,NULL,NULL,NULL,45,NULL),(0,'2023-06-02',NULL,1796078,NULL,NULL,NULL,856674,7,NULL,NULL,NULL,29,NULL,NULL,NULL,45,NULL),(0,'2023-06-06',NULL,1796079,NULL,NULL,NULL,856675,7,NULL,NULL,NULL,29,NULL,NULL,NULL,44,NULL),(0,'2023-06-06',NULL,1796121,NULL,NULL,NULL,856703,7,NULL,NULL,NULL,29,NULL,NULL,NULL,44,NULL),(0,'2023-06-02',NULL,1796122,NULL,NULL,NULL,25274,7,NULL,NULL,NULL,29,NULL,NULL,NULL,45,NULL),(0,'2023-06-13',NULL,1796151,NULL,NULL,NULL,109068,7,NULL,NULL,NULL,29,NULL,NULL,NULL,45,NULL),(0,'2023-06-13',NULL,1796221,NULL,NULL,NULL,102017,7,NULL,NULL,NULL,29,NULL,NULL,NULL,45,NULL),(0,'2023-06-30',NULL,1796449,NULL,NULL,NULL,856760,7,NULL,NULL,NULL,29,NULL,NULL,NULL,44,NULL),(0,'2023-06-21',NULL,1796547,NULL,NULL,NULL,849762,7,NULL,NULL,NULL,29,NULL,NULL,NULL,44,NULL),(0,'2023-06-16',NULL,1796570,NULL,NULL,NULL,739449,7,NULL,NULL,NULL,29,NULL,NULL,NULL,44,NULL),(0,'2023-06-16',NULL,1796591,NULL,NULL,NULL,851732,7,NULL,NULL,NULL,29,NULL,NULL,NULL,44,NULL),(0,'2023-06-30',NULL,1796774,NULL,NULL,NULL,856858,7,NULL,NULL,NULL,29,NULL,NULL,NULL,44,NULL),(0,'2023-06-30',NULL,1796791,NULL,NULL,NULL,848697,7,NULL,NULL,NULL,29,NULL,NULL,NULL,44,NULL),(0,'2023-07-12',NULL,1796868,NULL,NULL,NULL,839661,7,NULL,NULL,NULL,29,NULL,NULL,NULL,12,NULL),(0,'2023-07-07',NULL,1796926,NULL,NULL,NULL,856922,7,NULL,NULL,NULL,29,NULL,NULL,NULL,45,NULL),(0,'2023-07-18',NULL,1796942,NULL,NULL,NULL,856932,7,NULL,NULL,NULL,29,NULL,NULL,NULL,44,NULL),(0,'2023-07-13',NULL,1797403,NULL,NULL,NULL,113153,7,NULL,NULL,NULL,29,NULL,NULL,NULL,45,NULL),(0,'2023-07-19',NULL,1797407,NULL,NULL,NULL,857035,7,NULL,NULL,NULL,29,NULL,NULL,NULL,44,NULL),(0,'2023-07-20',NULL,1797555,NULL,NULL,NULL,168786,7,NULL,NULL,NULL,29,NULL,NULL,NULL,12,NULL),(0,'2023-08-09',NULL,1797563,NULL,NULL,NULL,760676,7,NULL,NULL,NULL,29,NULL,NULL,NULL,45,NULL),(0,'2023-08-10',NULL,1797870,NULL,NULL,NULL,846676,7,NULL,NULL,NULL,29,NULL,NULL,NULL,45,NULL),(0,'2023-08-09',NULL,1797877,NULL,NULL,NULL,846728,7,NULL,NULL,NULL,29,NULL,NULL,NULL,45,NULL),(0,'2023-08-02',NULL,1797897,NULL,NULL,NULL,710738,7,NULL,NULL,NULL,29,NULL,NULL,NULL,45,NULL),(0,'2023-08-03',NULL,1798049,NULL,NULL,NULL,766708,7,NULL,NULL,NULL,29,NULL,NULL,NULL,12,NULL),(0,'2023-08-03',NULL,1798052,NULL,NULL,NULL,857230,7,NULL,NULL,NULL,29,NULL,NULL,NULL,12,NULL),(0,'2023-08-09',NULL,1798364,NULL,NULL,NULL,857265,7,NULL,NULL,NULL,29,NULL,NULL,NULL,45,NULL),(0,'2023-08-18',NULL,1798514,NULL,NULL,NULL,132583,7,NULL,NULL,NULL,29,NULL,NULL,NULL,44,NULL),(0,'2023-08-18',NULL,1798516,NULL,NULL,NULL,854300,7,NULL,NULL,NULL,29,NULL,NULL,NULL,44,NULL),(0,'2023-08-25',NULL,1798626,NULL,NULL,NULL,715753,7,NULL,NULL,NULL,29,NULL,NULL,NULL,45,NULL),(0,'2023-08-24',NULL,1798675,NULL,NULL,NULL,106628,7,NULL,NULL,NULL,29,NULL,NULL,NULL,45,NULL),(0,'2023-08-24',NULL,1798676,NULL,NULL,NULL,106628,7,NULL,NULL,NULL,29,NULL,NULL,NULL,45,NULL),(0,'2023-08-29',NULL,1798835,NULL,NULL,NULL,809619,7,NULL,NULL,NULL,29,NULL,NULL,NULL,45,NULL),(0,'2023-08-25',NULL,1798856,NULL,NULL,NULL,851561,7,NULL,NULL,NULL,29,NULL,NULL,NULL,45,NULL),(0,'2023-09-05',NULL,1798973,NULL,NULL,NULL,757326,7,NULL,NULL,NULL,29,NULL,NULL,NULL,45,NULL),(0,'2023-09-01',NULL,1799058,NULL,NULL,NULL,121739,7,NULL,NULL,NULL,29,NULL,NULL,NULL,45,NULL),(0,'2023-09-01',NULL,1799091,NULL,NULL,NULL,20757,7,NULL,NULL,NULL,29,NULL,NULL,NULL,45,NULL),(0,'2023-09-27',NULL,1799235,NULL,NULL,NULL,160064,7,NULL,NULL,NULL,29,NULL,NULL,NULL,45,NULL),(0,'2023-09-19',NULL,1799582,NULL,NULL,NULL,713648,7,NULL,NULL,NULL,29,NULL,NULL,NULL,45,NULL),(0,'2023-09-20',NULL,1799690,NULL,NULL,NULL,857638,7,NULL,NULL,NULL,29,NULL,NULL,NULL,12,NULL),(0,'2023-09-22',NULL,1799707,NULL,NULL,NULL,17203,7,NULL,NULL,NULL,29,NULL,NULL,NULL,12,NULL),(0,'2023-10-04',NULL,1799752,NULL,NULL,NULL,847439,7,NULL,NULL,NULL,29,NULL,NULL,NULL,44,NULL),(0,'2023-09-27',NULL,1799967,NULL,NULL,NULL,849458,7,NULL,NULL,NULL,29,NULL,NULL,NULL,45,NULL),(0,'2023-10-02',NULL,1800042,NULL,NULL,NULL,629356,7,NULL,NULL,NULL,29,NULL,NULL,NULL,12,NULL),(0,'2023-10-06',NULL,1800089,NULL,NULL,NULL,857742,7,NULL,NULL,NULL,29,NULL,NULL,NULL,44,NULL),(0,'2023-10-19',NULL,1800373,NULL,NULL,NULL,27756,7,NULL,NULL,NULL,29,NULL,NULL,NULL,45,NULL),(0,'2023-10-05',NULL,1800375,NULL,NULL,NULL,123144,7,NULL,NULL,NULL,29,NULL,NULL,NULL,44,NULL),(0,'2023-10-12',NULL,1800454,NULL,NULL,NULL,715753,7,NULL,NULL,NULL,29,NULL,NULL,NULL,45,NULL),(0,'2023-10-17',NULL,1800466,NULL,NULL,NULL,857819,7,NULL,NULL,NULL,29,NULL,NULL,NULL,45,NULL),(0,'2023-10-10',NULL,1800739,NULL,NULL,NULL,857935,7,NULL,NULL,NULL,29,NULL,NULL,NULL,45,NULL),(0,'2023-10-25',NULL,1800848,NULL,NULL,NULL,103200,7,NULL,NULL,NULL,29,NULL,NULL,NULL,45,NULL),(0,'2023-10-26',NULL,1800898,NULL,NULL,NULL,797789,7,NULL,NULL,NULL,29,NULL,NULL,NULL,12,NULL),(0,'2023-11-13',NULL,1801107,NULL,NULL,NULL,182830,7,NULL,NULL,NULL,29,NULL,NULL,NULL,12,NULL),(0,'2023-10-30',NULL,1801111,NULL,NULL,NULL,28133,7,NULL,NULL,NULL,29,NULL,NULL,NULL,45,NULL),(0,'2023-11-02',NULL,1801335,NULL,NULL,NULL,858205,7,NULL,NULL,NULL,29,NULL,NULL,NULL,45,NULL),(0,'2023-11-11',NULL,1801392,NULL,NULL,NULL,858208,7,NULL,NULL,NULL,29,NULL,NULL,NULL,12,NULL),(0,'2023-11-11',NULL,1801486,NULL,NULL,NULL,846606,7,NULL,NULL,NULL,29,NULL,NULL,NULL,12,NULL),(0,'2023-11-23',NULL,1801761,NULL,NULL,NULL,855045,7,NULL,NULL,NULL,29,NULL,NULL,NULL,45,NULL),(0,'2023-11-23',NULL,1801981,NULL,NULL,NULL,98328,7,NULL,NULL,NULL,29,NULL,NULL,NULL,12,NULL),(0,'2023-11-28',NULL,1802027,NULL,NULL,NULL,761364,7,NULL,NULL,NULL,29,NULL,NULL,NULL,45,NULL),(0,'2023-12-11',NULL,1802042,NULL,NULL,NULL,851836,7,NULL,NULL,NULL,29,NULL,NULL,NULL,45,NULL),(0,'2023-12-05',NULL,1802043,NULL,NULL,NULL,852877,7,NULL,NULL,NULL,29,NULL,NULL,NULL,45,NULL),(0,'2023-12-11',NULL,1802447,NULL,NULL,NULL,858396,7,NULL,NULL,NULL,29,NULL,NULL,NULL,45,NULL),(0,'2023-12-23',NULL,1802480,NULL,NULL,NULL,803279,7,NULL,NULL,NULL,29,NULL,NULL,NULL,44,NULL),(0,'2023-12-15',NULL,1802567,NULL,NULL,NULL,734438,7,NULL,NULL,NULL,29,NULL,NULL,NULL,12,NULL),(0,'2023-12-23',NULL,1802681,NULL,NULL,NULL,630873,7,NULL,NULL,NULL,29,NULL,NULL,NULL,44,NULL),(0,'2023-12-28',NULL,1802810,NULL,NULL,NULL,853164,7,NULL,NULL,NULL,29,NULL,NULL,NULL,12,NULL),(0,'2023-12-28',NULL,1802943,NULL,NULL,NULL,858737,7,NULL,NULL,NULL,29,NULL,NULL,NULL,12,NULL),(0,'2023-12-19',NULL,1802974,NULL,NULL,NULL,850292,7,NULL,NULL,NULL,29,NULL,NULL,NULL,45,NULL),(0,'2023-12-26',NULL,1803064,NULL,NULL,NULL,858807,7,NULL,NULL,NULL,29,NULL,NULL,NULL,12,NULL),(0,'2024-01-02',NULL,1803385,NULL,NULL,NULL,850752,7,NULL,NULL,NULL,29,NULL,NULL,NULL,12,NULL),(0,'2024-01-04',NULL,1803503,NULL,NULL,NULL,859005,7,NULL,NULL,NULL,29,NULL,NULL,NULL,45,NULL),(0,'2024-01-04',NULL,1803504,NULL,NULL,NULL,859007,7,NULL,NULL,NULL,29,NULL,NULL,NULL,45,NULL),(0,'2024-01-05',NULL,1803674,NULL,NULL,NULL,118646,7,NULL,NULL,NULL,29,NULL,NULL,NULL,12,NULL),(0,'2024-01-18',NULL,1803733,NULL,NULL,NULL,850040,7,NULL,NULL,NULL,29,NULL,NULL,NULL,45,NULL),(0,'2024-01-05',NULL,1803735,NULL,NULL,NULL,114994,7,NULL,NULL,NULL,29,NULL,NULL,NULL,12,NULL),(0,'2024-01-05',NULL,1803742,NULL,NULL,NULL,158625,7,NULL,NULL,NULL,29,NULL,NULL,NULL,12,NULL),(0,'2024-01-18',NULL,1803954,NULL,NULL,NULL,802098,7,NULL,NULL,NULL,29,NULL,NULL,NULL,12,NULL),(0,'2024-01-18',NULL,1803955,NULL,NULL,NULL,859157,7,NULL,NULL,NULL,29,NULL,NULL,NULL,12,NULL),(0,'2024-01-12',NULL,1804095,NULL,NULL,NULL,114749,7,NULL,NULL,NULL,29,NULL,NULL,NULL,45,NULL),(0,'2024-01-23',NULL,1804147,NULL,NULL,NULL,142182,7,NULL,NULL,NULL,29,NULL,NULL,NULL,45,NULL),(0,'2024-02-08',NULL,1804438,NULL,NULL,NULL,101367,7,NULL,NULL,NULL,29,NULL,NULL,NULL,12,NULL),(0,'2024-02-02',NULL,1804547,NULL,NULL,NULL,859285,7,NULL,NULL,NULL,29,NULL,NULL,NULL,12,NULL),(0,'2024-02-07',NULL,1804699,NULL,NULL,NULL,859435,7,NULL,NULL,NULL,29,NULL,NULL,NULL,12,NULL),(0,'2024-02-01',NULL,1804701,NULL,NULL,NULL,846742,7,NULL,NULL,NULL,29,NULL,NULL,NULL,12,NULL),(0,'2024-02-07',NULL,1804783,NULL,NULL,NULL,857297,7,NULL,NULL,NULL,29,NULL,NULL,NULL,12,NULL),(0,'2024-02-08',NULL,1804870,NULL,NULL,NULL,859549,7,NULL,NULL,NULL,29,NULL,NULL,NULL,12,NULL),(0,'2024-02-22',NULL,1804924,NULL,NULL,NULL,859571,7,NULL,NULL,NULL,29,NULL,NULL,NULL,45,NULL),(0,'2024-02-15',NULL,1805040,NULL,NULL,NULL,177673,7,NULL,NULL,NULL,29,NULL,NULL,NULL,45,NULL),(0,'2024-02-09',NULL,1805206,NULL,NULL,NULL,818281,7,NULL,NULL,NULL,29,NULL,NULL,NULL,12,NULL),(0,'2024-02-15',NULL,1805310,NULL,NULL,NULL,783591,7,NULL,NULL,NULL,29,NULL,NULL,NULL,45,NULL),(0,'2024-02-20',NULL,1805315,NULL,NULL,NULL,859715,7,NULL,NULL,NULL,29,NULL,NULL,NULL,45,NULL),(0,'2024-02-29',NULL,1805316,NULL,NULL,NULL,17272,7,NULL,NULL,NULL,29,NULL,NULL,NULL,12,NULL),(0,'2024-02-29',NULL,1805334,NULL,NULL,NULL,735075,7,NULL,NULL,NULL,29,NULL,NULL,NULL,12,NULL),(0,'2024-02-29',NULL,1805340,NULL,NULL,NULL,17272,7,NULL,NULL,NULL,29,NULL,NULL,NULL,12,NULL),(0,'2024-02-29',NULL,1805406,NULL,NULL,NULL,859748,7,NULL,NULL,NULL,29,NULL,NULL,NULL,12,NULL),(0,'2024-02-22',NULL,1805460,NULL,NULL,NULL,100924,7,NULL,NULL,NULL,29,NULL,NULL,NULL,45,NULL),(0,'2024-02-22',NULL,1805489,NULL,NULL,NULL,774231,7,NULL,NULL,NULL,29,NULL,NULL,NULL,45,NULL),(0,'2024-02-26',NULL,1805516,NULL,NULL,NULL,859828,7,NULL,NULL,NULL,29,NULL,NULL,NULL,45,NULL),(0,'2024-02-26',NULL,1805655,NULL,NULL,NULL,859900,7,NULL,NULL,NULL,29,NULL,NULL,NULL,45,NULL),(0,'2024-02-29',NULL,1805745,NULL,NULL,NULL,859960,7,NULL,NULL,NULL,29,NULL,NULL,NULL,12,NULL),(0,'2024-02-29',NULL,1805763,NULL,NULL,NULL,194910,7,NULL,NULL,NULL,29,NULL,NULL,NULL,12,NULL),(0,'2023-04-25',NULL,1794311,NULL,NULL,NULL,856190,7,NULL,NULL,NULL,31,NULL,NULL,NULL,27,NULL),(0,'2023-05-09',NULL,1794829,NULL,NULL,NULL,820888,7,NULL,NULL,NULL,31,NULL,NULL,NULL,27,NULL),(0,'2023-06-15',NULL,1796003,NULL,NULL,NULL,856649,7,NULL,NULL,NULL,31,NULL,NULL,NULL,27,NULL),(0,'2023-06-15',NULL,1796135,NULL,NULL,NULL,856714,7,NULL,NULL,NULL,31,NULL,NULL,NULL,27,NULL),(0,'2023-07-13',NULL,1796759,NULL,NULL,NULL,773480,7,NULL,NULL,NULL,31,NULL,NULL,NULL,27,NULL),(0,'2023-07-21',NULL,1797362,NULL,NULL,NULL,857031,7,NULL,NULL,NULL,31,NULL,NULL,NULL,27,NULL),(0,'2023-09-01',NULL,1797477,NULL,NULL,NULL,183488,7,NULL,NULL,NULL,31,NULL,NULL,NULL,27,NULL),(0,'2023-08-16',NULL,1797478,NULL,NULL,NULL,715869,7,NULL,NULL,NULL,31,NULL,NULL,NULL,27,NULL),(0,'2023-08-16',NULL,1797498,NULL,NULL,NULL,857068,7,NULL,NULL,NULL,31,NULL,NULL,NULL,27,NULL),(0,'2023-07-24',NULL,1797586,NULL,NULL,NULL,857077,7,NULL,NULL,NULL,31,NULL,NULL,NULL,27,NULL),(0,'2023-08-16',NULL,1797829,NULL,NULL,NULL,857171,7,NULL,NULL,NULL,31,NULL,NULL,NULL,81,NULL),(0,'2023-08-29',NULL,1797990,NULL,NULL,NULL,857213,7,NULL,NULL,NULL,31,NULL,NULL,NULL,27,NULL),(0,'2023-09-11',NULL,1798567,NULL,NULL,NULL,851490,7,NULL,NULL,NULL,31,NULL,NULL,NULL,27,NULL),(0,'2023-09-06',NULL,1798596,NULL,NULL,NULL,763560,7,NULL,NULL,NULL,31,NULL,NULL,NULL,27,NULL),(0,'2023-09-26',NULL,1799130,NULL,NULL,NULL,857519,7,NULL,NULL,NULL,31,NULL,NULL,NULL,27,NULL),(0,'2023-10-09',NULL,1800227,NULL,NULL,NULL,857796,7,NULL,NULL,NULL,31,NULL,NULL,NULL,27,NULL),(0,'2023-11-14',NULL,1800336,NULL,NULL,NULL,705178,7,NULL,NULL,NULL,31,NULL,NULL,NULL,27,NULL),(0,'2023-11-14',NULL,1800752,NULL,NULL,NULL,857945,7,NULL,NULL,NULL,31,NULL,NULL,NULL,27,NULL),(0,'2023-11-02',NULL,1801025,NULL,NULL,NULL,858060,7,NULL,NULL,NULL,31,NULL,NULL,NULL,27,NULL),(0,'2023-11-14',NULL,1801037,NULL,NULL,NULL,858061,7,NULL,NULL,NULL,31,NULL,NULL,NULL,27,NULL),(0,'2023-11-23',NULL,1801150,NULL,NULL,NULL,858110,7,NULL,NULL,NULL,31,NULL,NULL,NULL,27,NULL),(0,'2023-12-12',NULL,1802260,NULL,NULL,NULL,858513,7,NULL,NULL,NULL,31,NULL,NULL,NULL,27,NULL),(0,'2024-01-30',NULL,1802313,NULL,NULL,NULL,827532,7,NULL,NULL,NULL,31,NULL,NULL,NULL,27,NULL),(0,'2023-12-27',NULL,1803035,NULL,NULL,NULL,200139,7,NULL,NULL,NULL,31,NULL,NULL,NULL,27,NULL),(0,'2024-01-08',NULL,1803492,NULL,NULL,NULL,859018,7,NULL,NULL,NULL,31,NULL,NULL,NULL,27,NULL),(0,'2024-01-11',NULL,1803619,NULL,NULL,NULL,859049,7,NULL,NULL,NULL,31,NULL,NULL,NULL,27,NULL),(0,'2024-01-23',NULL,1803941,NULL,NULL,NULL,851848,7,NULL,NULL,NULL,31,NULL,NULL,NULL,27,NULL),(0,'2024-01-30',NULL,1804167,NULL,NULL,NULL,151424,7,NULL,NULL,NULL,31,NULL,NULL,NULL,27,NULL),(0,'2024-02-01',NULL,1804493,NULL,NULL,NULL,859340,7,NULL,NULL,NULL,31,NULL,NULL,NULL,27,NULL),(0,'2024-02-10',NULL,1804511,NULL,NULL,NULL,859431,7,NULL,NULL,NULL,31,NULL,NULL,NULL,27,NULL),(0,'2024-02-10',NULL,1804513,NULL,NULL,NULL,782096,7,NULL,NULL,NULL,31,NULL,NULL,NULL,27,NULL),(0,'2023-02-22',NULL,1793315,NULL,NULL,NULL,750565,7,NULL,NULL,NULL,30,NULL,NULL,NULL,27,NULL),(0,'2023-03-09',NULL,1793488,NULL,NULL,NULL,701886,7,NULL,NULL,NULL,30,NULL,NULL,NULL,27,NULL),(0,'2023-03-09',NULL,1793568,NULL,NULL,NULL,703175,7,NULL,NULL,NULL,30,NULL,NULL,NULL,27,NULL),(0,'2023-03-29',NULL,1794038,NULL,NULL,NULL,765922,7,NULL,NULL,NULL,30,NULL,NULL,NULL,27,NULL),(0,'2023-10-24',NULL,1800368,NULL,NULL,NULL,146701,7,NULL,NULL,NULL,30,NULL,NULL,NULL,84,NULL),(0,'2023-02-11',NULL,1793519,NULL,NULL,NULL,744980,7,NULL,NULL,NULL,32,NULL,NULL,NULL,84,NULL),(0,'2023-02-11',NULL,1793543,NULL,NULL,NULL,732857,7,NULL,NULL,NULL,32,NULL,NULL,NULL,84,NULL),(0,'2023-03-03',NULL,1793844,NULL,NULL,NULL,845613,7,NULL,NULL,NULL,32,NULL,NULL,NULL,84,NULL),(0,'2023-04-01',NULL,1794241,NULL,NULL,NULL,501169,7,NULL,NULL,NULL,32,NULL,NULL,NULL,84,NULL),(0,'2023-04-17',NULL,1794433,NULL,NULL,NULL,779372,7,NULL,NULL,NULL,32,NULL,NULL,NULL,84,NULL),(0,'2023-05-10',NULL,1794952,NULL,NULL,NULL,768917,7,NULL,NULL,NULL,32,NULL,NULL,NULL,84,NULL),(0,'2023-05-10',NULL,1795151,NULL,NULL,NULL,856430,7,NULL,NULL,NULL,32,NULL,NULL,NULL,84,NULL),(0,'2023-05-30',NULL,1795904,NULL,NULL,NULL,829829,7,NULL,NULL,NULL,32,NULL,NULL,NULL,84,NULL),(0,'2023-06-16',NULL,1796474,NULL,NULL,NULL,726003,7,NULL,NULL,NULL,32,NULL,NULL,NULL,84,NULL),(0,'2023-06-16',NULL,1796563,NULL,NULL,NULL,831138,7,NULL,NULL,NULL,32,NULL,NULL,NULL,84,NULL),(0,'2023-07-26',NULL,1797366,NULL,NULL,NULL,500749,7,NULL,NULL,NULL,32,NULL,NULL,NULL,84,NULL),(0,'2023-07-29',NULL,1797593,NULL,NULL,NULL,857097,7,NULL,NULL,NULL,32,NULL,NULL,NULL,84,NULL),(0,'2023-08-12',NULL,1797846,NULL,NULL,NULL,857168,7,NULL,NULL,NULL,32,NULL,NULL,NULL,84,NULL),(0,'2023-08-12',NULL,1798070,NULL,NULL,NULL,848980,7,NULL,NULL,NULL,32,NULL,NULL,NULL,84,NULL),(0,'2023-08-12',NULL,1798081,NULL,NULL,NULL,779474,7,NULL,NULL,NULL,32,NULL,NULL,NULL,84,NULL),(0,'2023-08-12',NULL,1798141,NULL,NULL,NULL,770652,7,NULL,NULL,NULL,32,NULL,NULL,NULL,84,NULL),(0,'2023-08-12',NULL,1798421,NULL,NULL,NULL,734672,7,NULL,NULL,NULL,32,NULL,NULL,NULL,84,NULL),(0,'2023-08-22',NULL,1798480,NULL,NULL,NULL,180116,7,NULL,NULL,NULL,32,NULL,NULL,NULL,84,NULL),(0,'2023-08-22',NULL,1798481,NULL,NULL,NULL,180116,7,NULL,NULL,NULL,32,NULL,NULL,NULL,84,NULL),(0,'2023-08-22',NULL,1798533,NULL,NULL,NULL,796499,7,NULL,NULL,NULL,32,NULL,NULL,NULL,84,NULL),(0,'2023-08-22',NULL,1798638,NULL,NULL,NULL,786049,7,NULL,NULL,NULL,32,NULL,NULL,NULL,84,NULL),(0,'2023-08-22',NULL,1798640,NULL,NULL,NULL,791461,7,NULL,NULL,NULL,32,NULL,NULL,NULL,84,NULL),(0,'2023-09-07',NULL,1798702,NULL,NULL,NULL,814636,7,NULL,NULL,NULL,32,NULL,NULL,NULL,84,NULL),(0,'2023-08-25',NULL,1798771,NULL,NULL,NULL,187098,7,NULL,NULL,NULL,32,NULL,NULL,NULL,84,NULL),(0,'2023-09-07',NULL,1799133,NULL,NULL,NULL,857523,7,NULL,NULL,NULL,32,NULL,NULL,NULL,84,NULL),(0,'2023-09-15',NULL,1799279,NULL,NULL,NULL,857529,7,NULL,NULL,NULL,32,NULL,NULL,NULL,84,NULL),(0,'2023-09-15',NULL,1799295,NULL,NULL,NULL,857557,7,NULL,NULL,NULL,32,NULL,NULL,NULL,84,NULL),(0,'2023-09-15',NULL,1799665,NULL,NULL,NULL,152600,7,NULL,NULL,NULL,32,NULL,NULL,NULL,84,NULL),(0,'2023-09-21',NULL,1799756,NULL,NULL,NULL,510555,7,NULL,NULL,NULL,32,NULL,NULL,NULL,84,NULL),(0,'2023-10-06',NULL,1800129,NULL,NULL,NULL,857766,7,NULL,NULL,NULL,32,NULL,NULL,NULL,84,NULL),(0,'2023-10-06',NULL,1800265,NULL,NULL,NULL,166528,7,NULL,NULL,NULL,32,NULL,NULL,NULL,84,NULL),(0,'2023-10-06',NULL,1800267,NULL,NULL,NULL,506736,7,NULL,NULL,NULL,32,NULL,NULL,NULL,84,NULL),(0,'2023-09-30',NULL,1800268,NULL,NULL,NULL,812157,7,NULL,NULL,NULL,32,NULL,NULL,NULL,84,NULL),(0,'2023-10-09',NULL,1800705,NULL,NULL,NULL,65273,7,NULL,NULL,NULL,32,NULL,NULL,NULL,84,NULL),(0,'2023-11-13',NULL,1800893,NULL,NULL,NULL,830500,7,NULL,NULL,NULL,32,NULL,NULL,NULL,84,NULL),(0,'2023-11-13',NULL,1800977,NULL,NULL,NULL,852108,7,NULL,NULL,NULL,32,NULL,NULL,NULL,84,NULL),(0,'2023-11-08',NULL,1801386,NULL,NULL,NULL,608559,7,NULL,NULL,NULL,32,NULL,NULL,NULL,84,NULL),(0,'2023-11-13',NULL,1801458,NULL,NULL,NULL,808206,7,NULL,NULL,NULL,32,NULL,NULL,NULL,84,NULL),(0,'2023-11-13',NULL,1801489,NULL,NULL,NULL,858253,7,NULL,NULL,NULL,32,NULL,NULL,NULL,84,NULL),(0,'2023-11-25',NULL,1801966,NULL,NULL,NULL,855354,7,NULL,NULL,NULL,32,NULL,NULL,NULL,84,NULL),(0,'2023-12-06',NULL,1802023,NULL,NULL,NULL,804276,7,NULL,NULL,NULL,32,NULL,NULL,NULL,84,NULL),(0,'2023-12-22',NULL,1803085,NULL,NULL,NULL,603165,7,NULL,NULL,NULL,32,NULL,NULL,NULL,84,NULL),(0,'2023-12-30',NULL,1803147,NULL,NULL,NULL,858823,7,NULL,NULL,NULL,32,NULL,NULL,NULL,84,NULL),(0,'2023-12-22',NULL,1803229,NULL,NULL,NULL,858845,7,NULL,NULL,NULL,32,NULL,NULL,NULL,84,NULL),(0,'2023-12-30',NULL,1803318,NULL,NULL,NULL,715915,7,NULL,NULL,NULL,32,NULL,NULL,NULL,84,NULL),(0,'2024-01-13',NULL,1803478,NULL,NULL,NULL,770634,7,NULL,NULL,NULL,32,NULL,NULL,NULL,84,NULL),(0,'2024-01-31',NULL,1804327,NULL,NULL,NULL,515698,7,NULL,NULL,NULL,32,NULL,NULL,NULL,84,NULL),(0,'2024-01-31',NULL,1804456,NULL,NULL,NULL,503164,7,NULL,NULL,NULL,32,NULL,NULL,NULL,84,NULL),(0,'2024-02-20',NULL,1804531,NULL,NULL,NULL,859404,7,NULL,NULL,NULL,32,NULL,NULL,NULL,84,NULL),(0,'2024-02-20',NULL,1804536,NULL,NULL,NULL,857287,7,NULL,NULL,NULL,32,NULL,NULL,NULL,84,NULL),(0,'2024-02-20',NULL,1805031,NULL,NULL,NULL,768917,7,NULL,NULL,NULL,32,NULL,NULL,NULL,84,NULL),(0,'2024-02-20',NULL,1805200,NULL,NULL,NULL,65549,7,NULL,NULL,NULL,32,NULL,NULL,NULL,84,NULL),(0,'2024-02-24',NULL,1805537,NULL,NULL,NULL,797029,7,NULL,NULL,NULL,32,NULL,NULL,NULL,84,NULL),(0,'2023-01-19',NULL,1792996,NULL,NULL,NULL,756914,7,NULL,NULL,NULL,33,NULL,NULL,NULL,29,NULL),(0,'2023-01-18',NULL,1793002,NULL,NULL,NULL,767920,7,NULL,NULL,NULL,33,NULL,NULL,NULL,29,NULL),(0,'2023-01-18',NULL,1793067,NULL,NULL,NULL,627406,7,NULL,NULL,NULL,33,NULL,NULL,NULL,29,NULL),(0,'2023-01-19',NULL,1793241,NULL,NULL,NULL,852967,7,NULL,NULL,NULL,33,NULL,NULL,NULL,29,NULL),(0,'2023-02-03',NULL,1793274,NULL,NULL,NULL,738564,7,NULL,NULL,NULL,33,NULL,NULL,NULL,29,NULL),(0,'2023-02-03',NULL,1793311,NULL,NULL,NULL,795649,7,NULL,NULL,NULL,33,NULL,NULL,NULL,29,NULL),(0,'2023-02-23',NULL,1793396,NULL,NULL,NULL,731162,7,NULL,NULL,NULL,33,NULL,NULL,NULL,29,NULL),(0,'2023-02-17',NULL,1793455,NULL,NULL,NULL,844991,7,NULL,NULL,NULL,33,NULL,NULL,NULL,29,NULL),(0,'2023-02-14',NULL,1793509,NULL,NULL,NULL,302658,7,NULL,NULL,NULL,33,NULL,NULL,NULL,29,NULL),(0,'2023-02-24',NULL,1793643,NULL,NULL,NULL,856020,7,NULL,NULL,NULL,33,NULL,NULL,NULL,29,NULL),(0,'2023-03-08',NULL,1793886,NULL,NULL,NULL,758720,7,NULL,NULL,NULL,33,NULL,NULL,NULL,29,NULL),(0,'2023-03-30',NULL,1794031,NULL,NULL,NULL,138473,7,NULL,NULL,NULL,33,NULL,NULL,NULL,29,NULL),(0,'2023-04-03',NULL,1794179,NULL,NULL,NULL,174705,7,NULL,NULL,NULL,33,NULL,NULL,NULL,29,NULL),(0,'2023-03-29',NULL,1794188,NULL,NULL,NULL,785209,7,NULL,NULL,NULL,33,NULL,NULL,NULL,29,NULL),(0,'2023-03-20',NULL,1794216,NULL,NULL,NULL,856100,7,NULL,NULL,NULL,33,NULL,NULL,NULL,29,NULL),(0,'2023-03-30',NULL,1794222,NULL,NULL,NULL,822495,7,NULL,NULL,NULL,33,NULL,NULL,NULL,29,NULL),(0,'2023-04-03',NULL,1794226,NULL,NULL,NULL,771634,7,NULL,NULL,NULL,33,NULL,NULL,NULL,29,NULL),(0,'2023-03-29',NULL,1794272,NULL,NULL,NULL,312045,7,NULL,NULL,NULL,33,NULL,NULL,NULL,29,NULL),(0,'2023-05-02',NULL,1794392,NULL,NULL,NULL,766278,7,NULL,NULL,NULL,33,NULL,NULL,NULL,29,NULL),(0,'2023-04-19',NULL,1794513,NULL,NULL,NULL,309469,7,NULL,NULL,NULL,33,NULL,NULL,NULL,29,NULL),(0,'2023-04-19',NULL,1794516,NULL,NULL,NULL,605449,7,NULL,NULL,NULL,33,NULL,NULL,NULL,29,NULL),(0,'2023-05-02',NULL,1794760,NULL,NULL,NULL,744539,7,NULL,NULL,NULL,33,NULL,NULL,NULL,29,NULL),(0,'2023-05-17',NULL,1794861,NULL,NULL,NULL,187877,7,NULL,NULL,NULL,33,NULL,NULL,NULL,29,NULL),(0,'2023-05-05',NULL,1795146,NULL,NULL,NULL,856434,7,NULL,NULL,NULL,33,NULL,NULL,NULL,29,NULL),(0,'2023-05-17',NULL,1795371,NULL,NULL,NULL,856506,7,NULL,NULL,NULL,33,NULL,NULL,NULL,29,NULL),(0,'2023-05-17',NULL,1795528,NULL,NULL,NULL,705844,7,NULL,NULL,NULL,33,NULL,NULL,NULL,29,NULL),(0,'2023-05-23',NULL,1795530,NULL,NULL,NULL,301495,7,NULL,NULL,NULL,33,NULL,NULL,NULL,29,NULL),(0,'2023-05-23',NULL,1795537,NULL,NULL,NULL,611853,7,NULL,NULL,NULL,33,NULL,NULL,NULL,29,NULL),(0,'2023-06-09',NULL,1796012,NULL,NULL,NULL,791159,7,NULL,NULL,NULL,33,NULL,NULL,NULL,29,NULL),(0,'2023-06-09',NULL,1796207,NULL,NULL,NULL,140431,7,NULL,NULL,NULL,33,NULL,NULL,NULL,29,NULL),(0,'2023-06-15',NULL,1796453,NULL,NULL,NULL,709930,7,NULL,NULL,NULL,33,NULL,NULL,NULL,29,NULL),(0,'2023-06-16',NULL,1796556,NULL,NULL,NULL,793008,7,NULL,NULL,NULL,33,NULL,NULL,NULL,29,NULL),(0,'2023-06-26',NULL,1796593,NULL,NULL,NULL,856820,7,NULL,NULL,NULL,33,NULL,NULL,NULL,29,NULL),(0,'2023-08-03',NULL,1796972,NULL,NULL,NULL,188716,7,NULL,NULL,NULL,33,NULL,NULL,NULL,29,NULL),(0,'2023-08-15',NULL,1797991,NULL,NULL,NULL,751367,7,NULL,NULL,NULL,33,NULL,NULL,NULL,29,NULL),(0,'2023-09-05',NULL,1798030,NULL,NULL,NULL,825232,7,NULL,NULL,NULL,33,NULL,NULL,NULL,29,NULL),(0,'2023-08-16',NULL,1798372,NULL,NULL,NULL,305732,7,NULL,NULL,NULL,33,NULL,NULL,NULL,29,NULL),(0,'2023-12-06',NULL,1798378,NULL,NULL,NULL,855561,7,NULL,NULL,NULL,33,NULL,NULL,NULL,29,NULL),(0,'2023-08-16',NULL,1798379,NULL,NULL,NULL,750457,7,NULL,NULL,NULL,33,NULL,NULL,NULL,29,NULL),(0,'2023-08-16',NULL,1798561,NULL,NULL,NULL,767052,7,NULL,NULL,NULL,33,NULL,NULL,NULL,29,NULL),(0,'2023-09-07',NULL,1798621,NULL,NULL,NULL,705886,7,NULL,NULL,NULL,33,NULL,NULL,NULL,29,NULL),(0,'2023-08-25',NULL,1798648,NULL,NULL,NULL,857350,7,NULL,NULL,NULL,33,NULL,NULL,NULL,29,NULL),(0,'2023-12-22',NULL,1798814,NULL,NULL,NULL,725226,7,NULL,NULL,NULL,33,NULL,NULL,NULL,29,NULL),(0,'2023-09-04',NULL,1798877,NULL,NULL,NULL,798371,7,NULL,NULL,NULL,33,NULL,NULL,NULL,29,NULL),(0,'2023-09-05',NULL,1798927,NULL,NULL,NULL,857442,7,NULL,NULL,NULL,33,NULL,NULL,NULL,29,NULL),(0,'2023-09-05',NULL,1798930,NULL,NULL,NULL,857442,7,NULL,NULL,NULL,33,NULL,NULL,NULL,29,NULL),(0,'2023-09-13',NULL,1798941,NULL,NULL,NULL,136716,7,NULL,NULL,NULL,33,NULL,NULL,NULL,29,NULL),(0,'2023-09-04',NULL,1798946,NULL,NULL,NULL,841880,7,NULL,NULL,NULL,33,NULL,NULL,NULL,29,NULL),(0,'2023-10-02',NULL,1799118,NULL,NULL,NULL,857514,7,NULL,NULL,NULL,33,NULL,NULL,NULL,29,NULL),(0,'2023-09-18',NULL,1799301,NULL,NULL,NULL,857566,7,NULL,NULL,NULL,33,NULL,NULL,NULL,29,NULL),(0,'2023-09-22',NULL,1799302,NULL,NULL,NULL,857567,7,NULL,NULL,NULL,33,NULL,NULL,NULL,29,NULL),(0,'2023-10-02',NULL,1799307,NULL,NULL,NULL,857582,7,NULL,NULL,NULL,33,NULL,NULL,NULL,29,NULL),(0,'2023-10-02',NULL,1799529,NULL,NULL,NULL,621406,7,NULL,NULL,NULL,33,NULL,NULL,NULL,29,NULL),(0,'2023-09-18',NULL,1799537,NULL,NULL,NULL,779172,7,NULL,NULL,NULL,33,NULL,NULL,NULL,29,NULL),(0,'2023-09-26',NULL,1799612,NULL,NULL,NULL,751147,7,NULL,NULL,NULL,33,NULL,NULL,NULL,29,NULL),(0,'2023-09-26',NULL,1799614,NULL,NULL,NULL,744244,7,NULL,NULL,NULL,33,NULL,NULL,NULL,29,NULL),(0,'2023-09-26',NULL,1799615,NULL,NULL,NULL,763206,7,NULL,NULL,NULL,33,NULL,NULL,NULL,29,NULL),(0,'2023-10-12',NULL,1800219,NULL,NULL,NULL,831540,7,NULL,NULL,NULL,33,NULL,NULL,NULL,29,NULL),(0,'2023-10-27',NULL,1800719,NULL,NULL,NULL,810320,7,NULL,NULL,NULL,33,NULL,NULL,NULL,29,NULL),(0,'2023-11-01',NULL,1801041,NULL,NULL,NULL,745578,7,NULL,NULL,NULL,33,NULL,NULL,NULL,29,NULL),(0,'2023-11-16',NULL,1801077,NULL,NULL,NULL,838885,7,NULL,NULL,NULL,33,NULL,NULL,NULL,29,NULL),(0,'2023-11-09',NULL,1801371,NULL,NULL,NULL,857754,7,NULL,NULL,NULL,33,NULL,NULL,NULL,29,NULL),(0,'2023-12-04',NULL,1801765,NULL,NULL,NULL,858313,7,NULL,NULL,NULL,33,NULL,NULL,NULL,29,NULL),(0,'2023-11-28',NULL,1801767,NULL,NULL,NULL,630155,7,NULL,NULL,NULL,33,NULL,NULL,NULL,29,NULL),(0,'2023-12-12',NULL,1802256,NULL,NULL,NULL,300492,7,NULL,NULL,NULL,33,NULL,NULL,NULL,29,NULL),(0,'2023-12-06',NULL,1802404,NULL,NULL,NULL,706016,7,NULL,NULL,NULL,33,NULL,NULL,NULL,29,NULL),(0,'2023-12-12',NULL,1802591,NULL,NULL,NULL,858692,7,NULL,NULL,NULL,33,NULL,NULL,NULL,29,NULL),(0,'2024-01-03',NULL,1802652,NULL,NULL,NULL,848098,7,NULL,NULL,NULL,33,NULL,NULL,NULL,29,NULL),(0,'2023-12-22',NULL,1802744,NULL,NULL,NULL,819090,7,NULL,NULL,NULL,33,NULL,NULL,NULL,29,NULL),(0,'2024-01-02',NULL,1803014,NULL,NULL,NULL,836545,7,NULL,NULL,NULL,33,NULL,NULL,NULL,29,NULL),(0,'2024-01-10',NULL,1803119,NULL,NULL,NULL,314188,7,NULL,NULL,NULL,33,NULL,NULL,NULL,29,NULL),(0,'2024-01-02',NULL,1803158,NULL,NULL,NULL,796813,7,NULL,NULL,NULL,33,NULL,NULL,NULL,29,NULL),(0,'2024-01-11',NULL,1803608,NULL,NULL,NULL,309713,7,NULL,NULL,NULL,33,NULL,NULL,NULL,29,NULL),(0,'2024-01-26',NULL,1803803,NULL,NULL,NULL,306214,7,NULL,NULL,NULL,33,NULL,NULL,NULL,29,NULL),(0,'2024-02-01',NULL,1803938,NULL,NULL,NULL,859155,7,NULL,NULL,NULL,33,NULL,NULL,NULL,29,NULL),(0,'2024-02-01',NULL,1803939,NULL,NULL,NULL,859155,7,NULL,NULL,NULL,33,NULL,NULL,NULL,29,NULL),(0,'2024-01-26',NULL,1804049,NULL,NULL,NULL,859170,7,NULL,NULL,NULL,33,NULL,NULL,NULL,29,NULL),(0,'2024-01-26',NULL,1804098,NULL,NULL,NULL,859180,7,NULL,NULL,NULL,33,NULL,NULL,NULL,29,NULL),(0,'2024-01-26',NULL,1804099,NULL,NULL,NULL,859192,7,NULL,NULL,NULL,33,NULL,NULL,NULL,29,NULL),(0,'2024-01-26',NULL,1804164,NULL,NULL,NULL,859228,7,NULL,NULL,NULL,33,NULL,NULL,NULL,29,NULL),(0,'2024-02-06',NULL,1804166,NULL,NULL,NULL,800117,7,NULL,NULL,NULL,33,NULL,NULL,NULL,29,NULL),(0,'2024-02-19',NULL,1804394,NULL,NULL,NULL,859334,7,NULL,NULL,NULL,33,NULL,NULL,NULL,29,NULL),(0,'2024-02-06',NULL,1804466,NULL,NULL,NULL,775644,7,NULL,NULL,NULL,33,NULL,NULL,NULL,29,NULL),(0,'2024-02-09',NULL,1804716,NULL,NULL,NULL,859461,7,NULL,NULL,NULL,33,NULL,NULL,NULL,29,NULL),(0,'2024-02-19',NULL,1804718,NULL,NULL,NULL,850776,7,NULL,NULL,NULL,33,NULL,NULL,NULL,29,NULL),(0,'2024-02-09',NULL,1804737,NULL,NULL,NULL,859483,7,NULL,NULL,NULL,33,NULL,NULL,NULL,29,NULL),(0,'2024-02-22',NULL,1805246,NULL,NULL,NULL,859683,7,NULL,NULL,NULL,33,NULL,NULL,NULL,29,NULL),(0,'2024-02-28',NULL,1805356,NULL,NULL,NULL,859741,7,NULL,NULL,NULL,33,NULL,NULL,NULL,29,NULL),(0,'2023-10-04',NULL,1796161,NULL,NULL,NULL,141399,7,NULL,NULL,NULL,NULL,NULL,NULL,NULL,44,NULL),(0,'2024-02-22',NULL,1803098,NULL,NULL,NULL,779498,7,NULL,NULL,NULL,NULL,NULL,NULL,NULL,84,NULL);
/*!40000 ALTER TABLE `tarjetas2` ENABLE KEYS */;
UNLOCK TABLES;

--
-- Table structure for table `tipos`
--

DROP TABLE IF EXISTS `tipos`;
/*!40101 SET @saved_cs_client     = @@character_set_client */;
/*!50503 SET character_set_client = utf8mb4 */;
CREATE TABLE `tipos` (
  `id` int NOT NULL AUTO_INCREMENT,
  `nombre` varchar(45) COLLATE utf8_bin NOT NULL,
  PRIMARY KEY (`id`)
) ENGINE=InnoDB AUTO_INCREMENT=3 DEFAULT CHARSET=utf8mb3 COLLATE=utf8_bin;
/*!40101 SET character_set_client = @saved_cs_client */;

--
-- Dumping data for table `tipos`
--

LOCK TABLES `tipos` WRITE;
/*!40000 ALTER TABLE `tipos` DISABLE KEYS */;
INSERT INTO `tipos` VALUES (1,'Sucursal'),(2,'Correo');
/*!40000 ALTER TABLE `tipos` ENABLE KEYS */;
UNLOCK TABLES;

--
-- Table structure for table `ubicaciones`
--

DROP TABLE IF EXISTS `ubicaciones`;
/*!40101 SET @saved_cs_client     = @@character_set_client */;
/*!50503 SET character_set_client = utf8mb4 */;
CREATE TABLE `ubicaciones` (
  `id` int NOT NULL AUTO_INCREMENT,
  `nombre` varchar(45) COLLATE utf8_bin NOT NULL,
  `tipo` int NOT NULL,
  `email` varchar(50) COLLATE utf8_bin DEFAULT NULL,
  PRIMARY KEY (`id`),
  KEY `fk_tipos` (`tipo`),
  CONSTRAINT `fk_tipos` FOREIGN KEY (`tipo`) REFERENCES `tipos` (`id`)
) ENGINE=InnoDB AUTO_INCREMENT=35 DEFAULT CHARSET=utf8mb3 COLLATE=utf8_bin;
/*!40101 SET character_set_client = @saved_cs_client */;

--
-- Dumping data for table `ubicaciones`
--

LOCK TABLES `ubicaciones` WRITE;
/*!40000 ALTER TABLE `ubicaciones` DISABLE KEYS */;
INSERT INTO `ubicaciones` VALUES (17,'Tucuman',1,'leonardo_papa@hotmail.com'),(18,'Banda Rio Sali',1,'leonardo_papa@hotmail.com'),(19,'Concepcion',1,'leonardo_papa@hotmail.com'),(20,'Santiago',1,'leonardo_papa@hotmail.com'),(21,'La Banda',1,'leonardo_papa@hotmail.com'),(22,'Salta',1,'leonardo_papa@hotmail.com'),(23,'Orán',1,'leonardo_papa@hotmail.com'),(24,'Tartagal',1,'leonardo_papa@hotmail.com'),(25,'Jujuy',1,'leonardo_papa@hotmail.com'),(26,'San Pedro',1,'leonardo_papa@hotmail.com'),(27,'Libretador',1,'leonardo_papa@hotmail.com'),(28,'Yerba Buena',1,'leonardo_papa@hotmail.com'),(29,'Servicios Modernos',2,'leonardo_papa@hotmail.com'),(30,'Flash',2,'leonardo_papa@hotmail.com'),(31,'Coprisa',2,'leonardo_papa@hotmail.com'),(32,'Dago',2,'leonardo_papa@hotmail.com'),(33,'La Veloz',2,'leonardo_papa@hotmail.com'),(34,'Oca',2,'leonardo_papa@hotmail.com');
/*!40000 ALTER TABLE `ubicaciones` ENABLE KEYS */;
UNLOCK TABLES;

--
-- Temporary view structure for view `vista_motivos`
--

DROP TABLE IF EXISTS `vista_motivos`;
/*!50001 DROP VIEW IF EXISTS `vista_motivos`*/;
SET @saved_cs_client     = @@character_set_client;
/*!50503 SET character_set_client = utf8mb4 */;
/*!50001 CREATE VIEW `vista_motivos` AS SELECT 
 1 AS `causa`,
 1 AS `cantidad`*/;
SET character_set_client = @saved_cs_client;

--
-- Temporary view structure for view `vista_movimientos`
--

DROP TABLE IF EXISTS `vista_movimientos`;
/*!50001 DROP VIEW IF EXISTS `vista_movimientos`*/;
SET @saved_cs_client     = @@character_set_client;
/*!50503 SET character_set_client = utf8mb4 */;
/*!50001 CREATE VIEW `vista_movimientos` AS SELECT 
 1 AS `cuenta`,
 1 AS `fecha`,
 1 AS `estado`,
 1 AS `ubicacion`,
 1 AS `motivo`*/;
SET character_set_client = @saved_cs_client;

--
-- Temporary view structure for view `vista_tarjetas`
--

DROP TABLE IF EXISTS `vista_tarjetas`;
/*!50001 DROP VIEW IF EXISTS `vista_tarjetas`*/;
SET @saved_cs_client     = @@character_set_client;
/*!50503 SET character_set_client = utf8mb4 */;
/*!50001 CREATE VIEW `vista_tarjetas` AS SELECT 
 1 AS `cliente`,
 1 AS `fecha_emision`,
 1 AS `estado_id`,
 1 AS `estado`,
 1 AS `fecha_estado`,
 1 AS `motivo`,
 1 AS `ubicacion_id`,
 1 AS `ubicacion`*/;
SET character_set_client = @saved_cs_client;

--
-- Dumping events for database 'tarjetas'
--

--
-- Dumping routines for database 'tarjetas'
--
/*!50003 DROP PROCEDURE IF EXISTS `efectiv` */;
/*!50003 SET @saved_cs_client      = @@character_set_client */ ;
/*!50003 SET @saved_cs_results     = @@character_set_results */ ;
/*!50003 SET @saved_col_connection = @@collation_connection */ ;
/*!50003 SET character_set_client  = utf8mb4 */ ;
/*!50003 SET character_set_results = utf8mb4 */ ;
/*!50003 SET collation_connection  = utf8mb4_0900_ai_ci */ ;
/*!50003 SET @saved_sql_mode       = @@sql_mode */ ;
/*!50003 SET sql_mode              = 'STRICT_TRANS_TABLES,NO_ENGINE_SUBSTITUTION' */ ;
DELIMITER ;;
CREATE DEFINER=`root`@`localhost` PROCEDURE `efectiv`(
    IN fecha_inicial DATE,
    IN fecha_final DATE
)
BEGIN
    CREATE TEMPORARY TABLE IF NOT EXISTS temp_efectividad (
        mes VARCHAR(7),
        total_piezas INT,
        entregadas INT,
        devueltas INT,
        porcentaje_entregadas DECIMAL(5,2),
        porcentaje_devueltas DECIMAL(5,2)
    );
    
    INSERT INTO temp_efectividad
    SELECT
        CONCAT(YEAR(fecha), '-', LPAD(MONTH(fecha), 2, '0')) AS mes,    
        COUNT(*) AS total_piezas,
        SUM(CASE WHEN estado = 7 THEN 1 ELSE 0 END) AS entregadas,
        SUM(CASE WHEN estado = 3 THEN 1 ELSE 0 END) AS devueltas,
        ROUND(SUM(CASE WHEN estado = 7 THEN 1 ELSE 0 END) / COUNT(*) * 100, 2) AS porcentaje_entregadas,
        ROUND(SUM(CASE WHEN estado = 3 THEN 1 ELSE 0 END) / COUNT(*) * 100, 2) AS porcentaje_devueltas
    FROM
        movimientos
    WHERE
        estado IN (7, 3)
        AND fecha BETWEEN fecha_inicial AND fecha_final
    GROUP BY
        mes
    ORDER BY
        mes;

    SELECT * FROM temp_efectividad;
    
    DROP TEMPORARY TABLE IF EXISTS temp_efectividad;
END ;;
DELIMITER ;
/*!50003 SET sql_mode              = @saved_sql_mode */ ;
/*!50003 SET character_set_client  = @saved_cs_client */ ;
/*!50003 SET character_set_results = @saved_cs_results */ ;
/*!50003 SET collation_connection  = @saved_col_connection */ ;
/*!50003 DROP PROCEDURE IF EXISTS `efectiv_correo` */;
/*!50003 SET @saved_cs_client      = @@character_set_client */ ;
/*!50003 SET @saved_cs_results     = @@character_set_results */ ;
/*!50003 SET @saved_col_connection = @@collation_connection */ ;
/*!50003 SET character_set_client  = utf8mb4 */ ;
/*!50003 SET character_set_results = utf8mb4 */ ;
/*!50003 SET collation_connection  = utf8mb4_0900_ai_ci */ ;
/*!50003 SET @saved_sql_mode       = @@sql_mode */ ;
/*!50003 SET sql_mode              = 'STRICT_TRANS_TABLES,NO_ENGINE_SUBSTITUTION' */ ;
DELIMITER ;;
CREATE DEFINER=`root`@`localhost` PROCEDURE `efectiv_correo`(
    IN fecha_inicial DATE,
    IN fecha_final DATE,
    IN correo INT
)
BEGIN
    CREATE TEMPORARY TABLE IF NOT EXISTS temp_efectividad (
        mes VARCHAR(7),
        total_piezas INT,
        entregadas INT,
        devueltas INT,
        porcentaje_entregadas DECIMAL(5,2),
        porcentaje_devueltas DECIMAL(5,2)
    );
    
    INSERT INTO temp_efectividad
    SELECT
        CONCAT(YEAR(fecha), '-', LPAD(MONTH(fecha), 2, '0')) AS mes,    
        COUNT(*) AS total_piezas,
        SUM(CASE WHEN estado = 7 THEN 1 ELSE 0 END) AS entregadas,
        SUM(CASE WHEN estado = 3 THEN 1 ELSE 0 END) AS devueltas,
        ROUND(SUM(CASE WHEN estado = 7 THEN 1 ELSE 0 END) / COUNT(*) * 100, 2) AS porcentaje_entregadas,
        ROUND(SUM(CASE WHEN estado = 3 THEN 1 ELSE 0 END) / COUNT(*) * 100, 2) AS porcentaje_devueltas
    FROM
        movimientos
    WHERE
        estado IN (7, 3)
        AND fecha BETWEEN fecha_inicial AND fecha_final
        AND ubicacion = correo
    GROUP BY
        mes
    ORDER BY
        mes;

    SELECT * FROM temp_efectividad;
    
    DROP TEMPORARY TABLE IF EXISTS temp_efectividad;
END ;;
DELIMITER ;
/*!50003 SET sql_mode              = @saved_sql_mode */ ;
/*!50003 SET character_set_client  = @saved_cs_client */ ;
/*!50003 SET character_set_results = @saved_cs_results */ ;
/*!50003 SET collation_connection  = @saved_col_connection */ ;
/*!50003 DROP PROCEDURE IF EXISTS `motivos` */;
/*!50003 SET @saved_cs_client      = @@character_set_client */ ;
/*!50003 SET @saved_cs_results     = @@character_set_results */ ;
/*!50003 SET @saved_col_connection = @@collation_connection */ ;
/*!50003 SET character_set_client  = utf8mb4 */ ;
/*!50003 SET character_set_results = utf8mb4 */ ;
/*!50003 SET collation_connection  = utf8mb4_0900_ai_ci */ ;
/*!50003 SET @saved_sql_mode       = @@sql_mode */ ;
/*!50003 SET sql_mode              = 'STRICT_TRANS_TABLES,NO_ENGINE_SUBSTITUTION' */ ;
DELIMITER ;;
CREATE DEFINER=`root`@`localhost` PROCEDURE `motivos`(
    IN fecha_inicial DATE,
    IN fecha_final DATE
)
BEGIN
    select motivos.nombre causa, count(*) as cantidad from movimientos
	inner join motivos on movimientos.motivo = motivos.id
    WHERE movimientos.fecha BETWEEN fecha_inicial AND fecha_final
    GROUP BY causa
order by cantidad;
END ;;
DELIMITER ;
/*!50003 SET sql_mode              = @saved_sql_mode */ ;
/*!50003 SET character_set_client  = @saved_cs_client */ ;
/*!50003 SET character_set_results = @saved_cs_results */ ;
/*!50003 SET collation_connection  = @saved_col_connection */ ;
/*!50003 DROP PROCEDURE IF EXISTS `rapidez` */;
/*!50003 SET @saved_cs_client      = @@character_set_client */ ;
/*!50003 SET @saved_cs_results     = @@character_set_results */ ;
/*!50003 SET @saved_col_connection = @@collation_connection */ ;
/*!50003 SET character_set_client  = utf8mb4 */ ;
/*!50003 SET character_set_results = utf8mb4 */ ;
/*!50003 SET collation_connection  = utf8mb4_0900_ai_ci */ ;
/*!50003 SET @saved_sql_mode       = @@sql_mode */ ;
/*!50003 SET sql_mode              = 'STRICT_TRANS_TABLES,NO_ENGINE_SUBSTITUTION' */ ;
DELIMITER ;;
CREATE DEFINER=`root`@`localhost` PROCEDURE `rapidez`(
    IN fecha_inicial DATE,
    IN fecha_final DATE
)
BEGIN
    CREATE TEMPORARY TABLE IF NOT EXISTS temp_rapidez (
        mes VARCHAR(7),
        total_piezas INT,        
        rapidez DECIMAL(7,4)        
    );
    
    INSERT INTO temp_rapidez
    SELECT
        CONCAT(YEAR(fecha_imposicion), '-', LPAD(MONTH(fecha_imposicion), 2, '0')) AS mes,    
		COUNT(*) AS total_piezas,
		AVG(datediff(fecha_rendicion, fecha_imposicion)) AS rapidez  
    FROM
        tarjetas
    WHERE
        fecha_imposicion IS NOT NULL AND fecha_rendicion IS NOT NULL
        AND fecha_imposicion BETWEEN fecha_inicial AND fecha_final
    GROUP BY
        mes
    ORDER BY
        mes;

    SELECT * FROM temp_rapidez;
    
    DROP TEMPORARY TABLE IF EXISTS temp_rapidez;
END ;;
DELIMITER ;
/*!50003 SET sql_mode              = @saved_sql_mode */ ;
/*!50003 SET character_set_client  = @saved_cs_client */ ;
/*!50003 SET character_set_results = @saved_cs_results */ ;
/*!50003 SET collation_connection  = @saved_col_connection */ ;
/*!50003 DROP PROCEDURE IF EXISTS `rapidez_correo` */;
/*!50003 SET @saved_cs_client      = @@character_set_client */ ;
/*!50003 SET @saved_cs_results     = @@character_set_results */ ;
/*!50003 SET @saved_col_connection = @@collation_connection */ ;
/*!50003 SET character_set_client  = utf8mb4 */ ;
/*!50003 SET character_set_results = utf8mb4 */ ;
/*!50003 SET collation_connection  = utf8mb4_0900_ai_ci */ ;
/*!50003 SET @saved_sql_mode       = @@sql_mode */ ;
/*!50003 SET sql_mode              = 'STRICT_TRANS_TABLES,NO_ENGINE_SUBSTITUTION' */ ;
DELIMITER ;;
CREATE DEFINER=`root`@`localhost` PROCEDURE `rapidez_correo`(
    IN fecha_inicial DATE,
    IN fecha_final DATE,
    IN correo INT
)
BEGIN
    CREATE TEMPORARY TABLE IF NOT EXISTS temp_rapidez (
        mes VARCHAR(7),
        total_piezas INT,        
        rapidez DECIMAL(7,4)        
    );
    
    INSERT INTO temp_rapidez
    SELECT
        CONCAT(YEAR(fecha_imposicion), '-', LPAD(MONTH(fecha_imposicion), 2, '0')) AS mes,    
		COUNT(*) AS total_piezas,
		AVG(datediff(fecha_rendicion, fecha_imposicion)) AS rapidez        
    FROM
        tarjetas        
        inner join movimientos on tarjetas.pieza = movimientos.pieza
    WHERE
        fecha_imposicion IS NOT NULL AND fecha_rendicion IS NOT NULL
        AND fecha_imposicion BETWEEN fecha_inicial AND fecha_final
        AND movimientos.estado = 2
		AND movimientos.ubicacion = correo
    GROUP BY
        mes
    ORDER BY
        mes;

    SELECT * FROM temp_rapidez;
    
    DROP TEMPORARY TABLE IF EXISTS temp_rapidez;
END ;;
DELIMITER ;
/*!50003 SET sql_mode              = @saved_sql_mode */ ;
/*!50003 SET character_set_client  = @saved_cs_client */ ;
/*!50003 SET character_set_results = @saved_cs_results */ ;
/*!50003 SET collation_connection  = @saved_col_connection */ ;
/*!50003 DROP PROCEDURE IF EXISTS `tarjetas_x_estado_impos` */;
/*!50003 SET @saved_cs_client      = @@character_set_client */ ;
/*!50003 SET @saved_cs_results     = @@character_set_results */ ;
/*!50003 SET @saved_col_connection = @@collation_connection */ ;
/*!50003 SET character_set_client  = utf8mb4 */ ;
/*!50003 SET character_set_results = utf8mb4 */ ;
/*!50003 SET collation_connection  = utf8mb4_0900_ai_ci */ ;
/*!50003 SET @saved_sql_mode       = @@sql_mode */ ;
/*!50003 SET sql_mode              = 'STRICT_TRANS_TABLES,NO_ENGINE_SUBSTITUTION' */ ;
DELIMITER ;;
CREATE DEFINER=`root`@`localhost` PROCEDURE `tarjetas_x_estado_impos`(
    IN fecha_inicial DATE,
    IN fecha_final DATE
)
BEGIN
    SELECT estados.nombre AS estado, COUNT(*) AS cantidad
    FROM tarjetas.tarjetas
    INNER JOIN tarjetas.estados ON tarjetas.estado = estados.id
    WHERE tarjetas.fecha_imposicion BETWEEN fecha_inicial AND fecha_final
    GROUP BY estados.nombre;
END ;;
DELIMITER ;
/*!50003 SET sql_mode              = @saved_sql_mode */ ;
/*!50003 SET character_set_client  = @saved_cs_client */ ;
/*!50003 SET character_set_results = @saved_cs_results */ ;
/*!50003 SET collation_connection  = @saved_col_connection */ ;
/*!50003 DROP PROCEDURE IF EXISTS `tarjetas_x_estado_rend` */;
/*!50003 SET @saved_cs_client      = @@character_set_client */ ;
/*!50003 SET @saved_cs_results     = @@character_set_results */ ;
/*!50003 SET @saved_col_connection = @@collation_connection */ ;
/*!50003 SET character_set_client  = utf8mb4 */ ;
/*!50003 SET character_set_results = utf8mb4 */ ;
/*!50003 SET collation_connection  = utf8mb4_0900_ai_ci */ ;
/*!50003 SET @saved_sql_mode       = @@sql_mode */ ;
/*!50003 SET sql_mode              = 'STRICT_TRANS_TABLES,NO_ENGINE_SUBSTITUTION' */ ;
DELIMITER ;;
CREATE DEFINER=`root`@`localhost` PROCEDURE `tarjetas_x_estado_rend`(
    IN fecha_inicial DATE,
    IN fecha_final DATE
)
BEGIN
    SELECT estados.nombre AS estado, COUNT(*) AS cantidad
    FROM tarjetas.tarjetas
    INNER JOIN tarjetas.estados ON tarjetas.estado = estados.id
    WHERE tarjetas.fecha_rendicion BETWEEN fecha_inicial AND fecha_final
    GROUP BY estados.nombre;
END ;;
DELIMITER ;
/*!50003 SET sql_mode              = @saved_sql_mode */ ;
/*!50003 SET character_set_client  = @saved_cs_client */ ;
/*!50003 SET character_set_results = @saved_cs_results */ ;
/*!50003 SET collation_connection  = @saved_col_connection */ ;

--
-- Final view structure for view `rapidez_x_fecha_imposicion`
--

/*!50001 DROP VIEW IF EXISTS `rapidez_x_fecha_imposicion`*/;
/*!50001 SET @saved_cs_client          = @@character_set_client */;
/*!50001 SET @saved_cs_results         = @@character_set_results */;
/*!50001 SET @saved_col_connection     = @@collation_connection */;
/*!50001 SET character_set_client      = utf8mb4 */;
/*!50001 SET character_set_results     = utf8mb4 */;
/*!50001 SET collation_connection      = utf8mb4_0900_ai_ci */;
/*!50001 CREATE ALGORITHM=UNDEFINED */
/*!50013 DEFINER=`root`@`localhost` SQL SECURITY DEFINER */
/*!50001 VIEW `rapidez_x_fecha_imposicion` AS select concat(year(`tarjetas`.`fecha_imposicion`),'-',lpad(month(`tarjetas`.`fecha_imposicion`),2,'0')) AS `mes`,count(0) AS `total_piezas`,avg((to_days(`tarjetas`.`fecha_rendicion`) - to_days(`tarjetas`.`fecha_imposicion`))) AS `rapidez` from `tarjetas` where ((`tarjetas`.`fecha_imposicion` is not null) and (`tarjetas`.`fecha_rendicion` is not null)) group by `mes` order by `mes` */;
/*!50001 SET character_set_client      = @saved_cs_client */;
/*!50001 SET character_set_results     = @saved_cs_results */;
/*!50001 SET collation_connection      = @saved_col_connection */;

--
-- Final view structure for view `rapidez_x_fecha_rendicion`
--

/*!50001 DROP VIEW IF EXISTS `rapidez_x_fecha_rendicion`*/;
/*!50001 SET @saved_cs_client          = @@character_set_client */;
/*!50001 SET @saved_cs_results         = @@character_set_results */;
/*!50001 SET @saved_col_connection     = @@collation_connection */;
/*!50001 SET character_set_client      = utf8mb4 */;
/*!50001 SET character_set_results     = utf8mb4 */;
/*!50001 SET collation_connection      = utf8mb4_0900_ai_ci */;
/*!50001 CREATE ALGORITHM=UNDEFINED */
/*!50013 DEFINER=`root`@`localhost` SQL SECURITY DEFINER */
/*!50001 VIEW `rapidez_x_fecha_rendicion` AS select concat(year(`tarjetas`.`fecha_rendicion`),'-',lpad(month(`tarjetas`.`fecha_rendicion`),2,'0')) AS `mes`,avg((`tarjetas`.`fecha_rendicion` - `tarjetas`.`fecha_imposicion`)) AS `rapidez` from `tarjetas` */;
/*!50001 SET character_set_client      = @saved_cs_client */;
/*!50001 SET character_set_results     = @saved_cs_results */;
/*!50001 SET collation_connection      = @saved_col_connection */;

--
-- Final view structure for view `vista_motivos`
--

/*!50001 DROP VIEW IF EXISTS `vista_motivos`*/;
/*!50001 SET @saved_cs_client          = @@character_set_client */;
/*!50001 SET @saved_cs_results         = @@character_set_results */;
/*!50001 SET @saved_col_connection     = @@collation_connection */;
/*!50001 SET character_set_client      = utf8mb4 */;
/*!50001 SET character_set_results     = utf8mb4 */;
/*!50001 SET collation_connection      = utf8mb4_0900_ai_ci */;
/*!50001 CREATE ALGORITHM=UNDEFINED */
/*!50013 DEFINER=`root`@`localhost` SQL SECURITY DEFINER */
/*!50001 VIEW `vista_motivos` AS select `motivos`.`nombre` AS `causa`,count(0) AS `cantidad` from (`movimientos` join `motivos` on((`movimientos`.`motivo` = `motivos`.`id`))) group by `causa` order by `cantidad` */;
/*!50001 SET character_set_client      = @saved_cs_client */;
/*!50001 SET character_set_results     = @saved_cs_results */;
/*!50001 SET collation_connection      = @saved_col_connection */;

--
-- Final view structure for view `vista_movimientos`
--

/*!50001 DROP VIEW IF EXISTS `vista_movimientos`*/;
/*!50001 SET @saved_cs_client          = @@character_set_client */;
/*!50001 SET @saved_cs_results         = @@character_set_results */;
/*!50001 SET @saved_col_connection     = @@collation_connection */;
/*!50001 SET character_set_client      = utf8mb4 */;
/*!50001 SET character_set_results     = utf8mb4 */;
/*!50001 SET collation_connection      = utf8mb4_0900_ai_ci */;
/*!50001 CREATE ALGORITHM=UNDEFINED */
/*!50013 DEFINER=`root`@`localhost` SQL SECURITY DEFINER */
/*!50001 VIEW `vista_movimientos` AS select `m`.`tarjeta` AS `cuenta`,`m`.`fecha` AS `fecha`,`e`.`nombre` AS `estado`,`u`.`nombre` AS `ubicacion`,`m2`.`nombre` AS `motivo` from (((`movimientos` `m` left join `estados` `e` on((`m`.`estado` = `e`.`id`))) left join `ubicaciones` `u` on((`m`.`ubicacion` = `u`.`id`))) left join `motivos` `m2` on((`m`.`motivo` = `m2`.`id`))) */;
/*!50001 SET character_set_client      = @saved_cs_client */;
/*!50001 SET character_set_results     = @saved_cs_results */;
/*!50001 SET collation_connection      = @saved_col_connection */;

--
-- Final view structure for view `vista_tarjetas`
--

/*!50001 DROP VIEW IF EXISTS `vista_tarjetas`*/;
/*!50001 SET @saved_cs_client          = @@character_set_client */;
/*!50001 SET @saved_cs_results         = @@character_set_results */;
/*!50001 SET @saved_col_connection     = @@collation_connection */;
/*!50001 SET character_set_client      = utf8mb4 */;
/*!50001 SET character_set_results     = utf8mb4 */;
/*!50001 SET collation_connection      = utf8mb4_0900_ai_ci */;
/*!50001 CREATE ALGORITHM=UNDEFINED */
/*!50013 DEFINER=`root`@`localhost` SQL SECURITY DEFINER */
/*!50001 VIEW `vista_tarjetas` AS select `t`.`cliente` AS `cliente`,`t`.`fecha_emision` AS `fecha_emision`,`e`.`id` AS `estado_id`,`e`.`nombre` AS `estado`,`t`.`fecha_estado` AS `fecha_estado`,`m`.`nombre` AS `motivo`,`u`.`id` AS `ubicacion_id`,`u`.`nombre` AS `ubicacion` from (((`tarjetas` `t` left join `estados` `e` on((`t`.`estado` = `e`.`id`))) left join `motivos` `m` on((`t`.`motivo` = `m`.`id`))) left join `ubicaciones` `u` on((`t`.`ubicacion` = `u`.`id`))) */;
/*!50001 SET character_set_client      = @saved_cs_client */;
/*!50001 SET character_set_results     = @saved_cs_results */;
/*!50001 SET collation_connection      = @saved_col_connection */;
/*!40103 SET TIME_ZONE=@OLD_TIME_ZONE */;

/*!40101 SET SQL_MODE=@OLD_SQL_MODE */;
/*!40014 SET FOREIGN_KEY_CHECKS=@OLD_FOREIGN_KEY_CHECKS */;
/*!40014 SET UNIQUE_CHECKS=@OLD_UNIQUE_CHECKS */;
/*!40101 SET CHARACTER_SET_CLIENT=@OLD_CHARACTER_SET_CLIENT */;
/*!40101 SET CHARACTER_SET_RESULTS=@OLD_CHARACTER_SET_RESULTS */;
/*!40101 SET COLLATION_CONNECTION=@OLD_COLLATION_CONNECTION */;
/*!40111 SET SQL_NOTES=@OLD_SQL_NOTES */;

-- Dump completed on 2024-03-06 22:44:49
